listing_id,make,model,year,fuel_type,transmission,horsepower,mileage_km,price_eur,link
11787252280927391,Skoda,Octavia,2009,Diesel,Manual,140,257000,3300.0,https://www.mobile.bg/obiava-11787252280927391-skoda-octavia-2-0tdi-4x4
11790247679059638,Skoda,Octavia,2007,Diesel,Manual,105,126000,3500.0,https://www.mobile.bg/obiava-11790247679059638-skoda-octavia-1-9tdi-105ks
11774429583243340,Skoda,Octavia,2006,Diesel,Manual,170,342000,3850.0,https://www.mobile.bg/obiava-11774429583243340-skoda-octavia-2-0-tdi-vrs-170ks
11789028466561883,Skoda,Octavia,2009,Diesel,Automatic,105,185000,5490.0,https://www.mobile.bg/obiava-11789028466561883-skoda-octavia-1-9-tdi
11766164687866246,Skoda,Octavia,2012,Diesel,Automatic,140,186000,5499.0,https://www.mobile.bg/obiava-11766164687866246-skoda-octavia-2-0tdi-dsg-4x4
11788695696164652,Skoda,Octavia,2017,Gas/LPG,Automatic,110,185487,5500.0,https://www.mobile.bg/obiava-11788695696164652-skoda-octavia-tgi-full-led-fabrichen-metan
11785765062414576,Skoda,Octavia,2010,Diesel,Automatic,170,181000,5950.0,https://www.mobile.bg/obiava-11785765062414576-skoda-octavia-vrs-avtomatik
11776142783744822,Skoda,Octavia,2017,Diesel,Manual,116,183742,7100.0,https://www.mobile.bg/obiava-11776142783744822-skoda-octavia-1-6-116k-s-navi-kozha
11778497269598533,Skoda,Octavia,2015,Diesel,Automatic,150,221935,7999.0,https://www.mobile.bg/obiava-11778497269598533-skoda-octavia-2-0-tdi-s-dds
11790606648348487,Skoda,Octavia,2018,Diesel,Manual,116,139000,8700.0,https://www.mobile.bg/obiava-11790606648348487-skoda-octavia-1-6-116ks-evro6-139000km
11775289163574315,Skoda,Octavia,2013,Diesel,Automatic,184,251000,8948.0,https://www.mobile.bg/obiava-11775289163574315-skoda-octavia-vrs
11790580250676606,Skoda,Octavia,2015,Diesel,Automatic,184,310000,9000.0,https://www.mobile.bg/obiava-11790580250676606-skoda-octavia-scout-4x4-dsg6
11790154880677746,Skoda,Octavia,2014,Diesel,Manual,150,184990,9000.0,https://www.mobile.bg/obiava-11790154880677746-skoda-octavia-2-0-tdi-napalno-obsluzhena-v-euratek
11773485673041636,Skoda,Octavia,2017,Diesel,Automatic,150,188000,9200.0,https://www.mobile.bg/obiava-11773485673041636-skoda-octavia-2-0tdi-dsg
11789822634059415,Skoda,Octavia,2014,Petrol,Automatic,140,253000,9790.0,https://www.mobile.bg/obiava-11789822634059415-skoda-octavia
11790098811890602,Skoda,Octavia,2015,Petrol,Automatic,180,210000,9818.0,https://www.mobile.bg/obiava-11790098811890602-skoda-octavia-avtomat-hatchback
11778323894433323,Skoda,Octavia,2019,Diesel,Automatic,116,137270,9999.0,https://www.mobile.bg/obiava-11778323894433323-skoda-octavia-1-6tdi-116ksdsg-full-ekstri
11787819111820020,Skoda,Octavia,2016,Diesel,Automatic,184,199064,10100.0,https://www.mobile.bg/obiava-11787819111820020-skoda-octavia-2-0-vrs-184-k-s
11772100944980072,Skoda,Octavia,2020,Petrol,Automatic,131,193000,10999.0,https://www.mobile.bg/obiava-11772100944980072-skoda-octavia-1-5-g-tec-dsg-facelift-led-navi
21787642725860558,Skoda,Octavia,2019,Diesel,Automatic,150,220000,10999.0,https://www.mobile.bg/obiava-21787642725860558-skoda-octavia-2-0tdi-realni-km-dsg-sport-line
11787138907474222,Skoda,Octavia,2019,Diesel,Automatic,185,204000,12500.0,https://www.mobile.bg/obiava-11787138907474222-skoda-octavia-2-0-tdi-185-k-s-4x4-dsg-pechka-panorama
11790784680483876,Skoda,Octavia,2022,Diesel,Automatic,150,199543,12899.0,https://www.mobile.bg/obiava-11790784680483876-skoda-octavia-skoda-octavia-2000tdi-ambition
11773157959425296,Skoda,Octavia,2022,Diesel,Manual,150,229000,12999.0,https://www.mobile.bg/obiava-11773157959425296-skoda-octavia-2-0d-rachka-led-digital
11787645925030304,Skoda,Octavia,2022,Petrol,Automatic,130,145204,13700.0,https://www.mobile.bg/obiava-11787645925030304-skoda-octavia-tgi-1-5-dsg-kato-nova-fabrichen-metan
11789489825425996,Skoda,Octavia,2022,Diesel,Automatic,115,213300,13880.0,https://www.mobile.bg/obiava-11789489825425996-skoda-octavia-2-0-tdi-automatic-dsg-digital-cockpit
11784709607800143,Skoda,Octavia,2021,Diesel,Automatic,116,168399,13900.0,https://www.mobile.bg/obiava-11784709607800143-skoda-octavia-2-0-disel
11790343477952973,Skoda,Octavia,2021,Diesel,Manual,115,201000,13990.0,https://www.mobile.bg/obiava-11790343477952973-skoda-octavia-2-0-tdi-mesechna-vnoska-ot-199
11790353975041773,Skoda,Octavia,2020,Diesel,Automatic,150,95000,14500.0,https://www.mobile.bg/obiava-11790353975041773-skoda-octavia-vision
11790535263367370,Skoda,Octavia,2020,Petrol,Automatic,150,137000,14800.0,https://www.mobile.bg/obiava-11790535263367370-skoda-octavia
11790326333724440,Skoda,Octavia,2021,Diesel,Manual,116,124155,14995.0,https://www.mobile.bg/obiava-11790326333724440-skoda-octavia-sw-2-0tdi-active
11786023986502957,Skoda,Octavia,2022,Diesel,Automatic,150,160000,15200.0,https://www.mobile.bg/obiava-11786023986502957-skoda-octavia-combi-2-0-tdi
11780482288922551,Skoda,Octavia,2020,Diesel,Automatic,150,142673,15650.0,https://www.mobile.bg/obiava-11780482288922551-skoda-octavia-2-0tdi-150hp-142hil-matrih-podgrev-palna-istoriya
11790703577495908,Skoda,Octavia,2019,Diesel,Manual,150,76000,15900.0,https://www.mobile.bg/obiava-11790703577495908-skoda-octavia
11789890762841573,Skoda,Octavia,2021,Petrol,Manual,150,117379,16800.0,https://www.mobile.bg/obiava-11789890762841573-skoda-octavia-1-5-tsi-150-k-s-2021-117-379-km
11786358227749317,Skoda,Octavia,2026,Diesel,Automatic,150,10400,17000.0,https://www.mobile.bg/obiava-11786358227749317-skoda-octavia-edition-130-lizing
11740159611881383,Skoda,Octavia,2019,Diesel,Automatic,150,134435,19660.0,https://www.mobile.bg/obiava-11740159611881383-skoda-octavia-s-garantsiya-4h4-a-t-2-0tdi-150ks
11766865945885548,Skoda,Octavia,2021,Diesel,Automatic,150,199999,19999.0,https://www.mobile.bg/obiava-11766865945885548-skoda-octavia-2-0tdi-distr-panorama-camera-matrix-keyless-full
11781958172296243,Skoda,Octavia,2024,Diesel,Automatic,116,90715,20800.0,https://www.mobile.bg/obiava-11781958172296243-skoda-octavia-2-0-tdi-executive
11787520883854613,Skoda,Octavia,2022,Diesel,Automatic,150,166000,22500.0,https://www.mobile.bg/obiava-11787520883854613-skoda-octavia-2-0tdi-150k-s-4h4-panorama-head-up-matrix
11790247934474309,Skoda,Octavia,2022,Diesel,Automatic,200,180000,23880.0,https://www.mobile.bg/obiava-11790247934474309-skoda-octavia-vrs-2-0d-dsg-maxton-acc-plus-kamera-waze-crystal
11790071655486550,Skoda,Octavia,2022,Diesel,Automatic,200,186000,24880.0,https://www.mobile.bg/obiava-11790071655486550-skoda-octavia-vrs-plus-2-0d-4x4-sedan-hud-kamera-alkantara-masazh
11770326094493820,Skoda,Octavia,2022,Diesel,Automatic,200,84262,25995.0,https://www.mobile.bg/obiava-11770326094493820-skoda-octavia-vrs-2-0tdi-200ks-4h4-digit-distr-matrix
11777923913956367,Skoda,Octavia,2022,Diesel,Automatic,200,179000,25999.0,https://www.mobile.bg/obiava-11777923913956367-skoda-octavia-2-0tdi-rs-crystal-distr-headup-canton-keyless
11781208329251787,Skoda,Octavia,2000,Petrol,Manual,150,203000,1200.0,https://www.mobile.bg/obiava-11781208329251787-skoda-octavia-1-8i-turbo
11784453428647626,Skoda,Octavia,2001,Diesel,Manual,90,217054,1250.0,https://www.mobile.bg/obiava-11784453428647626-skoda-octavia-nov-vnos-1-9-tdi-90k-s
11790771828052254,Skoda,Octavia,1998,Petrol,Manual,75,115000,1399.0,https://www.mobile.bg/obiava-11790771828052254-skoda-octavia-1-6i
11781670289958437,Skoda,Octavia,2009,Diesel,Manual,101,175000,1700.0,https://www.mobile.bg/obiava-11781670289958437-skoda-octavia-1-9-tdi-101kc-175000km
11790493120389265,Skoda,Octavia,2004,Diesel,Manual,90,262011,1999.0,https://www.mobile.bg/obiava-11790493120389265-skoda-octavia-1-9tdi-90-facelift-collection-edition
11787248196621966,Skoda,Octavia,2009,Diesel,Manual,101,192424,1999.0,https://www.mobile.bg/obiava-11787248196621966-skoda-octavia-1-9tdi-101-facelift-2009-nov-vnos
11778250407126701,Skoda,Octavia,2005,Petrol,Manual,200,254000,2600.0,https://www.mobile.bg/obiava-11778250407126701-skoda-octavia-2-0-i-wrs-200k-s
11781086681979301,Skoda,Octavia,2009,Petrol,Manual,122,285000,2600.0,https://www.mobile.bg/obiava-11781086681979301-skoda-octavia
11784135241597927,Skoda,Octavia,2007,Petrol,Manual,200,192337,2650.0,https://www.mobile.bg/obiava-11784135241597927-skoda-octavia-2-0i-turbo-200-vrs-edition-nov-vnos
11789135634520471,Skoda,Octavia,2006,Diesel,Manual,105,212453,2699.0,https://www.mobile.bg/obiava-11789135634520471-skoda-octavia-1-9-edition-100
11789497617826981,Skoda,Octavia,2004,Diesel,Manual,101,207000,2750.0,https://www.mobile.bg/obiava-11789497617826981-skoda-octavia-1-9tdi-101kc-4h4-feislift-207000km
11788356857062255,Skoda,Octavia,2006,Diesel,Manual,140,203000,2800.0,https://www.mobile.bg/obiava-11788356857062255-skoda-octavia-2-0tdi-140k-s-6-skorosti
11789929592415970,Skoda,Octavia,2009,Diesel,Manual,105,230000,2950.0,https://www.mobile.bg/obiava-11789929592415970-skoda-octavia-nov-vnos-1-9tdi-4x4-6-skorosti
11785050506971808,Skoda,Octavia,2008,Petrol,Manual,102,213000,2999.0,https://www.mobile.bg/obiava-11785050506971808-skoda-octavia-1-6-mpi-stariya-motor-102k-s-realni-km
11787561151138349,Skoda,Octavia,2002,Petrol,Manual,102,275000,3100.0,https://www.mobile.bg/obiava-11787561151138349-skoda-octavia-1-6i
11722920914941337,Skoda,Octavia,2007,Diesel,Manual,105,230000,3150.0,https://www.mobile.bg/obiava-11722920914941337-skoda-octavia-1-9-tdi-4h4-klima
11784282988353799,Skoda,Octavia,2008,Diesel,Manual,105,318974,3200.0,https://www.mobile.bg/obiava-11784282988353799-skoda-octavia-1-6
11740994826134855,Skoda,Octavia,2010,Diesel,Manual,105,254000,3200.0,https://www.mobile.bg/obiava-11740994826134855-skoda-octavia-1-6tdi-105k-c-elegance-euro5
11765971101947225,Skoda,Octavia,2013,Diesel,Automatic,105,315000,3250.0,https://www.mobile.bg/obiava-11765971101947225-skoda-octavia-1-6tdi-avtomat-euro-5
11788085307420147,Skoda,Octavia,2006,Diesel,Automatic,105,285555,3300.0,https://www.mobile.bg/obiava-11788085307420147-skoda-octavia
11790599334028064,Skoda,Octavia,2005,Diesel,Automatic,140,203654,3300.0,https://www.mobile.bg/obiava-11790599334028064-skoda-octavia-2-0-avtomatik
11781505967206859,Skoda,Octavia,2012,Diesel,Manual,105,175222,3300.0,https://www.mobile.bg/obiava-11781505967206859-skoda-octavia-1-6hdi-dizel
11758799040028423,Skoda,Octavia,2011,Petrol,Manual,105,198076,3350.0,https://www.mobile.bg/obiava-11758799040028423-skoda-octavia-1-2fsi-navi
11683095788524922,Skoda,Octavia,2008,Diesel,Manual,105,164000,3450.0,https://www.mobile.bg/obiava-11683095788524922-skoda-octavia-1-9-tdi-vrs-paket
11759262061068156,Skoda,Octavia,2010,Petrol,Manual,105,159953,3499.0,https://www.mobile.bg/obiava-11759262061068156-skoda-octavia-1-2turbo-105ks-159-000km-euro-5a-klimatronik
11788893645648513,Skoda,Octavia,2008,Diesel,Automatic,105,192000,3500.0,https://www.mobile.bg/obiava-11788893645648513-skoda-octavia
11777976330337677,Skoda,Octavia,2007,Diesel,Manual,105,218632,3600.0,https://www.mobile.bg/obiava-11777976330337677-skoda-octavia-1-9-tdi
11741176366094155,Skoda,Octavia,2007,Diesel,Automatic,105,239000,3600.0,https://www.mobile.bg/obiava-11741176366094155-skoda-octavia-1-9tdi-105k-s-avtomatik-shveytsariya
11759343193844451,Skoda,Octavia,2009,Petrol,Manual,160,199999,3600.0,https://www.mobile.bg/obiava-11759343193844451-skoda-octavia-1-8turbo-160ks-6-skorosti-euro-5a-vnos-italiya
11784735651340643,Skoda,Octavia,2008,Diesel,Manual,105,168500,3680.0,https://www.mobile.bg/obiava-11784735651340643-skoda-octavia-1-9-105-ks-4-4-klima-168h-km
11790274005624203,Skoda,Octavia,2010,Diesel,Manual,105,245765,3700.0,https://www.mobile.bg/obiava-11790274005624203-skoda-octavia-1-9tdi-facelift-klima-lizing-barter
11762871240998556,Skoda,Octavia,2011,Diesel,Manual,105,246000,3700.0,https://www.mobile.bg/obiava-11762871240998556-skoda-octavia-1-6tdi
11778895775499299,Skoda,Octavia,2008,Petrol,Manual,102,202943,3700.0,https://www.mobile.bg/obiava-11778895775499299-skoda-octavia-1-6i-102k-s-avtomat-navi-avtopilot-otlichna
11789218603741539,Skoda,Octavia,2009,Petrol,Manual,102,217500,3700.0,https://www.mobile.bg/obiava-11789218603741539-skoda-octavia-1-6mpi-lpg
11787659605695551,Skoda,Octavia,2010,Diesel,Manual,140,204000,3750.0,https://www.mobile.bg/obiava-11787659605695551-skoda-octavia-scout-2-0-tdi-4x4
11745500028654843,Skoda,Octavia,2012,Diesel,Manual,105,204000,3800.0,https://www.mobile.bg/obiava-11745500028654843-skoda-octavia-1-6-tdi-4x4-italy-klimatronik
11776262765268010,Skoda,Octavia,2009,Petrol,Manual,102,182000,3800.0,https://www.mobile.bg/obiava-11776262765268010-skoda-octavia-1-6-mpi-102-k-s
11789310690372610,Skoda,Octavia,2011,Diesel,Manual,105,207605,3850.0,https://www.mobile.bg/obiava-11789310690372610-skoda-octavia-1-6tdi-105p-s-4x4-navi-6-speed
11790616849507992,Skoda,Octavia,2012,Diesel,Manual,105,204696,3900.0,https://www.mobile.bg/obiava-11790616849507992-skoda-octavia-skoda-octavia-1-6-tdi-105-k-s-2012-g-204-696
11776691088606337,Skoda,Octavia,2010,Diesel,Manual,105,219000,3900.0,https://www.mobile.bg/obiava-11776691088606337-skoda-octavia-1-6tdi-italiya
11786195961316480,Skoda,Octavia,2010,Petrol,Manual,105,248000,3900.0,https://www.mobile.bg/obiava-11786195961316480-skoda-octavia-1-2-tsi
11778496223639609,Skoda,Octavia,2012,Diesel,Manual,105,155000,3999.0,https://www.mobile.bg/obiava-11778496223639609-skoda-octavia-155000-km
11788434483878665,Skoda,Octavia,2010,Diesel,Manual,105,217000,4000.0,https://www.mobile.bg/obiava-11788434483878665-skoda-octavia-1-6tdi-klimatronik-217h-km-italiya-top
11789844492299585,Skoda,Octavia,2011,Diesel,Manual,105,202000,4100.0,https://www.mobile.bg/obiava-11789844492299585-skoda-octavia-1-6
11790789194925922,Skoda,Octavia,2008,Diesel,Manual,105,223000,4100.0,https://www.mobile.bg/obiava-11790789194925922-skoda-octavia
11790703011215533,Skoda,Octavia,2011,Diesel,Automatic,105,178000,4200.0,https://www.mobile.bg/obiava-11790703011215533-skoda-octavia-1-9tdi-automat-italia
11786728286763494,Skoda,Octavia,2009,Diesel,Manual,140,241000,4200.0,https://www.mobile.bg/obiava-11786728286763494-skoda-octavia-scout-2-0tdi-ksenon-italiya
11776075747149749,Skoda,Octavia,2010,Diesel,Manual,105,341001,4250.0,https://www.mobile.bg/obiava-11776075747149749-skoda-octavia-1-6-tdi
11783627530723334,Skoda,Octavia,2012,Diesel,Manual,105,173758,4300.0,https://www.mobile.bg/obiava-11783627530723334-skoda-octavia-1-6tdi-105ks-4h4-6-skorosti-klimatronik
11769703451277078,Skoda,Octavia,2012,Petrol,Manual,160,204000,4300.0,https://www.mobile.bg/obiava-11769703451277078-skoda-octavia-1-8-4h4
11681282671127292,Skoda,Octavia,2010,Diesel,Automatic,105,189000,4343.0,https://www.mobile.bg/obiava-11681282671127292-skoda-octavia-1-6tdi-dsg7-lizing
11768208023193676,Skoda,Octavia,2010,Petrol,Manual,160,151000,4400.0,https://www.mobile.bg/obiava-11768208023193676-skoda-octavia-1-8-160-k-s-4-4
11762356673244928,Skoda,Octavia,2009,Petrol,Manual,80,144560,4444.0,https://www.mobile.bg/obiava-11762356673244928-skoda-octavia-1-4i-80ks
11790756809443685,Skoda,Octavia,2011,Diesel,Manual,105,183000,4500.0,https://www.mobile.bg/obiava-11790756809443685-skoda-octavia
11775564809065937,Skoda,Octavia,2009,Diesel,Manual,105,233000,4500.0,https://www.mobile.bg/obiava-11775564809065937-skoda-octavia-1-9tdi-4x4
11557036132683265,Skoda,Octavia,2011,Diesel,Manual,105,128000,4601.0,https://www.mobile.bg/obiava-11557036132683265-skoda-octavia-1-6-tdi-swiss
11790492276028182,Skoda,Octavia,2012,Petrol,Manual,102,150500,4690.0,https://www.mobile.bg/obiava-11790492276028182-skoda-octavia-1-6-mpi-102-ps-kombi
11790272432043406,Skoda,Octavia,2013,Diesel,Manual,105,200795,4790.0,https://www.mobile.bg/obiava-11790272432043406-skoda-octavia-1-6-dizel-105-k-s-unikalno-sastoyanie-kato-nova
11786633041045482,Skoda,Octavia,2009,Petrol,Manual,102,188000,4799.0,https://www.mobile.bg/obiava-11786633041045482-skoda-octavia-1-6mpi-gaz
11781694537067428,Skoda,Octavia,2012,Petrol,Manual,160,187000,4900.0,https://www.mobile.bg/obiava-11781694537067428-skoda-octavia-1-8tsi-160k-s-2012g-evro-5-187000km
11741719156369915,Skoda,Octavia,2014,Diesel,Manual,105,160657,4900.0,https://www.mobile.bg/obiava-11741719156369915-skoda-octavia-1-6-tdi
11787816972301489,Skoda,Octavia,2008,Diesel,Automatic,140,173966,4900.0,https://www.mobile.bg/obiava-11787816972301489-skoda-octavia-dsg-bixenon-euro4-vrs-optick
11765020785417192,Skoda,Octavia,2008,Diesel,Manual,170,187633,4990.0,https://www.mobile.bg/obiava-11765020785417192-skoda-octavia-vrs-2-0tdi-shveytsariya-kozha-ksenon
11780752718169685,Skoda,Octavia,2007,Diesel,Manual,170,184715,4990.0,https://www.mobile.bg/obiava-11780752718169685-skoda-octavia-vrs-2-0tdi-shveytsariya-kozha-ksenon
11773139870729156,Skoda,Octavia,2011,Diesel,Manual,105,204102,4999.0,https://www.mobile.bg/obiava-11773139870729156-skoda-octavia-1-9-nov-vnos-top-sastoyanie-realna-barter
11790704163865372,Skoda,Octavia,2010,Diesel,Manual,140,203000,4999.0,https://www.mobile.bg/obiava-11790704163865372-skoda-octavia-2-0tdi-4x4-scout-bmm-140ks
11789325028350722,Skoda,Octavia,2009,Diesel,Automatic,105,236000,5199.0,https://www.mobile.bg/obiava-11789325028350722-skoda-octavia-1-9tdi-105k-s-dsg-facelift-navi-podgrev
11788595301711574,Skoda,Octavia,2013,Diesel,Automatic,105,202343,5200.0,https://www.mobile.bg/obiava-11788595301711574-skoda-octavia
11783429825556515,Skoda,Octavia,2010,Diesel,Manual,105,186000,5200.0,https://www.mobile.bg/obiava-11783429825556515-skoda-octavia-serv-dok
11787486786769411,Skoda,Octavia,2017,Petrol,Automatic,110,219100,5250.0,https://www.mobile.bg/obiava-11787486786769411-skoda-octavia-1-4-g-tec
11785151248791998,Skoda,Octavia,2007,Diesel,Manual,105,251600,5300.0,https://www.mobile.bg/obiava-11785151248791998-skoda-octavia
11777050914921989,Skoda,Octavia,2012,Diesel,Manual,140,213000,5350.0,https://www.mobile.bg/obiava-11777050914921989-skoda-octavia-2-0tdi-140kc-scout
11787219228291850,Skoda,Octavia,2013,Diesel,Manual,105,168000,5350.0,https://www.mobile.bg/obiava-11787219228291850-skoda-octavia-lizing-dizel-klima
11770990248010670,Skoda,Octavia,2010,Diesel,Manual,140,213160,5500.0,https://www.mobile.bg/obiava-11770990248010670-skoda-octavia-skout-2-0-tdi-140-k-s
11761025894856183,Skoda,Octavia,2009,Diesel,Automatic,140,190000,5555.0,https://www.mobile.bg/obiava-11761025894856183-skoda-octavia-2-0-tdi
11788544792431086,Skoda,Octavia,2015,Diesel,Manual,110,186346,5600.0,https://www.mobile.bg/obiava-11788544792431086-skoda-octavia-1-6tdi-navi-euro6
11741956500998206,Skoda,Octavia,2013,Diesel,Automatic,140,190000,5700.0,https://www.mobile.bg/obiava-11741956500998206-skoda-octavia-2-0tdi-140k-s-avtomat-navigatsiya-190000km-ch
11758219190960973,Skoda,Octavia,2013,Diesel,Manual,150,196754,5700.0,https://www.mobile.bg/obiava-11758219190960973-skoda-octavia-2-0tdi-4x4-navi
11779946115405229,Skoda,Octavia,2013,Diesel,Automatic,105,185000,5800.0,https://www.mobile.bg/obiava-11779946115405229-skoda-octavia-1-6tdi-dsg-feis
11777726863364034,Skoda,Octavia,2011,Diesel,Manual,105,264540,5800.0,https://www.mobile.bg/obiava-11777726863364034-skoda-octavia-1-6tdi-105ks
11767008441456625,Skoda,Octavia,2016,Diesel,Manual,110,190000,5990.0,https://www.mobile.bg/obiava-11767008441456625-skoda-octavia-110k-4x4-evro-6
11787123587004234,Skoda,Octavia,2010,Diesel,Manual,170,215000,5999.0,https://www.mobile.bg/obiava-11787123587004234-skoda-octavia-vrs-2-0tdi-170kc-6ck
11785940577584501,Skoda,Octavia,2011,Diesel,Automatic,140,182000,6000.0,https://www.mobile.bg/obiava-11785940577584501-skoda-octavia-2-0tdi-shveytsariya-4h4-laurin-klement
11753529864303703,Skoda,Octavia,2012,Diesel,Manual,140,182000,6000.0,https://www.mobile.bg/obiava-11753529864303703-skoda-octavia-2-0tdi-scout-4x4-navi-italia
11779339805436912,Skoda,Octavia,2016,Diesel,Manual,105,222159,6100.0,https://www.mobile.bg/obiava-11779339805436912-skoda-octavia-1-6tdi-4x4
11763668679318671,Skoda,Octavia,2016,Diesel,Automatic,110,199999,6300.0,https://www.mobile.bg/obiava-11763668679318671-skoda-octavia-1-6tdi-110ks-euro-6b-klimatronik-avtopilot-italiya
11787950728658070,Skoda,Octavia,2010,Diesel,Automatic,170,207000,6400.0,https://www.mobile.bg/obiava-11787950728658070-skoda-octavia-2-0tdi-170hp-vrs-dsg
11787734001678682,Skoda,Octavia,2014,Diesel,Manual,105,180314,6499.0,https://www.mobile.bg/obiava-11787734001678682-skoda-octavia-1-6tdi-full-led
11771656051289560,Skoda,Octavia,2016,Petrol,Manual,110,180000,6500.0,https://www.mobile.bg/obiava-11771656051289560-skoda-octavia-1-4i-feis-navi-italia
11790079781378281,Skoda,Octavia,2013,Diesel,Automatic,150,253000,6500.0,https://www.mobile.bg/obiava-11790079781378281-skoda-octavia-150-k-s
11790178664984283,Skoda,Octavia,2015,Diesel,Manual,110,230000,6599.0,https://www.mobile.bg/obiava-11790178664984283-skoda-octavia-special-edition-1-6tdi110h-p-euro6-navigation
11775282793494531,Skoda,Octavia,2012,Diesel,Automatic,170,197000,6699.0,https://www.mobile.bg/obiava-11775282793494531-skoda-octavia-2-0tdi-170k-c-vrs-avtomat-polu-kozha
11783973726748264,Skoda,Octavia,2015,Diesel,Manual,110,199999,6700.0,https://www.mobile.bg/obiava-11783973726748264-skoda-octavia-1-6tdi-110ks-4h4-6-skorosti-klimatik-avtopilot
11751550779847757,Skoda,Octavia,2015,Diesel,Automatic,105,246310,6700.0,https://www.mobile.bg/obiava-11751550779847757-skoda-octavia-1-6d-navi-automat-euro-5b
11789829914295385,Skoda,Octavia,2015,Diesel,Automatic,150,273000,6700.0,https://www.mobile.bg/obiava-11789829914295385-skoda-octavia-2-0
11742458404813742,Skoda,Octavia,2011,Diesel,Manual,170,259947,6790.0,https://www.mobile.bg/obiava-11742458404813742-skoda-octavia-vrs-2-0tdi-shveytsariya-kozha-navigatsiya
11778533757351622,Skoda,Octavia,2014,Diesel,Manual,105,267000,6800.0,https://www.mobile.bg/obiava-11778533757351622-skoda-octavia
11787223264474672,Skoda,Octavia,2016,Diesel,Automatic,150,257000,6899.0,https://www.mobile.bg/obiava-11787223264474672-skoda-octavia-dsg-2-0tdi-led-biksenon-podgrev
11786698713729641,Skoda,Octavia,2014,Diesel,Manual,150,205152,6900.0,https://www.mobile.bg/obiava-11786698713729641-skoda-octavia-2-0tdi-150k-s
11773323162381329,Skoda,Octavia,2014,Diesel,Manual,105,203569,6900.0,https://www.mobile.bg/obiava-11773323162381329-skoda-octavia-1-6tdi-105ks-perfekten
11775482784339667,Skoda,Octavia,2015,Diesel,Manual,150,195000,6900.0,https://www.mobile.bg/obiava-11775482784339667-skoda-octavia-2-0-d-150-k-s
11786543992129696,Skoda,Octavia,2015,Diesel,Manual,150,173000,6990.0,https://www.mobile.bg/obiava-11786543992129696-skoda-octavia-2-0tdi-150ks-2015g-edition-ksenon
11756125999602769,Skoda,Octavia,2010,Diesel,Manual,170,249260,6990.0,https://www.mobile.bg/obiava-11756125999602769-skoda-octavia-vrs-2-0tdi-face-shveytsariya-kozha
11780667704281691,Skoda,Octavia,2015,Petrol,Manual,110,217000,6999.0,https://www.mobile.bg/obiava-11780667704281691-skoda-octavia-1-4-g-tec-110hp-benzin-metan
11789364068976185,Skoda,Octavia,2013,Diesel,Automatic,150,178233,6999.0,https://www.mobile.bg/obiava-11789364068976185-skoda-octavia-2-0-150ks-dsg
11788081613875754,Skoda,Octavia,2015,Diesel,Automatic,150,250000,7000.0,https://www.mobile.bg/obiava-11788081613875754-skoda-octavia-20-tdi-150-vrs
11774151374122627,Skoda,Octavia,2018,Petrol,Manual,110,193000,7000.0,https://www.mobile.bg/obiava-11774151374122627-skoda-octavia-1-4tgi-benzin-metan
11783095643383512,Skoda,Octavia,2014,Diesel,Automatic,150,234509,7100.0,https://www.mobile.bg/obiava-11783095643383512-skoda-octavia-2-0tdi-150ks-dsg-vnos-germaniya
11787748648309180,Skoda,Octavia,2016,Diesel,Manual,110,199999,7200.0,https://www.mobile.bg/obiava-11787748648309180-skoda-octavia-1-6common-rail-110ks-euro-6-klimatronik
11786885403664460,Skoda,Octavia,2016,Diesel,Manual,150,297475,7400.0,https://www.mobile.bg/obiava-11786885403664460-skoda-octavia-2-0-tdi-150-k-s
11610801229345417,Skoda,Octavia,2019,Diesel,Automatic,115,144000,7500.0,https://www.mobile.bg/obiava-11610801229345417-skoda-octavia-1-6-tdi-avtomatik-klimatronik-kozha-navi-top
11776750523852775,Skoda,Octavia,2016,Diesel,Manual,150,165535,7500.0,https://www.mobile.bg/obiava-11776750523852775-skoda-octavia-2-0-tdi-150kc
11789468447971775,Skoda,Octavia,2014,Diesel,Automatic,110,200000,7500.0,https://www.mobile.bg/obiava-11789468447971775-skoda-octavia-1-6-tdi
11761290258813199,Skoda,Octavia,2014,Diesel,Automatic,150,189319,7590.0,https://www.mobile.bg/obiava-11761290258813199-skoda-octavia-ambition-2-0tdi-150k-s
11782460467561684,Skoda,Octavia,2016,Diesel,Automatic,150,242000,7599.0,https://www.mobile.bg/obiava-11782460467561684-skoda-octavia-2-0d-150k-c-garantsiya-6-mesetsa-ili-5000km
11785493298359821,Skoda,Octavia,2017,Diesel,Manual,110,192713,7600.0,https://www.mobile.bg/obiava-11785493298359821-skoda-octavia-1-6-tdi
11779892332875612,Skoda,Octavia,2018,Diesel,Manual,116,185000,7699.0,https://www.mobile.bg/obiava-11779892332875612-skoda-octavia-facelift-navi-led-18-g
11759241312007939,Skoda,Octavia,2014,Diesel,Manual,105,230763,7700.0,https://www.mobile.bg/obiava-11759241312007939-skoda-octavia-1-6-tdi-ambition
11762972927632697,Skoda,Octavia,2018,Petrol,Automatic,110,187400,7700.0,https://www.mobile.bg/obiava-11762972927632697-skoda-octavia-1-4g-tec-zavodski-metan-kozha-navi-avtomat-full
11784559205545074,Skoda,Octavia,2020,Petrol,Automatic,131,379900,7800.0,https://www.mobile.bg/obiava-11784559205545074-skoda-octavia-podgrev-carplay-lizing
11777013203730083,Skoda,Octavia,2013,Petrol,Automatic,180,239000,7800.0,https://www.mobile.bg/obiava-11777013203730083-skoda-octavia-1-8i-4x4-automat
11782908804077124,Skoda,Octavia,2015,Diesel,Automatic,110,237224,7800.0,https://www.mobile.bg/obiava-11782908804077124-skoda-octavia-top-condition
11790697533098702,Skoda,Octavia,2014,Diesel,Automatic,150,177000,7800.0,https://www.mobile.bg/obiava-11790697533098702-skoda-octavia-2-0-150p-s-android-auto-carplay
11790251770417810,Skoda,Octavia,2017,Diesel,Automatic,150,210530,7800.0,https://www.mobile.bg/obiava-11790251770417810-skoda-octavia
11790163718863887,Skoda,Octavia,2018,Diesel,Manual,116,167000,7900.0,https://www.mobile.bg/obiava-11790163718863887-skoda-octavia-1-6-116ks
11783518233071176,Skoda,Octavia,2017,Diesel,Manual,116,285726,7900.0,https://www.mobile.bg/obiava-11783518233071176-skoda-octavia-1-6tdi-116ks-euro-6b-navi-nov-vnos-ot-italiya
11782200934457001,Skoda,Octavia,2018,Diesel,Manual,116,227000,7900.0,https://www.mobile.bg/obiava-11782200934457001-skoda-octavia-1-6tdi-navi-116k-lizing
11784111013501973,Skoda,Octavia,2016,Diesel,Automatic,184,213000,7900.0,https://www.mobile.bg/obiava-11784111013501973-skoda-octavia-2-0tdi-scout
11788366627385281,Skoda,Octavia,2017,Diesel,Automatic,116,182000,7920.0,https://www.mobile.bg/obiava-11788366627385281-skoda-octavia-1-6tdi
11739625079921346,Skoda,Octavia,2014,Diesel,Manual,105,193000,7953.0,https://www.mobile.bg/obiava-11739625079921346-skoda-octavia-1-6tdi-u-n-i-k-a-t
11787420617531797,Skoda,Octavia,2015,Diesel,Manual,105,118000,7990.0,https://www.mobile.bg/obiava-11787420617531797-skoda-octavia-1-6tdi-105ks-118km-servizna-istoriya
11788347338179060,Skoda,Octavia,2017,Diesel,Automatic,116,317000,7999.0,https://www.mobile.bg/obiava-11788347338179060-skoda-octavia-germaniya-euro6-116ks-led-ksenon-dsg
11789896880135315,Skoda,Octavia,2010,Diesel,Manual,170,274000,8000.0,https://www.mobile.bg/obiava-11789896880135315-skoda-octavia-vrs
11783094360853449,Skoda,Octavia,2015,Diesel,Automatic,184,245000,8000.0,https://www.mobile.bg/obiava-11783094360853449-skoda-octavia-4x4
11790613618095775,Skoda,Octavia,2014,Diesel,Automatic,150,201345,8150.0,https://www.mobile.bg/obiava-11790613618095775-skoda-octavia-2-0tdi-150k-c-led-navi-dsg-kozha-pamet-unika
11788502784219339,Skoda,Octavia,2018,Diesel,Manual,150,380000,8150.0,https://www.mobile.bg/obiava-11788502784219339-skoda-octavia-2-0tdi-150p-s
11789989245517440,Skoda,Octavia,2019,Diesel,Automatic,150,276000,8199.0,https://www.mobile.bg/obiava-11789989245517440-skoda-octavia-2-0-tdi-150ps-automatik-7-skorosti-dsg-carplay
11745581224398608,Skoda,Octavia,2013,Petrol,Automatic,180,215000,8200.0,https://www.mobile.bg/obiava-11745581224398608-skoda-octavia-1-8tsi-dsg-4x4-navigatsiya-samo-parkirane-shveytsariya
11735889497923095,Skoda,Octavia,2015,Diesel,Automatic,184,224531,8300.0,https://www.mobile.bg/obiava-11735889497923095-skoda-octavia-2-0tdi-4x4-184kc-shveytsariya
11780257204213357,Skoda,Octavia,2016,Diesel,Automatic,110,193000,8300.0,https://www.mobile.bg/obiava-11780257204213357-skoda-octavia-1-6-tdi
11719070125845003,Skoda,Octavia,2017,Diesel,Automatic,115,167000,8300.0,https://www.mobile.bg/obiava-11719070125845003-skoda-octavia-1-6tdi-115k-executive-167-000km
11777890090163635,Skoda,Octavia,2018,Diesel,Automatic,115,197225,8350.0,https://www.mobile.bg/obiava-11777890090163635-skoda-octavia-1-6-tdi-automatic
11789576488533982,Skoda,Octavia,2016,Diesel,Manual,150,223200,8399.0,https://www.mobile.bg/obiava-11789576488533982-skoda-octavia-2-0tdi-150-4x4-xenon-led
11779172336382283,Skoda,Octavia,2019,Diesel,Automatic,116,203000,8400.0,https://www.mobile.bg/obiava-11779172336382283-skoda-octavia-1-6tdi-dsg-navi-lizing
11790519278501066,Skoda,Octavia,2018,Diesel,Automatic,150,231000,8490.0,https://www.mobile.bg/obiava-11790519278501066-skoda-octavia-2-0-tdi-150ps-dsg-full-led-distronic-podgrev
11781982151682635,Skoda,Octavia,2015,Diesel,Automatic,150,234544,8500.0,https://www.mobile.bg/obiava-11781982151682635-skoda-octavia-2-0-avtomatik
11728322063974303,Skoda,Octavia,2014,Diesel,Automatic,105,195000,8500.0,https://www.mobile.bg/obiava-11728322063974303-skoda-octavia-dsg
11788429488802543,Skoda,Octavia,2014,Petrol,Automatic,180,165000,8555.0,https://www.mobile.bg/obiava-11788429488802543-skoda-octavia-1-8tfsi-full
11771846496506848,Skoda,Octavia,2018,Diesel,Automatic,116,190200,8600.0,https://www.mobile.bg/obiava-11771846496506848-skoda-octavia-1-6-tdi-116k-s-automat-navi
11787159223228923,Skoda,Octavia,2017,Petrol,Automatic,150,240000,8666.0,https://www.mobile.bg/obiava-11787159223228923-skoda-octavia-1-4-kasko-obsluzhena
11786183276912136,Skoda,Octavia,2014,Diesel,Automatic,184,216000,8666.0,https://www.mobile.bg/obiava-11786183276912136-skoda-octavia-2-0tdi-184ks-dsg-vrs-keyless-go-ksenon-panorama
11788951774633323,Skoda,Octavia,2015,Petrol,Manual,220,161000,8700.0,https://www.mobile.bg/obiava-11788951774633323-skoda-octavia-2-0-turbo-vrs-toptop
11750688192346739,Skoda,Octavia,2017,Diesel,Automatic,115,188731,8900.0,https://www.mobile.bg/obiava-11750688192346739-skoda-octavia-1-6-tdi-style
11782219899615212,Skoda,Octavia,2016,Diesel,Manual,150,300800,8900.0,https://www.mobile.bg/obiava-11782219899615212-skoda-octavia-2-0
11779189220076986,Skoda,Octavia,2019,Diesel,Manual,116,180000,8900.0,https://www.mobile.bg/obiava-11779189220076986-skoda-octavia-1-6tdi-116ps-navi-full-led-2019g-top
11789997655685071,Skoda,Octavia,2017,Diesel,Automatic,150,250000,8900.0,https://www.mobile.bg/obiava-11789997655685071-skoda-octavia-2-0-150k-s
11782286332589145,Skoda,Octavia,2015,Diesel,Automatic,184,260500,8900.0,https://www.mobile.bg/obiava-11782286332589145-skoda-octavia-scout-4x4-dsg-registrirana-carplay
11788945809228243,Skoda,Octavia,2016,Diesel,Automatic,150,175000,8950.0,https://www.mobile.bg/obiava-11788945809228243-skoda-octavia-2-0-tdi-150ks-distronik-led-navi-ful
11777319653857811,Skoda,Octavia,2014,Diesel,Automatic,184,244565,8999.0,https://www.mobile.bg/obiava-11777319653857811-skoda-octavia-skoda-octavia-vrs-promotsiya
11788864710667154,Skoda,Octavia,2016,Diesel,Automatic,184,263000,8999.0,https://www.mobile.bg/obiava-11788864710667154-skoda-octavia-2-0tdi-184kc-vrs-4x4-automat-fullll
11747220721578248,Skoda,Octavia,2014,Diesel,Automatic,184,237978,8999.0,https://www.mobile.bg/obiava-11747220721578248-skoda-octavia-vrs-dsg-navi-bi-ksenon-podgrev-swiss
11773131068240992,Skoda,Octavia,2017,Diesel,Automatic,150,223000,9200.0,https://www.mobile.bg/obiava-11773131068240992-skoda-octavia-2-0tdi-150ks-dsg-navi-car-play
11779210492575439,Skoda,Octavia,2018,Diesel,Automatic,150,183000,9300.0,https://www.mobile.bg/obiava-11779210492575439-skoda-octavia-2-0-face-150k-s
11759508779201384,Skoda,Octavia,2017,Diesel,Automatic,150,236000,9300.0,https://www.mobile.bg/obiava-11759508779201384-skoda-octavia-2-0tdi-4x4-executive
11784748034024634,Skoda,Octavia,2016,Diesel,Automatic,150,310000,9500.0,https://www.mobile.bg/obiava-11784748034024634-skoda-octavia
11782239443916259,Skoda,Octavia,2019,Diesel,Automatic,150,186000,9500.0,https://www.mobile.bg/obiava-11782239443916259-skoda-octavia-2-0tdi-dsg-full-led-distronic-euro-6
11763143147513314,Skoda,Octavia,2014,Diesel,Automatic,184,259650,9500.0,https://www.mobile.bg/obiava-11763143147513314-skoda-octavia-vrs-keyless-distronic-swiss
11790219858235371,Skoda,Octavia,2016,Diesel,Automatic,184,274000,9600.0,https://www.mobile.bg/obiava-11790219858235371-skoda-octavia-2-0tdi-vrs-avtomatik-navi-kozha
11776278004231410,Skoda,Octavia,2013,Diesel,Automatic,150,212000,9600.0,https://www.mobile.bg/obiava-11776278004231410-skoda-octavia-2-0tdi-executive-canton
11785004643546968,Skoda,Octavia,2012,Diesel,Manual,140,156373,9700.0,https://www.mobile.bg/obiava-11785004643546968-skoda-octavia-2-0tdi-4x4-140ps-palna-srvizna-istoriya
11788450512897535,Skoda,Octavia,2014,Diesel,Automatic,184,192749,9799.0,https://www.mobile.bg/obiava-11788450512897535-skoda-octavia-2-0tdi-vrs-swiss
11729094996339720,Skoda,Octavia,2017,Diesel,Manual,150,288000,8200.0,https://www.mobile.bg/obiava-11729094996339720-skoda-octavia-2-0tdi-150-vs-plateno-obsluzhen-rachna
11790184284760258,Skoda,Octavia,2016,Diesel,Automatic,184,260000,8200.0,https://www.mobile.bg/obiava-11790184284760258-skoda-octavia-vrs
11790277835172214,Skoda,Octavia,2018,Petrol,Automatic,150,242000,9900.0,https://www.mobile.bg/obiava-11790277835172214-skoda-octavia-1-5-tsi-150hp-dsg7-led
11787723447427847,Skoda,Octavia,2016,Diesel,Manual,184,199000,9990.0,https://www.mobile.bg/obiava-11787723447427847-skoda-octavia-vrs-2-0tdi-184ks-top-rachka
11786974710961342,Skoda,Octavia,2016,Petrol,Automatic,180,255000,9999.0,https://www.mobile.bg/obiava-11786974710961342-skoda-octavia-scout-4x4-dsg6
11788373889092415,Skoda,Octavia,2015,Diesel,Automatic,184,213000,9999.0,https://www.mobile.bg/obiava-11788373889092415-skoda-octavia-2-0d-184hp-dsg-vrs-carbon-top-lizing
11787949059151489,Skoda,Octavia,2015,Diesel,Automatic,184,214777,9999.0,https://www.mobile.bg/obiava-11787949059151489-skoda-octavia-vrs-dsg-podgrev-navi-distronic-top
11785153696798081,Skoda,Octavia,2015,Diesel,Manual,184,236000,9999.0,https://www.mobile.bg/obiava-11785153696798081-skoda-octavia-vrs-2-0tdi-184k-s-rachka-kato-nova
11766245942071745,Skoda,Octavia,2019,Diesel,Automatic,150,174000,9999.0,https://www.mobile.bg/obiava-11766245942071745-skoda-octavia-2-000tdi-dsg-euro6
11780121887299730,Skoda,Octavia,2016,Diesel,Automatic,184,280000,9999.0,https://www.mobile.bg/obiava-11780121887299730-skoda-octavia-vrs-2-0-tdi-184-k-s-dsg-2016-g
11747744653222382,Skoda,Octavia,2017,Diesel,Automatic,184,156000,9999.0,https://www.mobile.bg/obiava-11747744653222382-skoda-octavia-2-0-184kc-full-led-4x4-dsg-facelift
11790757856722758,Skoda,Octavia,2015,Diesel,Automatic,184,209000,10400.0,https://www.mobile.bg/obiava-11790757856722758-skoda-octavia-2-0-tdi-vrs
11786182232858327,Skoda,Octavia,2017,Diesel,Automatic,150,214367,10499.0,https://www.mobile.bg/obiava-11786182232858327-skoda-octavia-2-0tdi-150-dsg-acc-full-led-germany
11783958037272743,Skoda,Octavia,2020,Petrol,Automatic,131,254500,10499.0,https://www.mobile.bg/obiava-11783958037272743-skoda-octavia-euro-6-1-5g-tec-keyles-navi-dsg-italiya
11743766762942574,Skoda,Octavia,2014,Diesel,Manual,150,172559,10500.0,https://www.mobile.bg/obiava-11743766762942574-skoda-octavia-scout-2-0tdi-150k-c-4-x-4-navigatsiya-euro-6b
11789913092438807,Skoda,Octavia,2017,Gas/LPG,Automatic,110,162500,10500.0,https://www.mobile.bg/obiava-11789913092438807-skoda-octavia-fabrichen-metan
11778833255155546,Skoda,Octavia,2014,Petrol,Automatic,220,187462,10500.0,https://www.mobile.bg/obiava-11778833255155546-skoda-octavia-2-0-vrs-vnos-shveytsariya
11778910808981222,Skoda,Octavia,2017,Diesel,Automatic,150,163000,10500.0,https://www.mobile.bg/obiava-11778910808981222-skoda-octavia-2-0-tdi-automat-163-000km-palen-serviz-v-shkoda
11785579517348082,Skoda,Octavia,2019,Petrol,Automatic,130,130000,10500.0,https://www.mobile.bg/obiava-11785579517348082-skoda-octavia-1-5-metan
11782577764474007,Skoda,Octavia,2014,Petrol,Automatic,220,168340,10650.0,https://www.mobile.bg/obiava-11782577764474007-skoda-octavia-vrs-dsg-220hp
11787074954972933,Skoda,Octavia,2020,Diesel,Automatic,150,120000,10699.0,https://www.mobile.bg/obiava-11787074954972933-skoda-octavia-2-0-tdi-2020-120000-km-distronic-dsg
11784160369503754,Skoda,Octavia,2014,Diesel,Automatic,184,215000,10799.0,https://www.mobile.bg/obiava-11784160369503754-skoda-octavia-2-0-vrs
11786193208011740,Skoda,Octavia,2015,Diesel,Automatic,184,182000,10800.0,https://www.mobile.bg/obiava-11786193208011740-skoda-octavia-2-0tdi-vrs
11785147854978702,Skoda,Octavia,2018,Diesel,Automatic,184,281115,10900.0,https://www.mobile.bg/obiava-11785147854978702-skoda-octavia-2-0-tdi-vrs
11773091480915960,Skoda,Octavia,2015,Diesel,Automatic,110,148000,10900.0,https://www.mobile.bg/obiava-11773091480915960-skoda-octavia-1-6tdi-dsg
11779731628299485,Skoda,Octavia,2020,Petrol,Automatic,131,231000,11000.0,https://www.mobile.bg/obiava-11779731628299485-skoda-octavia-3-facelift
11790615298625477,Skoda,Octavia,2016,Diesel,Automatic,184,165000,11000.0,https://www.mobile.bg/obiava-11790615298625477-skoda-octavia-vrs-lizing-2-0-tdi-dsg-avtomatik-full
11790835041697086,Skoda,Octavia,2020,Diesel,Automatic,150,163233,11000.0,https://www.mobile.bg/obiava-11790835041697086-skoda-octavia-dsg-full-led-key-less-go-carplay-pechka-podgre
11789221769912357,Skoda,Octavia,2018,Petrol,Automatic,190,240000,11200.0,https://www.mobile.bg/obiava-11789221769912357-skoda-octavia-2-0-tsi-190-k-s
11756032462941383,Skoda,Octavia,2017,Diesel,Automatic,150,195874,11200.0,https://www.mobile.bg/obiava-11756032462941383-skoda-octavia-2-0tdi-150p-s-facelift-dsg-sedan-koja-navi-top
11787597846591043,Skoda,Octavia,2015,Petrol,Automatic,230,207500,11391.0,https://www.mobile.bg/obiava-11787597846591043-skoda-octavia-vrs-tsi-dsg-challenge
11752237744608067,Skoda,Octavia,2020,Diesel,Manual,116,215000,11400.0,https://www.mobile.bg/obiava-11752237744608067-skoda-octavia-2-0-tdi-ambition-top
11765299974199719,Skoda,Octavia,2017,Diesel,Automatic,184,248500,11491.0,https://www.mobile.bg/obiava-11765299974199719-skoda-octavia-vrs-2-0tdi-4x4-led
11788795624451221,Skoda,Octavia,2019,Petrol,Automatic,131,160000,11500.0,https://www.mobile.bg/obiava-11788795624451221-skoda-octavia-1-5g-tec-131ks-avtomat-car-play-distr-kato-nov
11788608112688949,Skoda,Octavia,2013,Petrol,Automatic,220,218000,11500.0,https://www.mobile.bg/obiava-11788608112688949-skoda-octavia-vrs-6-mesetsa-garantsiya-2-0i-220k-s-servizna-istoriya
11760428524185357,Skoda,Octavia,2017,Diesel,Automatic,150,190000,11500.0,https://www.mobile.bg/obiava-11760428524185357-skoda-octavia-2-0-dsg-facelift-navi-executive
11783071662325894,Skoda,Octavia,2019,Petrol,Automatic,130,200000,11700.0,https://www.mobile.bg/obiava-11783071662325894-skoda-octavia-1-5g-tec
11786390235925329,Skoda,Octavia,2017,Petrol,Manual,150,199917,11700.0,https://www.mobile.bg/obiava-11786390235925329-skoda-octavia-ambishan
11785901508208571,Skoda,Octavia,2017,Diesel,Automatic,116,91000,11900.0,https://www.mobile.bg/obiava-11785901508208571-skoda-octavia-facelift-tdi-automatic
11790764273810951,Skoda,Octavia,2015,Diesel,Automatic,184,180000,11999.0,https://www.mobile.bg/obiava-11790764273810951-skoda-octavia-vrs-2-0-tdi-dsg
11790336510894538,Skoda,Octavia,2017,Diesel,Manual,150,218150,11999.0,https://www.mobile.bg/obiava-11790336510894538-skoda-octavia-2-0-tdi
11753341030642120,Skoda,Octavia,2015,Diesel,Automatic,184,192000,11999.0,https://www.mobile.bg/obiava-11753341030642120-skoda-octavia-2-0tdi-vrs-avtomat-navi-kozha
11788958275377604,Skoda,Octavia,2017,Diesel,Automatic,184,316000,12399.0,https://www.mobile.bg/obiava-11788958275377604-skoda-octavia-2-0-tdi-184-k-s-4x4-full-dsg
11772898383405618,Skoda,Octavia,2019,Diesel,Automatic,150,135000,12500.0,https://www.mobile.bg/obiava-11772898383405618-skoda-octavia-scout
11788716590343704,Skoda,Octavia,2018,Diesel,Automatic,184,247500,12700.0,https://www.mobile.bg/obiava-11788716590343704-skoda-octavia-vrs
11790854282647506,Skoda,Octavia,2019,Petrol,Automatic,115,176000,12800.0,https://www.mobile.bg/obiava-11790854282647506-skoda-octavia-ambishan-1-0-tsi
11782398434178985,Skoda,Octavia,2016,Diesel,Automatic,184,212000,12800.0,https://www.mobile.bg/obiava-11782398434178985-skoda-octavia-2-0-tdi-184-k-s-vrs
11787301279462388,Skoda,Octavia,2017,Diesel,Automatic,150,194872,12990.0,https://www.mobile.bg/obiava-11787301279462388-skoda-octavia-2-0-tdi-obsluzhena-dsg6
11790321977633263,Skoda,Octavia,2021,Diesel,Automatic,150,167000,12999.0,https://www.mobile.bg/obiava-11790321977633263-skoda-octavia-2-0tdi-150k-c-avtomat-matrix
11790057112426687,Skoda,Octavia,2019,Diesel,Automatic,150,236000,12999.0,https://www.mobile.bg/obiava-11790057112426687-skoda-octavia-2-0tdi-150kc-dsg-2019
11766041512258979,Skoda,Octavia,2020,Diesel,Automatic,184,177000,12999.0,https://www.mobile.bg/obiava-11766041512258979-skoda-octavia-4x4-184ks-avtomat-realni-km
11765895713029309,Skoda,Octavia,2017,Diesel,Manual,115,90000,13200.0,https://www.mobile.bg/obiava-11765895713029309-skoda-octavia-garantsiya-1-6-mt
11771857266713837,Skoda,Octavia,2017,Petrol,Manual,180,116460,13200.0,https://www.mobile.bg/obiava-11771857266713837-skoda-octavia-1-8-tsi-style
11785417236276305,Skoda,Octavia,2021,Petrol,Automatic,150,156790,13300.0,https://www.mobile.bg/obiava-11785417236276305-skoda-octavia-1-5-tsi-dsg
11757105396448471,Skoda,Octavia,2019,Diesel,Automatic,184,172806,13333.0,https://www.mobile.bg/obiava-11757105396448471-skoda-octavia-2-0tdi-rs-avtomat-4-215-4-keyless-shveytsariya
11763660038460930,Skoda,Octavia,2017,Diesel,Manual,184,225000,13400.0,https://www.mobile.bg/obiava-11763660038460930-skoda-octavia-vrs
11790662975341729,Skoda,Octavia,2019,Diesel,Automatic,150,128000,13500.0,https://www.mobile.bg/obiava-11790662975341729-skoda-octavia-2-0tdi
11790498742231980,Skoda,Octavia,2021,Diesel,Automatic,116,197350,13500.0,https://www.mobile.bg/obiava-11790498742231980-skoda-octavia-2-0-tdi
11787567869468721,Skoda,Octavia,2022,Diesel,Automatic,150,201000,13600.0,https://www.mobile.bg/obiava-11787567869468721-skoda-octavia-2-0tdi-150k-s-top-sastoyanie
11789135533634448,Skoda,Octavia,2019,Diesel,Automatic,184,148600,13700.0,https://www.mobile.bg/obiava-11789135533634448-skoda-octavia-vrs-4x4
11731342229849414,Skoda,Octavia,2019,Diesel,Automatic,150,143000,13799.0,https://www.mobile.bg/obiava-11731342229849414-skoda-octavia-garantsiya-2-0-tdi-avtomatik-lizing
11783266336176146,Skoda,Octavia,2018,Diesel,Automatic,185,185890,13818.0,https://www.mobile.bg/obiava-11783266336176146-skoda-octavia-2-0-tdi-vrs-vnos-shveytsariya
11776248505334069,Skoda,Octavia,2021,Diesel,Manual,150,190000,13900.0,https://www.mobile.bg/obiava-11776248505334069-skoda-octavia-2-0tdi-lizing-prez-unikredit-po-187evro
11787831666192928,Skoda,Octavia,2017,Petrol,Manual,180,142000,14000.0,https://www.mobile.bg/obiava-11787831666192928-skoda-octavia
11787391455355216,Skoda,Octavia,2020,Diesel,Automatic,150,222000,14299.0,https://www.mobile.bg/obiava-11787391455355216-skoda-octavia-3fl-2-0tdi-style-dsg7-kozha
11785853576940861,Skoda,Octavia,2021,Petrol,Automatic,150,176310,14300.0,https://www.mobile.bg/obiava-11785853576940861-skoda-octavia-1-5-tsi-e-tec-dsg
11782378962070640,Skoda,Octavia,2021,Diesel,Automatic,150,210000,14500.0,https://www.mobile.bg/obiava-11782378962070640-skoda-octavia-2-0d-150-k-s-garantsiya-6-mesetsa-avtomat
11764100276174357,Skoda,Octavia,2022,Petrol,Automatic,131,107535,14777.0,https://www.mobile.bg/obiava-11764100276174357-skoda-octavia-1-5tgi-automat-navi-kozha-panorama-top-izpaln-2broya
11786465152379876,Skoda,Octavia,2018,Diesel,Automatic,184,204000,14999.0,https://www.mobile.bg/obiava-11786465152379876-skoda-octavia-lizing-swiss-4x4-vrs-184
11787493773444574,Skoda,Octavia,2018,Diesel,Automatic,150,186883,14999.0,https://www.mobile.bg/obiava-11787493773444574-skoda-octavia-2-0tdi-dsg-distronic-keyless-ambient-led
11787662266271291,Skoda,Octavia,2019,Petrol,Automatic,150,86000,14999.0,https://www.mobile.bg/obiava-11787662266271291-skoda-octavia-1-5tfsi-150hp-dsg-full-led-garantsiya-86000km
11784195374089812,Skoda,Octavia,2018,Petrol,Automatic,150,65000,15000.0,https://www.mobile.bg/obiava-11784195374089812-skoda-octavia
11787735393944520,Skoda,Octavia,2018,Petrol,Automatic,150,124650,15300.0,https://www.mobile.bg/obiava-11787735393944520-skoda-octavia
11788196793115102,Skoda,Octavia,2020,Hybrid,Automatic,204,142000,15499.0,https://www.mobile.bg/obiava-11788196793115102-skoda-octavia-iv-iv-plug-in-hybrid
11787399304189406,Skoda,Octavia,2022,Diesel,Automatic,150,173560,15500.0,https://www.mobile.bg/obiava-11787399304189406-skoda-octavia-2-0-dsg-a-c-led-navi
11772557595522560,Skoda,Octavia,2021,Petrol,Automatic,150,211000,15590.0,https://www.mobile.bg/obiava-11772557595522560-skoda-octavia-1-5-150hp
11789644890051656,Skoda,Octavia,2023,Diesel,Automatic,150,193000,15900.0,https://www.mobile.bg/obiava-11789644890051656-skoda-octavia-2-0tdi-style-plus-7-dsg-150
11787726292597821,Skoda,Octavia,2021,Diesel,Manual,116,142000,15950.0,https://www.mobile.bg/obiava-11787726292597821-skoda-octavia-2-0-tdi-newmodel
11778838026618003,Skoda,Octavia,2020,Petrol,Manual,150,60000,15999.0,https://www.mobile.bg/obiava-11778838026618003-skoda-octavia-1-5-tsi-style
11788091816367038,Skoda,Octavia,2020,Petrol,Manual,150,72018,16200.0,https://www.mobile.bg/obiava-11788091816367038-skoda-octavia-1-5-tsi
11789471829032142,Skoda,Octavia,2017,Petrol,Automatic,245,189354,16499.0,https://www.mobile.bg/obiava-11789471829032142-skoda-octavia-vrs-2-0-tsi-245-k-s
11750586303433576,Skoda,Octavia,2021,Diesel,Automatic,150,245000,16499.0,https://www.mobile.bg/obiava-11750586303433576-skoda-octavia-2-0-tdi-avtomat-4h4-keyless-distronic
11790503573930065,Skoda,Octavia,2023,Diesel,Automatic,150,169600,16500.0,https://www.mobile.bg/obiava-11790503573930065-skoda-octavia
11789986525001404,Skoda,Octavia,2020,Diesel,Automatic,150,207000,16500.0,https://www.mobile.bg/obiava-11789986525001404-skoda-octavia-first-edition-led-matrix
11781762801115301,Skoda,Octavia,2021,Diesel,Automatic,150,168400,16500.0,https://www.mobile.bg/obiava-11781762801115301-skoda-octavia-digital-cockpit-led-ambiente-keyless
11781011799637336,Skoda,Octavia,2021,Diesel,Manual,116,93485,16600.0,https://www.mobile.bg/obiava-11781011799637336-skoda-octavia-2-0tdi-116ks-full-led-navi
11784791016967167,Skoda,Octavia,2019,Diesel,Automatic,150,92000,16600.0,https://www.mobile.bg/obiava-11784791016967167-skoda-octavia-style
11781174937529688,Skoda,Octavia,2023,Diesel,Automatic,150,135000,16600.0,https://www.mobile.bg/obiava-11781174937529688-skoda-octavia-2-0d-navi-automat-euro-6d-135000km
11790611244160270,Skoda,Octavia,2021,Petrol,Manual,150,102000,16660.0,https://www.mobile.bg/obiava-11790611244160270-skoda-octavia-1-5-tsi-m-t-mesechna-vnoska-ot-199
11784713408329545,Skoda,Octavia,2023,Diesel,Automatic,150,115000,16700.0,https://www.mobile.bg/obiava-11784713408329545-skoda-octavia-2-0d-navi-automat-euro-6d-115-000km
11788647801716974,Skoda,Octavia,2021,Diesel,Automatic,150,160000,16900.0,https://www.mobile.bg/obiava-11788647801716974-skoda-octavia
11789995524510916,Skoda,Octavia,2020,Diesel,Automatic,150,115000,16900.0,https://www.mobile.bg/obiava-11789995524510916-skoda-octavia-2-0-tdi-7-dsg-led-digital-150-k-s-115-000km
11775474313181312,Skoda,Octavia,2020,Hybrid,Automatic,204,167000,16999.0,https://www.mobile.bg/obiava-11775474313181312-skoda-octavia-1-4iv-phev-sobstven-lizing
11777221686604193,Skoda,Octavia,2023,Diesel,Automatic,150,183010,17000.0,https://www.mobile.bg/obiava-11777221686604193-skoda-octavia-2-0-tdi-150k-s-avtomat
11789149924733870,Skoda,Octavia,2021,Diesel,Automatic,150,68000,17299.0,https://www.mobile.bg/obiava-11789149924733870-skoda-octavia-2-0tdi-digital-avtomatik-68-000km
11786373248294181,Skoda,Octavia,2020,Diesel,Automatic,150,240000,17300.0,https://www.mobile.bg/obiava-11786373248294181-skoda-octavia-2-0-tdi-150-k-s-matrix-digital-cockpit-led
11786020592754433,Skoda,Octavia,2023,Diesel,Automatic,150,135700,17490.0,https://www.mobile.bg/obiava-11786020592754433-skoda-octavia-2-0tdi-150kc-distronik-kamera-key-les
11780771192655665,Skoda,Octavia,2021,Diesel,Automatic,150,170640,17500.0,https://www.mobile.bg/obiava-11780771192655665-skoda-octavia-scout-2-0-tdi-dsg-4x4
11788955189945323,Skoda,Octavia,2023,Diesel,Automatic,150,156796,17600.0,https://www.mobile.bg/obiava-11788955189945323-skoda-octavia-2-0tdi-150ks-business-dsg7
11788680173616664,Skoda,Octavia,2022,Diesel,Automatic,150,158000,17770.0,https://www.mobile.bg/obiava-11788680173616664-skoda-octavia-2-0-tdi-4x4-a-t-mesechna-vnoska-ot-299
11790611132376321,Skoda,Octavia,2021,Diesel,Automatic,150,141444,17770.0,https://www.mobile.bg/obiava-11790611132376321-skoda-octavia-2-0-tdi-dsg-150-k-c-mesechna-vnoska-ot-255
11786196115380279,Skoda,Octavia,2019,Diesel,Automatic,150,142141,17800.0,https://www.mobile.bg/obiava-11786196115380279-skoda-octavia-scout-4x4-2-0tdi-150ps-palna-servizna-istoriya
11788273540400460,Skoda,Octavia,2023,Diesel,Automatic,150,99600,17900.0,https://www.mobile.bg/obiava-11788273540400460-skoda-octavia-2-0-tdi-dsg
11778579203682444,Skoda,Octavia,2022,Diesel,Automatic,200,230000,17900.0,https://www.mobile.bg/obiava-11778579203682444-skoda-octavia-virs
11774289751265634,Skoda,Octavia,2023,Diesel,Automatic,150,170794,17999.0,https://www.mobile.bg/obiava-11774289751265634-skoda-octavia-distronik-ambient-pamet-podgrev-kamera-ful
11790231715422300,Skoda,Octavia,2021,Diesel,Automatic,200,195970,17999.0,https://www.mobile.bg/obiava-11790231715422300-skoda-octavia-vrs-2-0-tdi-dsg-4x4-200-ps-head-up-canton-digital
11789559162587721,Skoda,Octavia,2020,Diesel,Automatic,150,205000,18000.0,https://www.mobile.bg/obiava-11789559162587721-skoda-octavia
11788384606992574,Skoda,Octavia,2023,Diesel,Automatic,150,123400,18500.0,https://www.mobile.bg/obiava-11788384606992574-skoda-octavia-2-0-tdi-dsg-style
11773047007010305,Skoda,Octavia,2020,Diesel,Automatic,150,130000,18600.0,https://www.mobile.bg/obiava-11773047007010305-skoda-octavia-style
11789896385288722,Skoda,Octavia,2021,Petrol,Automatic,150,74000,18880.0,https://www.mobile.bg/obiava-11789896385288722-skoda-octavia-1-5-e-tsi-a-t-mesechna-vnoska-ot-299
11786535473722034,Skoda,Octavia,2023,Diesel,Automatic,150,179000,18999.0,https://www.mobile.bg/obiava-11786535473722034-skoda-octavia-sport-line-top
11787681192819351,Skoda,Octavia,2024,Diesel,Automatic,150,92632,19100.0,https://www.mobile.bg/obiava-11787681192819351-skoda-octavia-2-0-tdi-150hp-92-632km-realni
11788938891770686,Skoda,Octavia,2022,Diesel,Automatic,150,158800,19300.0,https://www.mobile.bg/obiava-11788938891770686-skoda-octavia-2-0-150-hp-4x4
11779950345397703,Skoda,Octavia,2020,Diesel,Automatic,150,198000,19500.0,https://www.mobile.bg/obiava-11779950345397703-skoda-octavia-digital-cockpit-canton-led-ambiente-camera-keyless
11784797412824818,Skoda,Octavia,2022,Petrol,Manual,150,62200,19500.0,https://www.mobile.bg/obiava-11784797412824818-skoda-octavia-iv-combi-1-5-tsi-garantsiya-do-08-2027-62000-km
11786534158628516,Skoda,Octavia,2022,Diesel,Automatic,200,167000,19500.0,https://www.mobile.bg/obiava-11786534158628516-skoda-octavia-vrs-germany
11776096578619989,Skoda,Octavia,2022,Diesel,Automatic,200,172300,20199.0,https://www.mobile.bg/obiava-11776096578619989-skoda-octavia-vrs-head-up-black-optic-germany
11776093860743970,Skoda,Octavia,2021,Diesel,Automatic,200,171000,20200.0,https://www.mobile.bg/obiava-11776093860743970-skoda-octavia-vrs
11774358238565979,Skoda,Octavia,2021,Diesel,Automatic,150,39713,21800.0,https://www.mobile.bg/obiava-11774358238565979-skoda-octavia-2-0-diesel-germany
11777354151515464,Skoda,Octavia,2022,Petrol,Manual,258,78000,21999.0,https://www.mobile.bg/obiava-11777354151515464-skoda-octavia-vrs-258ks-78000km
11787484761213747,Skoda,Octavia,2023,Petrol,Automatic,150,36000,22500.0,https://www.mobile.bg/obiava-11787484761213747-skoda-octavia-skoda-octavia-1-5-etsi-e-tec-clever
11788550318892821,Skoda,Octavia,2024,Petrol,Automatic,150,92000,22900.0,https://www.mobile.bg/obiava-11788550318892821-skoda-octavia-selection
11725337418499133,Skoda,Octavia,2018,Diesel,Automatic,240,240000,22957.01,https://www.mobile.bg/obiava-11725337418499133-skoda-octavia-vrs
11790346696096811,Skoda,Octavia,2023,Diesel,Automatic,150,63027,23900.0,https://www.mobile.bg/obiava-11790346696096811-skoda-octavia-clever-2-0-tdi-150-k-s-7dsg
11787514368518342,Skoda,Octavia,2023,Diesel,Automatic,150,31700,23999.0,https://www.mobile.bg/obiava-11787514368518342-skoda-octavia-2-0-tdi-150-hp-avtomat
11781515285376383,Skoda,Octavia,2022,Diesel,Automatic,198,63000,24519.0,https://www.mobile.bg/obiava-11781515285376383-skoda-octavia-2-0tdi-vrs-matrix
11789397408343196,Skoda,Octavia,2024,Diesel,Automatic,150,23300,26700.0,https://www.mobile.bg/obiava-11789397408343196-skoda-octavia-2-0tdi-150kc-4x4-dsg
11776185313982178,Skoda,Octavia,2024,Diesel,Automatic,150,25500,27500.0,https://www.mobile.bg/obiava-11776185313982178-skoda-octavia-facelift-2-0-tdi-150-dsg-edition
11788529887483241,Skoda,Octavia,2025,Diesel,Automatic,150,13500,27900.0,https://www.mobile.bg/obiava-11788529887483241-skoda-octavia-business
11785173761219889,Skoda,Octavia,2020,Petrol,Automatic,245,99000,28900.0,https://www.mobile.bg/obiava-11785173761219889-skoda-octavia-2-0i-vrs
11788078551641005,Skoda,Octavia,2026,Petrol,Automatic,150,3500,30000.0,https://www.mobile.bg/obiava-11788078551641005-skoda-octavia-edishan-130
11782830825771152,Skoda,Octavia,2023,Diesel,Automatic,200,52723,31500.0,https://www.mobile.bg/obiava-11782830825771152-skoda-octavia-2-0-tdi-7dsg-rs
11790686504184449,Skoda,Octavia,2026,Diesel,Automatic,150,10400,32000.0,https://www.mobile.bg/obiava-11790686504184449-skoda-octavia-edition-130
11790850268389256,Skoda,Octavia,1997,Petrol,Manual,125,379950,800.0,https://www.mobile.bg/obiava-11790850268389256-skoda-octavia-1-1-8-20v-slx
11780086158583087,Skoda,Octavia,2003,Petrol,Manual,115,219000,1000.0,https://www.mobile.bg/obiava-11780086158583087-skoda-octavia-2-0i
11787324523232236,Skoda,Octavia,2000,Diesel,Manual,90,32000,1100.0,https://www.mobile.bg/obiava-11787324523232236-skoda-octavia-1-9
11777461685625206,Skoda,Octavia,2004,Diesel,Automatic,105,255000,1200.0,https://www.mobile.bg/obiava-11777461685625206-skoda-octavia-s-problem-v-motora
11780246924161451,Skoda,Octavia,2006,Diesel,Manual,105,254000,1200.0,https://www.mobile.bg/obiava-11780246924161451-skoda-octavia-1-9-105-ks
11788165478930577,Skoda,Octavia,1999,Diesel,Manual,90,335000,1200.0,https://www.mobile.bg/obiava-11788165478930577-skoda-octavia
11788423397121569,Skoda,Octavia,2006,Petrol,Manual,150,279730,1250.0,https://www.mobile.bg/obiava-11788423397121569-skoda-octavia-4-h-4
11788466836256141,Skoda,Octavia,1999,Diesel,Manual,110,250000,1299.0,https://www.mobile.bg/obiava-11788466836256141-skoda-octavia-1-9-tdi-tuning
11768588642892625,Skoda,Octavia,2010,Gas/LPG,Manual,102,630000,1300.0,https://www.mobile.bg/obiava-11768588642892625-skoda-octavia-tour
11787638452935953,Skoda,Octavia,1999,Diesel,Manual,110,227768,1300.0,https://www.mobile.bg/obiava-11787638452935953-skoda-octavia-1-9tdi
11788427377347045,Skoda,Octavia,2006,Petrol,Manual,150,230000,1300.0,https://www.mobile.bg/obiava-11788427377347045-skoda-octavia
11790585763644714,Skoda,Octavia,1998,Petrol,Manual,74,336800,1390.0,https://www.mobile.bg/obiava-11790585763644714-skoda-octavia-1-6
11788696207838870,Skoda,Octavia,2000,Diesel,Manual,90,376000,1399.0,https://www.mobile.bg/obiava-11788696207838870-skoda-octavia
11788348167639682,Skoda,Octavia,2008,Diesel,Manual,101,192000,1450.0,https://www.mobile.bg/obiava-11788348167639682-skoda-octavia-1-9tdi-101k-s-klimatronik
11781592519732465,Skoda,Octavia,2006,Diesel,Manual,105,381000,1500.0,https://www.mobile.bg/obiava-11781592519732465-skoda-octavia-1-9-105ks
11787323706561147,Skoda,Octavia,2008,Diesel,Manual,101,467000,1500.0,https://www.mobile.bg/obiava-11787323706561147-skoda-octavia
11778778000304175,Skoda,Octavia,2005,Diesel,Manual,140,198000,1500.0,https://www.mobile.bg/obiava-11778778000304175-skoda-octavia-2-0tdi-140k
11783412431377252,Skoda,Octavia,2001,Diesel,Automatic,90,315000,1500.0,https://www.mobile.bg/obiava-11783412431377252-skoda-octavia-1-9-tdi
11741270985033825,Skoda,Octavia,1999,Diesel,Manual,90,311583,1500.0,https://www.mobile.bg/obiava-11741270985033825-skoda-octavia-1-9-tdi
11778048494299936,Skoda,Octavia,1999,Diesel,Manual,110,345000,1500.0,https://www.mobile.bg/obiava-11778048494299936-skoda-octavia-laurent-clement
11781381312147781,Skoda,Octavia,2007,Diesel,Manual,105,300000,1500.0,https://www.mobile.bg/obiava-11781381312147781-skoda-octavia-1-9tdi-klimatronik
11764271600177686,Skoda,Octavia,2007,Diesel,Manual,170,230000,1500.0,https://www.mobile.bg/obiava-11764271600177686-skoda-octavia-2-0tdi-vrs-170-k-s
11789478912537264,Skoda,Octavia,2004,Gas/LPG,Manual,115,217000,1550.0,https://www.mobile.bg/obiava-11789478912537264-skoda-octavia-2000
11725385691912623,Skoda,Octavia,2000,Petrol,Manual,150,253905,1590.0,https://www.mobile.bg/obiava-11725385691912623-skoda-octavia
11786271323069012,Skoda,Octavia,1998,Diesel,Manual,90,309000,1599.0,https://www.mobile.bg/obiava-11786271323069012-skoda-octavia
11784661352895301,Skoda,Octavia,2006,Diesel,Automatic,140,200000,1600.0,https://www.mobile.bg/obiava-11784661352895301-skoda-octavia
11786533232805893,Skoda,Octavia,2008,Diesel,Manual,140,275000,1600.0,https://www.mobile.bg/obiava-11786533232805893-skoda-octavia-2-0tdi-l-k-4x4-8klapana
11756723043392126,Skoda,Octavia,2007,Diesel,Manual,101,311000,1600.0,https://www.mobile.bg/obiava-11756723043392126-skoda-octavia-1-9tdi-101hp-mk1
11779361284888437,Skoda,Octavia,2001,Diesel,Manual,110,170000,1600.0,https://www.mobile.bg/obiava-11779361284888437-skoda-octavia
11777209076595598,Skoda,Octavia,2006,Petrol,Manual,150,228046,1600.0,https://www.mobile.bg/obiava-11777209076595598-skoda-octavia-2-0-fsi-4x4
11762978187524629,Skoda,Octavia,1997,Petrol,Manual,102,237254,1600.0,https://www.mobile.bg/obiava-11762978187524629-skoda-octavia-1-6-102-k-s
11785851791324796,Skoda,Octavia,2005,Petrol,Manual,115,31212,1400.0,https://www.mobile.bg/obiava-11785851791324796-skoda-octavia
11785958123536412,Skoda,Octavia,2002,Petrol,Manual,101,235743,1699.0,https://www.mobile.bg/obiava-11785958123536412-skoda-octavia
11785063777228875,Skoda,Octavia,2008,Diesel,Automatic,140,390000,1700.0,https://www.mobile.bg/obiava-11785063777228875-skoda-octavia-2-0-dsg
11785334901487037,Skoda,Octavia,1999,Diesel,Manual,90,300000,1700.0,https://www.mobile.bg/obiava-11785334901487037-skoda-octavia
11788810345122185,Skoda,Octavia,2006,Diesel,Automatic,105,300000,1700.0,https://www.mobile.bg/obiava-11788810345122185-skoda-octavia
11787648435966545,Skoda,Octavia,2002,Diesel,Manual,110,340000,1700.0,https://www.mobile.bg/obiava-11787648435966545-skoda-octavia-1-9tdi
11789044027409553,Skoda,Octavia,2001,Diesel,Manual,110,260000,1800.0,https://www.mobile.bg/obiava-11789044027409553-skoda-octavia-1-9-tdi
11789590422878019,Skoda,Octavia,2000,Diesel,Manual,90,320000,1800.0,https://www.mobile.bg/obiava-11789590422878019-skoda-octavia-1-9-tdi
11788190294386483,Skoda,Octavia,2002,Diesel,Manual,110,410000,1800.0,https://www.mobile.bg/obiava-11788190294386483-skoda-octavia-1-9tdi-4x4
11788604870148954,Skoda,Octavia,2006,Diesel,Manual,140,228238,1800.0,https://www.mobile.bg/obiava-11788604870148954-skoda-octavia-2-0
11789402430060293,Skoda,Octavia,2009,Diesel,Manual,105,487000,1800.0,https://www.mobile.bg/obiava-11789402430060293-skoda-octavia
11788989117968376,Skoda,Octavia,2000,Diesel,Manual,101,180000,1500.0,https://www.mobile.bg/obiava-11788989117968376-skoda-octavia
11790672692394655,Skoda,Octavia,2003,Diesel,Manual,105,330254,1800.0,https://www.mobile.bg/obiava-11790672692394655-skoda-octavia
11788639069324995,Skoda,Octavia,2005,Petrol,Manual,102,277769,1900.0,https://www.mobile.bg/obiava-11788639069324995-skoda-octavia-1-6-mpi
11772738339128519,Skoda,Octavia,2005,Diesel,Manual,105,237000,1960.0,https://www.mobile.bg/obiava-11772738339128519-skoda-octavia-1-9-tdi
11628487775038304,Skoda,Octavia,2004,Diesel,Automatic,110,183000,1994.04,https://www.mobile.bg/obiava-11628487775038304-skoda-octavia
11786431325090715,Skoda,Octavia,2002,Diesel,Manual,100,234700,1999.0,https://www.mobile.bg/obiava-11786431325090715-skoda-octavia-1-9tdi-4-4
11783356806217588,Skoda,Octavia,2005,Diesel,Manual,105,380000,2000.0,https://www.mobile.bg/obiava-11783356806217588-skoda-octavia
11786710437238703,Skoda,Octavia,2006,Diesel,Manual,105,212000,2000.0,https://www.mobile.bg/obiava-11786710437238703-skoda-octavia
11787221625190274,Skoda,Octavia,2007,Diesel,Automatic,140,262488,2000.0,https://www.mobile.bg/obiava-11787221625190274-skoda-octavia
11783184754466218,Skoda,Octavia,2003,Diesel,Manual,110,204000,2000.0,https://www.mobile.bg/obiava-11783184754466218-skoda-octavia-1-9-tdi-110ks
11789906196553775,Skoda,Octavia,2004,Petrol,Manual,150,260000,2000.0,https://www.mobile.bg/obiava-11789906196553775-skoda-octavia
11786954807270133,Skoda,Octavia,2007,Diesel,Manual,105,311219,2000.0,https://www.mobile.bg/obiava-11786954807270133-skoda-octavia
11788962912429246,Skoda,Octavia,2006,Petrol,Manual,150,348471,1700.0,https://www.mobile.bg/obiava-11788962912429246-skoda-octavia
11727294798616375,Skoda,Octavia,2011,Diesel,Manual,105,500000,2100.0,https://www.mobile.bg/obiava-11727294798616375-skoda-octavia-1-6tdi
11787559595607684,Skoda,Octavia,2008,Diesel,Manual,101,215028,2100.0,https://www.mobile.bg/obiava-11787559595607684-skoda-octavia-1-9tdi
11782388378581517,Skoda,Octavia,2005,Diesel,Manual,101,275000,2100.0,https://www.mobile.bg/obiava-11782388378581517-skoda-octavia-1-9-tdi-4x4
11777746337611535,Skoda,Octavia,2004,Petrol,Manual,116,390000,2188.0,https://www.mobile.bg/obiava-11777746337611535-skoda-octavia-4-4
11787475898130700,Skoda,Octavia,2001,Petrol,Manual,180,267000,2199.0,https://www.mobile.bg/obiava-11787475898130700-skoda-octavia-1-8t-4x4
11789397777046353,Skoda,Octavia,2006,Petrol,Manual,100,375400,2200.0,https://www.mobile.bg/obiava-11789397777046353-skoda-octavia-1-6i
11785400910836215,Skoda,Octavia,2007,Diesel,Automatic,140,275000,2200.0,https://www.mobile.bg/obiava-11785400910836215-skoda-octavia-2-0tdi-dsg
11789712725158199,Skoda,Octavia,2006,Diesel,Manual,105,280600,2200.0,https://www.mobile.bg/obiava-11789712725158199-skoda-octavia-1-9-tdi-105-hp
11767083417830646,Skoda,Octavia,2009,Petrol,Manual,122,172000,2200.0,https://www.mobile.bg/obiava-11767083417830646-skoda-octavia-1-4i-122k-s
11787661726515812,Skoda,Octavia,2006,Diesel,Manual,140,257000,2200.0,https://www.mobile.bg/obiava-11787661726515812-skoda-octavia-2-0-140k-s
11789907479556883,Skoda,Octavia,2005,Diesel,Manual,105,343000,2200.0,https://www.mobile.bg/obiava-11789907479556883-skoda-octavia-tdi-4x4
11789840635675476,Skoda,Octavia,2005,Diesel,Manual,101,299565,2200.0,https://www.mobile.bg/obiava-11789840635675476-skoda-octavia
11781900572081470,Skoda,Octavia,2005,Diesel,Manual,140,260000,1890.0,https://www.mobile.bg/obiava-11781900572081470-skoda-octavia
11783543212050159,Skoda,Octavia,2006,Diesel,Automatic,140,352167,2300.0,https://www.mobile.bg/obiava-11783543212050159-skoda-octavia
11790160386760403,Skoda,Octavia,2007,Diesel,Manual,105,198485,2300.0,https://www.mobile.bg/obiava-11790160386760403-skoda-octavia
11790338801635494,Skoda,Octavia,2003,Petrol,Manual,150,286000,2300.0,https://www.mobile.bg/obiava-11790338801635494-skoda-octavia
11789500662764061,Skoda,Octavia,2005,Diesel,Automatic,105,220000,2300.0,https://www.mobile.bg/obiava-11789500662764061-skoda-octavia
11760874379792679,Skoda,Octavia,2007,Diesel,Manual,105,235000,2300.0,https://www.mobile.bg/obiava-11760874379792679-skoda-octavia
11784123884042542,Skoda,Octavia,2007,Diesel,Manual,140,356089,2350.0,https://www.mobile.bg/obiava-11784123884042542-skoda-octavia-2-0-dizel-140-k-s-6-skorosti-bmm-8-klapana
11704795819070103,Skoda,Octavia,2011,Diesel,Manual,140,257000,2350.0,https://www.mobile.bg/obiava-11704795819070103-skoda-octavia-2-0tdi-klimatronik
11773149731459117,Skoda,Octavia,2005,Petrol,Manual,101,267000,2399.0,https://www.mobile.bg/obiava-11773149731459117-skoda-octavia-1-6i-101ks
11784459043291051,Skoda,Octavia,2005,Diesel,Manual,140,223000,2400.0,https://www.mobile.bg/obiava-11784459043291051-skoda-octavia-2-0-tdi
11788956521587557,Skoda,Octavia,2008,Diesel,Manual,105,195000,2400.0,https://www.mobile.bg/obiava-11788956521587557-skoda-octavia-4x4
11781637308683512,Skoda,Octavia,2001,Diesel,Manual,101,241000,2400.0,https://www.mobile.bg/obiava-11781637308683512-skoda-octavia-4h4
11777919251806202,Skoda,Octavia,2006,Diesel,Manual,105,195000,2400.0,https://www.mobile.bg/obiava-11777919251806202-skoda-octavia
11790511719120125,Skoda,Octavia,2000,Petrol,Manual,116,262500,2400.0,https://www.mobile.bg/obiava-11790511719120125-skoda-octavia-2-0i
11696451581885980,Skoda,Octavia,2007,Diesel,Automatic,140,230000,2403.07,https://www.mobile.bg/obiava-11696451581885980-skoda-octavia-1-9-tdi-dsg
11788814585326692,Skoda,Octavia,2008,Diesel,Automatic,150,240000,2499.0,https://www.mobile.bg/obiava-11788814585326692-skoda-octavia
11769951829515721,Skoda,Octavia,2006,Petrol,Manual,200,240000,2499.0,https://www.mobile.bg/obiava-11769951829515721-skoda-octavia-vrs
11782030672662442,Skoda,Octavia,2006,Diesel,Manual,105,304000,2499.0,https://www.mobile.bg/obiava-11782030672662442-skoda-octavia
11790693669629785,Skoda,Octavia,2007,Diesel,Automatic,105,289746,2500.0,https://www.mobile.bg/obiava-11790693669629785-skoda-octavia
11788607867452284,Skoda,Octavia,2012,Petrol,Manual,90,400000,2500.0,https://www.mobile.bg/obiava-11788607867452284-skoda-octavia
11765038976961117,Skoda,Octavia,2007,Petrol,Manual,150,210000,2500.0,https://www.mobile.bg/obiava-11765038976961117-skoda-octavia-2-0-i-4x4
11788965282758952,Skoda,Octavia,2007,Diesel,Manual,116,300000,2500.0,https://www.mobile.bg/obiava-11788965282758952-skoda-octavia
11786881159415590,Skoda,Octavia,2002,Diesel,Manual,110,348000,2500.0,https://www.mobile.bg/obiava-11786881159415590-skoda-octavia-1-9-tdi-110-k-s
11773167245948704,Skoda,Octavia,2013,Diesel,Manual,105,187000,2500.0,https://www.mobile.bg/obiava-11773167245948704-skoda-octavia-1-6-tdi-105
11760889263973796,Skoda,Octavia,2003,Diesel,Manual,101,355000,2500.0,https://www.mobile.bg/obiava-11760889263973796-skoda-octavia-1-9-tdi-4h4
11778753092542798,Skoda,Octavia,2012,Diesel,Manual,105,396000,2500.0,https://www.mobile.bg/obiava-11778753092542798-skoda-octavia
11780924566346811,Skoda,Octavia,2004,Diesel,Manual,240,320521,2500.0,https://www.mobile.bg/obiava-11780924566346811-skoda-octavia-laurin-klement
11777203695515934,Skoda,Octavia,2006,Diesel,Manual,105,250000,2500.0,https://www.mobile.bg/obiava-11777203695515934-skoda-octavia-1-9-tdi
11790696567783324,Skoda,Octavia,2004,Diesel,Manual,131,304880,2599.0,https://www.mobile.bg/obiava-11790696567783324-skoda-octavia-skoda-octavia-1-9-tdi
11789117804447833,Skoda,Octavia,2005,Diesel,Manual,105,231580,2600.0,https://www.mobile.bg/obiava-11789117804447833-skoda-octavia-1-9tdi-105kc
11764490596685187,Skoda,Octavia,2008,Diesel,Manual,140,377500,2600.0,https://www.mobile.bg/obiava-11764490596685187-skoda-octavia-laurin-klement
11790457551441095,Skoda,Octavia,2006,Diesel,Manual,105,220000,2600.0,https://www.mobile.bg/obiava-11790457551441095-skoda-octavia-1-9
11786464747638035,Skoda,Octavia,2006,Diesel,Manual,105,243000,2650.0,https://www.mobile.bg/obiava-11786464747638035-skoda-octavia
11787311358182872,Skoda,Octavia,2004,Diesel,Manual,110,287240,2650.0,https://www.mobile.bg/obiava-11787311358182872-skoda-octavia-1-9-tdi-110hp-l-k
11772987949249134,Skoda,Octavia,2008,Diesel,Automatic,170,400000,2650.0,https://www.mobile.bg/obiava-11772987949249134-skoda-octavia-vrs-2-0
11775789020662900,Skoda,Octavia,2006,Diesel,Automatic,105,303000,2650.0,https://www.mobile.bg/obiava-11775789020662900-skoda-octavia-1-9tdi-dsg-6
11755360947659073,Skoda,Octavia,2003,Petrol,Manual,150,300000,2700.0,https://www.mobile.bg/obiava-11755360947659073-skoda-octavia-1-8t-4x4-150k-s
11733566097617045,Skoda,Octavia,2005,Diesel,Manual,105,185000,2700.0,https://www.mobile.bg/obiava-11733566097617045-skoda-octavia-1-9tdi-105bjb
11783792366430554,Skoda,Octavia,2009,Diesel,Manual,105,310000,2700.0,https://www.mobile.bg/obiava-11783792366430554-skoda-octavia
11780844684379047,Skoda,Octavia,2008,Diesel,Manual,140,291200,2700.0,https://www.mobile.bg/obiava-11780844684379047-skoda-octavia-2
11790179762766134,Skoda,Octavia,2008,Diesel,Manual,136,171000,2700.0,https://www.mobile.bg/obiava-11790179762766134-skoda-octavia
11774510910008125,Skoda,Octavia,2009,Petrol,Manual,160,186200,2700.0,https://www.mobile.bg/obiava-11774510910008125-skoda-octavia-1-8tfsi-4x4-klima
11789563781543036,Skoda,Octavia,2007,Diesel,Automatic,140,293000,2750.0,https://www.mobile.bg/obiava-11789563781543036-skoda-octavia
11768244209533345,Skoda,Octavia,2012,Diesel,Manual,103,270000,2800.0,https://www.mobile.bg/obiava-11768244209533345-skoda-octavia-1-6-tdi
11781342492783922,Skoda,Octavia,2006,Diesel,Automatic,140,256000,2800.0,https://www.mobile.bg/obiava-11781342492783922-skoda-octavia
11789737474813255,Skoda,Octavia,2006,Diesel,Manual,105,358335,2800.0,https://www.mobile.bg/obiava-11789737474813255-skoda-octavia
11766003250946665,Skoda,Octavia,2008,Diesel,Automatic,140,312000,2800.0,https://www.mobile.bg/obiava-11766003250946665-skoda-octavia
11772379175860362,Skoda,Octavia,2010,Petrol,Manual,105,176000,2800.0,https://www.mobile.bg/obiava-11772379175860362-skoda-octavia-tsi-6-skorosti
11786453960093867,Skoda,Octavia,2007,Petrol,Manual,158,177000,2800.0,https://www.mobile.bg/obiava-11786453960093867-skoda-octavia-tsi
11787585906713387,Skoda,Octavia,2009,Diesel,Manual,140,322000,2850.0,https://www.mobile.bg/obiava-11787585906713387-skoda-octavia-2-0-tdi
11768807247725843,Skoda,Octavia,2007,Diesel,Automatic,140,258000,2850.0,https://www.mobile.bg/obiava-11768807247725843-skoda-octavia-2-0tdi
11790604922240142,Skoda,Octavia,2010,Diesel,Manual,105,230000,2900.0,https://www.mobile.bg/obiava-11790604922240142-skoda-octavia
11784749562758608,Skoda,Octavia,1997,Diesel,Manual,101,280008,2900.0,https://www.mobile.bg/obiava-11784749562758608-skoda-octavia-1-9
11785407274521194,Skoda,Octavia,2008,Diesel,Automatic,140,300000,2900.0,https://www.mobile.bg/obiava-11785407274521194-skoda-octavia
11781719525634555,Skoda,Octavia,2007,Diesel,Manual,105,243000,2900.0,https://www.mobile.bg/obiava-11781719525634555-skoda-octavia-1-9tdi-4x4
11760427933086113,Skoda,Octavia,2010,Diesel,Manual,105,141000,2900.0,https://www.mobile.bg/obiava-11760427933086113-skoda-octavia-1-6tdi-4x4-swiss
11785258959890942,Skoda,Octavia,2006,Diesel,Automatic,140,269000,2950.0,https://www.mobile.bg/obiava-11785258959890942-skoda-octavia-dsg-bmm-navi
11707730962833422,Skoda,Octavia,2008,Diesel,Manual,140,196000,2960.0,https://www.mobile.bg/obiava-11707730962833422-skoda-octavia-2-0-tdi
11789216492837697,Skoda,Octavia,2007,Diesel,Automatic,105,290000,2990.0,https://www.mobile.bg/obiava-11789216492837697-skoda-octavia
11754981263933405,Skoda,Octavia,2004,Diesel,Manual,140,340000,2991.06,https://www.mobile.bg/obiava-11754981263933405-skoda-octavia
11789320228284684,Skoda,Octavia,2006,Diesel,Manual,105,180000,2992.0,https://www.mobile.bg/obiava-11789320228284684-skoda-octavia-1-9tdi-105ks-hechbek-klima
11789719964090513,Skoda,Octavia,2006,Diesel,Automatic,140,350000,2999.0,https://www.mobile.bg/obiava-11789719964090513-skoda-octavia
11696967781527188,Skoda,Octavia,2006,Diesel,Automatic,105,190000,2999.0,https://www.mobile.bg/obiava-11696967781527188-skoda-octavia-1-9tdi
11789279607581571,Skoda,Octavia,2005,Diesel,Manual,105,283000,2999.0,https://www.mobile.bg/obiava-11789279607581571-skoda-octavia
11787855556610080,Skoda,Octavia,2006,Diesel,Manual,105,355360,2999.0,https://www.mobile.bg/obiava-11787855556610080-skoda-octavia-elegance
11788967219741091,Skoda,Octavia,2002,Petrol,Manual,150,356000,2999.0,https://www.mobile.bg/obiava-11788967219741091-skoda-octavia-1-8t-lpg-eko-4
11789923195582925,Skoda,Octavia,2009,Petrol,Manual,160,171000,2999.0,https://www.mobile.bg/obiava-11789923195582925-skoda-octavia
11779978912839032,Skoda,Octavia,2007,Diesel,Manual,140,345000,3000.0,https://www.mobile.bg/obiava-11779978912839032-skoda-octavia-2-0-4x4
11780418798538384,Skoda,Octavia,2001,Diesel,Manual,90,240000,3000.0,https://www.mobile.bg/obiava-11780418798538384-skoda-octavia
11789387189926593,Skoda,Octavia,2007,Diesel,Manual,200,250000,3000.0,https://www.mobile.bg/obiava-11789387189926593-skoda-octavia-kombi
11788633806170307,Skoda,Octavia,2012,Diesel,Manual,105,368000,3000.0,https://www.mobile.bg/obiava-11788633806170307-skoda-octavia-1-6-tdi
11784387080601923,Skoda,Octavia,2004,Petrol,Manual,101,351000,3000.0,https://www.mobile.bg/obiava-11784387080601923-skoda-octavia-1-6-i
11789227541365178,Skoda,Octavia,2011,Diesel,Manual,105,210000,3000.0,https://www.mobile.bg/obiava-11789227541365178-skoda-octavia-oktaviya
11788686553523094,Skoda,Octavia,2004,Diesel,Manual,131,173458,2500.0,https://www.mobile.bg/obiava-11788686553523094-skoda-octavia
11785355294821813,Skoda,Octavia,2006,Diesel,Manual,105,260000,3050.0,https://www.mobile.bg/obiava-11785355294821813-skoda-octavia
11785104940587771,Skoda,Octavia,2010,Diesel,Manual,105,245000,3100.0,https://www.mobile.bg/obiava-11785104940587771-skoda-octavia-1-6tdi-4x4-navi-bluetooth
11790863374414564,Skoda,Octavia,2007,Diesel,Manual,105,221000,3100.0,https://www.mobile.bg/obiava-11790863374414564-skoda-octavia-1-9tdi-105ks
11743665763443668,Skoda,Octavia,2007,Petrol,Manual,150,270300,3150.0,https://www.mobile.bg/obiava-11743665763443668-skoda-octavia
11785476480892233,Skoda,Octavia,2009,Petrol,Manual,105,206000,3150.0,https://www.mobile.bg/obiava-11785476480892233-skoda-octavia-1-6
11781027311820513,Skoda,Octavia,2008,Diesel,Manual,140,241000,3199.0,https://www.mobile.bg/obiava-11781027311820513-skoda-octavia-4x4-2-0-tdi
11790853390489378,Skoda,Octavia,2008,Petrol,Manual,160,314000,3200.0,https://www.mobile.bg/obiava-11790853390489378-skoda-octavia-laurin-klement-34-1-8-tsi
11789395392435784,Skoda,Octavia,2006,Diesel,Manual,140,206987,3200.0,https://www.mobile.bg/obiava-11789395392435784-skoda-octavia
11775315620035972,Skoda,Octavia,2007,Petrol,Manual,200,178533,3200.0,https://www.mobile.bg/obiava-11775315620035972-skoda-octavia-2-0-tfsi-vrs-shveytsariya
11790234885249234,Skoda,Octavia,2003,Diesel,Manual,101,285000,3200.0,https://www.mobile.bg/obiava-11790234885249234-skoda-octavia-kombi-4h4
11771601974866683,Skoda,Octavia,2013,Diesel,Manual,105,111111,3200.0,https://www.mobile.bg/obiava-11771601974866683-skoda-octavia-1-6tdi-navi-euro-5
11788076159297919,Skoda,Octavia,2007,Diesel,Manual,105,274000,3300.0,https://www.mobile.bg/obiava-11788076159297919-skoda-octavia-octavia-1-9tdi-105ks
11786380536677425,Skoda,Octavia,2010,Diesel,Manual,105,252000,3300.0,https://www.mobile.bg/obiava-11786380536677425-skoda-octavia
11786966261796674,Skoda,Octavia,2008,Diesel,Manual,105,225000,3300.0,https://www.mobile.bg/obiava-11786966261796674-skoda-octavia-4x4
11790010059450139,Skoda,Octavia,2008,Gas/LPG,Manual,102,289000,3300.0,https://www.mobile.bg/obiava-11790010059450139-skoda-octavia
11761997191153752,Skoda,Octavia,2007,Diesel,Automatic,105,200000,3300.0,https://www.mobile.bg/obiava-11761997191153752-skoda-octavia-1-9tdi-105k-c
11779459728986549,Skoda,Octavia,2009,Diesel,Manual,106,184000,3300.0,https://www.mobile.bg/obiava-11779459728986549-skoda-octavia
11774524201521664,Skoda,Octavia,2008,Diesel,Manual,105,299200,3300.0,https://www.mobile.bg/obiava-11774524201521664-skoda-octavia-1-9
11788174804840892,Skoda,Octavia,2011,Diesel,Manual,105,337000,3300.0,https://www.mobile.bg/obiava-11788174804840892-skoda-octavia
11789982562545930,Skoda,Octavia,2007,Diesel,Manual,170,290000,3300.0,https://www.mobile.bg/obiava-11789982562545930-skoda-octavia
11768075840425617,Skoda,Octavia,2007,Diesel,Manual,170,296331,3300.0,https://www.mobile.bg/obiava-11768075840425617-skoda-octavia-vrs
11789409696038085,Skoda,Octavia,2010,Diesel,Manual,105,294975,3300.0,https://www.mobile.bg/obiava-11789409696038085-skoda-octavia
11775835133171942,Skoda,Octavia,2009,Diesel,Manual,140,320000,3300.0,https://www.mobile.bg/obiava-11775835133171942-skoda-octavia-2-0-tdi
11790614698077335,Skoda,Octavia,2008,Diesel,Automatic,105,269780,3333.0,https://www.mobile.bg/obiava-11790614698077335-skoda-octavia
11789373084299432,Skoda,Octavia,2009,Petrol,Manual,80,188500,3350.0,https://www.mobile.bg/obiava-11789373084299432-skoda-octavia-gazova-uredba
11785422182020706,Skoda,Octavia,2007,Diesel,Manual,140,278770,3350.0,https://www.mobile.bg/obiava-11785422182020706-skoda-octavia
11773913147827375,Skoda,Octavia,2008,Petrol,Manual,102,125000,3390.0,https://www.mobile.bg/obiava-11773913147827375-skoda-octavia-1-6mpi
11774878306755708,Skoda,Octavia,2009,Petrol,Manual,80,198000,3400.0,https://www.mobile.bg/obiava-11774878306755708-skoda-octavia-1-4i-80ks-stariya-motor-stava-za-gaz
11780486832200045,Skoda,Octavia,2007,Diesel,Manual,170,267827,3400.0,https://www.mobile.bg/obiava-11780486832200045-skoda-octavia-170-vrs-lizing
11786201918509259,Skoda,Octavia,2006,Diesel,Manual,105,287000,3400.0,https://www.mobile.bg/obiava-11786201918509259-skoda-octavia-1-9-tdi
11772221029335555,Skoda,Octavia,2006,Diesel,Manual,105,288593,3400.0,https://www.mobile.bg/obiava-11772221029335555-skoda-octavia-1-9
11790351100792366,Skoda,Octavia,2007,Diesel,Manual,105,291000,3400.0,https://www.mobile.bg/obiava-11790351100792366-skoda-octavia
11790177902055774,Skoda,Octavia,2009,Diesel,Manual,105,290000,3400.0,https://www.mobile.bg/obiava-11790177902055774-skoda-octavia
11765786391677989,Skoda,Octavia,2011,Diesel,Manual,105,244953,3450.0,https://www.mobile.bg/obiava-11765786391677989-skoda-octavia-1-6-tdi-4-4
11782404999466610,Skoda,Octavia,2009,Petrol,Manual,102,250000,3450.0,https://www.mobile.bg/obiava-11782404999466610-skoda-octavia-1-6mpi
11780086130030414,Skoda,Octavia,2008,Hybrid,Manual,160,300000,3450.0,https://www.mobile.bg/obiava-11780086130030414-skoda-octavia-1-8-tsi-gazov-inzhektsion
11777042651673042,Skoda,Octavia,2014,Petrol,Manual,110,260000,3490.0,https://www.mobile.bg/obiava-11777042651673042-skoda-octavia-g-tec-fabrichen-metan
11789545068465159,Skoda,Octavia,2008,Diesel,Manual,105,221815,3499.0,https://www.mobile.bg/obiava-11789545068465159-skoda-octavia-1-9tdi
11788202550383315,Skoda,Octavia,2009,Diesel,Manual,140,212000,3499.0,https://www.mobile.bg/obiava-11788202550383315-skoda-octavia
11782390612582209,Skoda,Octavia,2008,Diesel,Manual,170,278452,3499.0,https://www.mobile.bg/obiava-11782390612582209-skoda-octavia-vrs
11776599650672119,Skoda,Octavia,2013,Petrol,Automatic,180,232000,3500.0,https://www.mobile.bg/obiava-11776599650672119-skoda-octavia-1-8tsi-4x4
11789310178749282,Skoda,Octavia,2006,Diesel,Manual,105,280000,3500.0,https://www.mobile.bg/obiava-11789310178749282-skoda-octavia-1-9tdi-4x4
11773404869590033,Skoda,Octavia,2013,Diesel,Manual,140,272000,3500.0,https://www.mobile.bg/obiava-11773404869590033-skoda-octavia-2-0tdi-140-cfh
11787500048687938,Skoda,Octavia,2010,Diesel,Manual,105,280000,3500.0,https://www.mobile.bg/obiava-11787500048687938-skoda-octavia
11749587288173167,Skoda,Octavia,2010,Petrol,Manual,105,259000,3500.0,https://www.mobile.bg/obiava-11749587288173167-skoda-octavia-1-2fsi-4h4
11787916418800123,Skoda,Octavia,2012,Diesel,Manual,105,210000,3500.0,https://www.mobile.bg/obiava-11787916418800123-skoda-octavia-1-6tdi-4x4
11790098438676273,Skoda,Octavia,2010,Diesel,Manual,105,200000,3500.0,https://www.mobile.bg/obiava-11790098438676273-skoda-octavia
11789895601258755,Skoda,Octavia,2006,Diesel,Manual,105,183600,3500.0,https://www.mobile.bg/obiava-11789895601258755-skoda-octavia
11736862264143207,Skoda,Octavia,2008,Diesel,Manual,140,240000,3500.0,https://www.mobile.bg/obiava-11736862264143207-skoda-octavia
11787829777905265,Skoda,Octavia,2007,Diesel,Automatic,140,238000,3500.0,https://www.mobile.bg/obiava-11787829777905265-skoda-octavia-2-0-tdi
11720431570319700,Skoda,Octavia,2013,Diesel,Manual,105,350000,3550.0,https://www.mobile.bg/obiava-11720431570319700-skoda-octavia
11763130269110758,Skoda,Octavia,2011,Diesel,Manual,105,164000,3550.0,https://www.mobile.bg/obiava-11763130269110758-skoda-octavia-1-6-tdi-105k-s-2011g
11785335469869692,Skoda,Octavia,2007,Diesel,Manual,105,275000,3590.0,https://www.mobile.bg/obiava-11785335469869692-skoda-octavia-1-9-tdi
11790786054309268,Skoda,Octavia,2009,Diesel,Manual,105,254117,3600.0,https://www.mobile.bg/obiava-11790786054309268-skoda-octavia-1-9tdi-4x4-pechka
11790436937203239,Skoda,Octavia,2006,Petrol,Manual,75,170000,3600.0,https://www.mobile.bg/obiava-11790436937203239-skoda-octavia-sedan
11766131772374677,Skoda,Octavia,2008,Diesel,Manual,140,375000,3600.0,https://www.mobile.bg/obiava-11766131772374677-skoda-octavia-skaut
11788517699747790,Skoda,Octavia,2005,Petrol,Manual,101,18323,3650.0,https://www.mobile.bg/obiava-11788517699747790-skoda-octavia-1-6-mpi
11790350852011098,Skoda,Octavia,2010,Diesel,Automatic,105,246600,3700.0,https://www.mobile.bg/obiava-11790350852011098-skoda-octavia
11778395911387183,Skoda,Octavia,2007,Diesel,Manual,140,191234,3700.0,https://www.mobile.bg/obiava-11778395911387183-skoda-octavia-4-4
11780147235067122,Skoda,Octavia,2010,Petrol,Manual,101,280000,3700.0,https://www.mobile.bg/obiava-11780147235067122-skoda-octavia-1-6-klimatik
11775061406033053,Skoda,Octavia,2007,Diesel,Manual,140,215000,3700.0,https://www.mobile.bg/obiava-11775061406033053-skoda-octavia-scout-2-0
11739530328799396,Skoda,Octavia,2010,Diesel,Manual,105,170000,3700.0,https://www.mobile.bg/obiava-11739530328799396-skoda-octavia-1-6tdi105ksa-s
11767018120575867,Skoda,Octavia,2006,Petrol,Manual,200,210000,3700.0,https://www.mobile.bg/obiava-11767018120575867-skoda-octavia-2-0vrs
11785833003463655,Skoda,Octavia,2010,Petrol,Manual,102,165000,3750.0,https://www.mobile.bg/obiava-11785833003463655-skoda-octavia-1-6-102-k-c
11789149363276800,Skoda,Octavia,2011,Petrol,Manual,160,226400,3750.0,https://www.mobile.bg/obiava-11789149363276800-skoda-octavia-1-8i-160p-s-4x4-euro-5-barter
11782276245858729,Skoda,Octavia,2009,Diesel,Automatic,140,336000,3799.0,https://www.mobile.bg/obiava-11782276245858729-skoda-octavia-2-0-dsg-6
11783149094774956,Skoda,Octavia,2009,Diesel,Manual,140,210583,3799.0,https://www.mobile.bg/obiava-11783149094774956-skoda-octavia-2-0-tdi-cbab-140-k-s
11790102426404103,Skoda,Octavia,2011,Diesel,Manual,140,298380,3800.0,https://www.mobile.bg/obiava-11790102426404103-skoda-octavia-2-0-tdi
11781852383161405,Skoda,Octavia,2008,Diesel,Manual,140,296300,3800.0,https://www.mobile.bg/obiava-11781852383161405-skoda-octavia-2-0-tdi
11785924734830042,Skoda,Octavia,2012,Diesel,Manual,105,205000,3800.0,https://www.mobile.bg/obiava-11785924734830042-skoda-octavia-1-6tdi-105ks
11789990627233645,Skoda,Octavia,2008,Diesel,Manual,140,268247,3800.0,https://www.mobile.bg/obiava-11789990627233645-skoda-octavia-scout
11771507037284424,Skoda,Octavia,2011,Diesel,Manual,105,179000,3800.0,https://www.mobile.bg/obiava-11771507037284424-skoda-octavia-4x4-1-6tdi-realni-kilometri
11776262528838336,Skoda,Octavia,2008,Diesel,Automatic,105,230000,3800.0,https://www.mobile.bg/obiava-11776262528838336-skoda-octavia
11761274408355797,Skoda,Octavia,2010,Petrol,Manual,160,256000,3850.0,https://www.mobile.bg/obiava-11761274408355797-skoda-octavia-1-8-tsi-4x4
11768515307814949,Skoda,Octavia,2012,Diesel,Manual,105,350000,3850.0,https://www.mobile.bg/obiava-11768515307814949-skoda-octavia
11790255574884896,Skoda,Octavia,2007,Diesel,Manual,170,280686,3850.0,https://www.mobile.bg/obiava-11790255574884896-skoda-octavia-vrs
11789568222929242,Skoda,Octavia,2003,Diesel,Manual,101,270000,3900.0,https://www.mobile.bg/obiava-11789568222929242-skoda-octavia-4x4-powerplay
11786251563161773,Skoda,Octavia,2012,Diesel,Manual,105,240000,3900.0,https://www.mobile.bg/obiava-11786251563161773-skoda-octavia-2012euro-5b
11790276176554309,Skoda,Octavia,2012,Diesel,Manual,105,210000,3900.0,https://www.mobile.bg/obiava-11790276176554309-skoda-octavia-1-6tdi-105cv-4x4
11770656981656113,Skoda,Octavia,2011,Diesel,Manual,105,383900,3900.0,https://www.mobile.bg/obiava-11770656981656113-skoda-octavia
11778446298375432,Skoda,Octavia,2011,Petrol,Manual,105,206000,3900.0,https://www.mobile.bg/obiava-11778446298375432-skoda-octavia
11758082023730817,Skoda,Octavia,2010,Diesel,Automatic,105,194000,3900.0,https://www.mobile.bg/obiava-11758082023730817-skoda-octavia-1-6tdi-avtomat
11788245146434020,Skoda,Octavia,2013,Diesel,Manual,105,221000,3900.0,https://www.mobile.bg/obiava-11788245146434020-skoda-octavia-c-1-6tdi-4x4
11781157360235054,Skoda,Octavia,2009,Diesel,Manual,105,200000,3900.0,https://www.mobile.bg/obiava-11781157360235054-skoda-octavia-1-9tdi-4x4
11786693695183999,Skoda,Octavia,2007,Diesel,Automatic,140,304000,3900.0,https://www.mobile.bg/obiava-11786693695183999-skoda-octavia
11746707348599179,Skoda,Octavia,2011,Diesel,Automatic,105,163000,3936.44,https://www.mobile.bg/obiava-11746707348599179-skoda-octavia-1-39-6-tdi-dsg
11709316861486793,Skoda,Octavia,2008,Petrol,Manual,102,213800,3950.0,https://www.mobile.bg/obiava-11709316861486793-skoda-octavia-1-6-i-lpg
11779181161129641,Skoda,Octavia,2012,Diesel,Manual,105,213000,3960.0,https://www.mobile.bg/obiava-11779181161129641-skoda-octavia-1-6tdi
11736018240608502,Skoda,Octavia,2013,Petrol,Manual,102,364646,3976.0,https://www.mobile.bg/obiava-11736018240608502-skoda-octavia-1-6
11789231476516882,Skoda,Octavia,2011,Diesel,Manual,140,191000,3990.0,https://www.mobile.bg/obiava-11789231476516882-skoda-octavia-2-0tdi-scout-navi
11787580146037769,Skoda,Octavia,2012,Diesel,Manual,140,217000,3990.0,https://www.mobile.bg/obiava-11787580146037769-skoda-octavia
11751120359411774,Skoda,Octavia,2013,Diesel,Manual,105,154000,3999.0,https://www.mobile.bg/obiava-11751120359411774-skoda-octavia-1-6tdi
11790092332084127,Skoda,Octavia,2007,Diesel,Manual,170,185000,3999.0,https://www.mobile.bg/obiava-11790092332084127-skoda-octavia-vrs-2-0tdi-6sk-170k-s
11777056601360764,Skoda,Octavia,2008,Diesel,Manual,140,271271,3999.0,https://www.mobile.bg/obiava-11777056601360764-skoda-octavia-2-scout
11780663978717293,Skoda,Octavia,2015,Petrol,Manual,90,192000,3999.0,https://www.mobile.bg/obiava-11780663978717293-skoda-octavia
11733158447916225,Skoda,Octavia,2009,Diesel,Manual,105,230000,3999.0,https://www.mobile.bg/obiava-11733158447916225-skoda-octavia-tdi-lizing
11788965545854262,Skoda,Octavia,2009,Petrol,Manual,160,240000,3999.0,https://www.mobile.bg/obiava-11788965545854262-skoda-octavia-1-8
11762274283904418,Skoda,Octavia,2010,Diesel,Manual,105,204718,3999.0,https://www.mobile.bg/obiava-11762274283904418-skoda-octavia-4h4-1-6tdi-105k-s
11790302440037534,Skoda,Octavia,2012,Diesel,Manual,170,234789,4000.0,https://www.mobile.bg/obiava-11790302440037534-skoda-octavia
11789888455365497,Skoda,Octavia,2007,Diesel,Manual,140,369000,4000.0,https://www.mobile.bg/obiava-11789888455365497-skoda-octavia-skaut
11789710864912955,Skoda,Octavia,2009,Diesel,Manual,105,231500,4000.0,https://www.mobile.bg/obiava-11789710864912955-skoda-octavia-1-9tdi
11788418352881267,Skoda,Octavia,2011,Diesel,Manual,105,228000,4000.0,https://www.mobile.bg/obiava-11788418352881267-skoda-octavia-1-6-tdi
11777386717809130,Skoda,Octavia,2008,Diesel,Manual,105,204482,4000.0,https://www.mobile.bg/obiava-11777386717809130-skoda-octavia-1-9-tdi-105-k-s-bls-2008g
11781021472370081,Skoda,Octavia,2011,Diesel,Manual,105,215101,4000.0,https://www.mobile.bg/obiava-11781021472370081-skoda-octavia-1-6-tdi
11788770138845682,Skoda,Octavia,2011,Petrol,Manual,102,245000,4000.0,https://www.mobile.bg/obiava-11788770138845682-skoda-octavia
11787928641400919,Skoda,Octavia,2009,Petrol,Automatic,160,250000,4000.0,https://www.mobile.bg/obiava-11787928641400919-skoda-octavia
11775365790431581,Skoda,Octavia,2009,Diesel,Manual,105,229000,4000.0,https://www.mobile.bg/obiava-11775365790431581-skoda-octavia-1-9tdi-105ps
11775189334974238,Skoda,Octavia,2008,Petrol,Manual,160,120000,4000.0,https://www.mobile.bg/obiava-11775189334974238-skoda-octavia-tsi
11781208604410347,Skoda,Octavia,2007,Diesel,Manual,140,300000,4000.0,https://www.mobile.bg/obiava-11781208604410347-skoda-octavia-scout
11783323311857042,Skoda,Octavia,2006,Diesel,Manual,105,165000,4000.0,https://www.mobile.bg/obiava-11783323311857042-skoda-octavia-1-9tdi-combi-2006-realni-165-000
11789586121808272,Skoda,Octavia,2009,Diesel,Manual,105,260000,4100.0,https://www.mobile.bg/obiava-11789586121808272-skoda-octavia
11784031915646865,Skoda,Octavia,2012,Petrol,Manual,160,230000,4100.0,https://www.mobile.bg/obiava-11784031915646865-skoda-octavia-4h4-alldrive1-8
11751011940178748,Skoda,Octavia,2009,Diesel,Manual,107,317000,4100.0,https://www.mobile.bg/obiava-11751011940178748-skoda-octavia
11786645730282303,Skoda,Octavia,2010,Diesel,Automatic,105,283145,4150.0,https://www.mobile.bg/obiava-11786645730282303-skoda-octavia
11763632920480154,Skoda,Octavia,2009,Diesel,Manual,140,203000,4199.0,https://www.mobile.bg/obiava-11763632920480154-skoda-octavia-2-0tdi-140k-c
11768996865558672,Skoda,Octavia,2008,Diesel,Manual,140,194369,4199.0,https://www.mobile.bg/obiava-11768996865558672-skoda-octavia-scout-4x4-bmm-140hp
11777281958896946,Skoda,Octavia,2006,Diesel,Automatic,140,192000,4199.0,https://www.mobile.bg/obiava-11777281958896946-skoda-octavia-highline
11790534379139584,Skoda,Octavia,2009,Diesel,Manual,105,240000,4200.0,https://www.mobile.bg/obiava-11790534379139584-skoda-octavia-facelift
11790338926340715,Skoda,Octavia,2011,Diesel,Manual,105,165000,4200.0,https://www.mobile.bg/obiava-11790338926340715-skoda-octavia
11743003506018505,Skoda,Octavia,2010,Diesel,Manual,105,178000,4200.0,https://www.mobile.bg/obiava-11743003506018505-skoda-octavia-1-6tdi-105-navi-italia
11716193776443668,Skoda,Octavia,2008,Diesel,Manual,105,270000,4200.0,https://www.mobile.bg/obiava-11716193776443668-skoda-octavia-1-9-tdi
11747561194148189,Skoda,Octavia,2007,Diesel,Manual,170,295000,4200.0,https://www.mobile.bg/obiava-11747561194148189-skoda-octavia-vrs
11777013293740891,Skoda,Octavia,2010,Petrol,Manual,160,173009,4200.0,https://www.mobile.bg/obiava-11777013293740891-skoda-octavia-1-8-t
11746781364788345,Skoda,Octavia,2010,Diesel,Manual,105,283000,4243.72,https://www.mobile.bg/obiava-11746781364788345-skoda-octavia-1-6-tdi-4x4
11777979860102473,Skoda,Octavia,2009,Diesel,Manual,140,173000,4250.0,https://www.mobile.bg/obiava-11777979860102473-skoda-octavia-2-0tdi-140ks-scout-klimatronik
11766476825984091,Skoda,Octavia,2012,Diesel,Automatic,105,214500,4250.0,https://www.mobile.bg/obiava-11766476825984091-skoda-octavia-1-6tdi-dsg
11757615438117298,Skoda,Octavia,2009,Diesel,Manual,140,329000,4268.78,https://www.mobile.bg/obiava-11757615438117298-skoda-octavia-skaut
11776498494267256,Skoda,Octavia,2010,Diesel,Manual,105,262000,4290.0,https://www.mobile.bg/obiava-11776498494267256-skoda-octavia-1-6tdi-105k-s
11767950315287914,Skoda,Octavia,2010,Diesel,Manual,105,277239,4290.0,https://www.mobile.bg/obiava-11767950315287914-skoda-octavia-1-6tdi-105-4x4
11776259034927404,Skoda,Octavia,2011,Diesel,Manual,140,208140,4300.0,https://www.mobile.bg/obiava-11776259034927404-skoda-octavia-2-0-tdi
11742907808802943,Skoda,Octavia,2010,Diesel,Manual,105,257500,4300.0,https://www.mobile.bg/obiava-11742907808802943-skoda-octavia
11785261520237213,Skoda,Octavia,2005,Diesel,Automatic,140,350000,4300.0,https://www.mobile.bg/obiava-11785261520237213-skoda-octavia
11788858001394992,Skoda,Octavia,2007,Petrol,Manual,102,286000,4300.0,https://www.mobile.bg/obiava-11788858001394992-skoda-octavia-1-6mpi
11775298809236459,Skoda,Octavia,2009,Diesel,Manual,140,173000,4300.0,https://www.mobile.bg/obiava-11775298809236459-skoda-octavia-2-0tdi-scout-4h4
11773216796091971,Skoda,Octavia,2010,Diesel,Manual,140,193289,4300.0,https://www.mobile.bg/obiava-11773216796091971-skoda-octavia-2-0tdi-4x4-scout
11782725100581041,Skoda,Octavia,2009,Petrol,Manual,160,218000,4300.0,https://www.mobile.bg/obiava-11782725100581041-skoda-octavia-1-8tfsi-4x4
11788521707412305,Skoda,Octavia,2009,Diesel,Manual,105,317000,4300.0,https://www.mobile.bg/obiava-11788521707412305-skoda-octavia-combi-1-9-tdi-105-k-s-bvm5-0905k538
11773091887845225,Skoda,Octavia,2008,Diesel,Manual,105,241376,4300.0,https://www.mobile.bg/obiava-11773091887845225-skoda-octavia-1-9
11786612429329689,Skoda,Octavia,2009,Diesel,Manual,105,234000,4300.0,https://www.mobile.bg/obiava-11786612429329689-skoda-octavia-1-9tdi-105ks
11790700969679413,Skoda,Octavia,2009,Diesel,Manual,110,262356,4300.0,https://www.mobile.bg/obiava-11790700969679413-skoda-octavia
11742910160598265,Skoda,Octavia,2008,Diesel,Manual,105,225000,4350.0,https://www.mobile.bg/obiava-11742910160598265-skoda-octavia
11785668278750614,Skoda,Octavia,2009,Petrol,Manual,160,154000,4375.0,https://www.mobile.bg/obiava-11785668278750614-skoda-octavia-1-8-tsi
11755503394150895,Skoda,Octavia,2010,Diesel,Manual,105,200000,3650.0,https://www.mobile.bg/obiava-11755503394150895-skoda-octavia-1-6-tdi
11740132545817902,Skoda,Octavia,2011,Diesel,Manual,105,197000,4400.0,https://www.mobile.bg/obiava-11740132545817902-skoda-octavia-kozha-navigatsiya
11788696729696677,Skoda,Octavia,2005,Diesel,Automatic,105,208000,4400.0,https://www.mobile.bg/obiava-11788696729696677-skoda-octavia
11765109562366750,Skoda,Octavia,2009,Diesel,Manual,105,186000,4400.0,https://www.mobile.bg/obiava-11765109562366750-skoda-octavia-1-9tdi
11790504097685633,Skoda,Octavia,2011,Diesel,Manual,105,243500,4400.0,https://www.mobile.bg/obiava-11790504097685633-skoda-octavia
11779633147352330,Skoda,Octavia,2010,Diesel,Manual,116,210000,4400.0,https://www.mobile.bg/obiava-11779633147352330-skoda-octavia-2
11785098321059637,Skoda,Octavia,2010,Diesel,Manual,105,233000,4400.0,https://www.mobile.bg/obiava-11785098321059637-skoda-octavia
11785308363379132,Skoda,Octavia,2007,Petrol,Manual,200,280000,4400.0,https://www.mobile.bg/obiava-11785308363379132-skoda-octavia
11781618099702078,Skoda,Octavia,2009,Petrol,Manual,160,189000,4444.0,https://www.mobile.bg/obiava-11781618099702078-skoda-octavia-1-8fsi-4x4-160k-c
11772210778974580,Skoda,Octavia,2010,Diesel,Automatic,140,205325,4499.0,https://www.mobile.bg/obiava-11772210778974580-skoda-octavia-2-0-140-ks-avtomatik
11787821184885675,Skoda,Octavia,2008,Diesel,Manual,170,333500,4499.0,https://www.mobile.bg/obiava-11787821184885675-skoda-octavia-2-0tdi
11780225105944965,Skoda,Octavia,2010,Diesel,Manual,106,273200,4499.0,https://www.mobile.bg/obiava-11780225105944965-skoda-octavia-1-6tdi
11773904817575389,Skoda,Octavia,2010,Diesel,Manual,105,240000,4499.0,https://www.mobile.bg/obiava-11773904817575389-skoda-octavia-1-6tdi
11787734646660097,Skoda,Octavia,2011,Diesel,Automatic,140,355000,4499.0,https://www.mobile.bg/obiava-11787734646660097-skoda-octavia-koda-octavia-ii-scout-facelift-2-0-tdi
11790559643809444,Skoda,Octavia,2014,Diesel,Manual,105,296000,4500.0,https://www.mobile.bg/obiava-11790559643809444-skoda-octavia-1-6tdi
11764419580827317,Skoda,Octavia,2011,Petrol,Automatic,120,183876,4500.0,https://www.mobile.bg/obiava-11764419580827317-skoda-octavia-registriran-avtomat-lizing-barter
11757277350365604,Skoda,Octavia,2010,Petrol,Manual,160,183840,4500.0,https://www.mobile.bg/obiava-11757277350365604-skoda-octavia
11788257015905918,Skoda,Octavia,2012,Diesel,Manual,140,254000,4500.0,https://www.mobile.bg/obiava-11788257015905918-skoda-octavia-2-0-4x4
11762834989289897,Skoda,Octavia,2010,Diesel,Manual,105,280123,4500.0,https://www.mobile.bg/obiava-11762834989289897-skoda-octavia-navi-bluetooth
11767085307930117,Skoda,Octavia,2014,Diesel,Manual,105,219000,4500.0,https://www.mobile.bg/obiava-11767085307930117-skoda-octavia-1-6tdi-4x4-105k-s
11770470823889471,Skoda,Octavia,2013,Diesel,Manual,105,165000,4500.0,https://www.mobile.bg/obiava-11770470823889471-skoda-octavia-1-6tdi
11764688256674501,Skoda,Octavia,2010,Diesel,Manual,105,230000,4500.0,https://www.mobile.bg/obiava-11764688256674501-skoda-octavia-1-6-tdi-105-ks-diesel-4x4-2010-g-veche-rgistrirana
11767979370692819,Skoda,Octavia,2010,Petrol,Automatic,160,241321,4500.0,https://www.mobile.bg/obiava-11767979370692819-skoda-octavia-1-8t-160ks-dsg-7
11789590757112905,Skoda,Octavia,2005,Diesel,Automatic,105,257000,4500.0,https://www.mobile.bg/obiava-11789590757112905-skoda-octavia
11781413607679176,Skoda,Octavia,2010,Petrol,Automatic,160,180034,4500.0,https://www.mobile.bg/obiava-11781413607679176-skoda-octavia
11767265356022199,Skoda,Octavia,2009,Diesel,Manual,105,288603,4500.0,https://www.mobile.bg/obiava-11767265356022199-skoda-octavia
11788004527549592,Skoda,Octavia,2012,Diesel,Manual,105,310000,4500.0,https://www.mobile.bg/obiava-11788004527549592-skoda-octavia-1-6-tdi-high-line
11769083138126498,Skoda,Octavia,2009,Diesel,Manual,105,205000,4500.0,https://www.mobile.bg/obiava-11769083138126498-skoda-octavia-1-9tdi-top-sastoyanie
11780669442170536,Skoda,Octavia,2015,Diesel,Manual,105,250000,4500.0,https://www.mobile.bg/obiava-11780669442170536-skoda-octavia
11780660226655324,Skoda,Octavia,2010,Diesel,Manual,105,268189,4550.0,https://www.mobile.bg/obiava-11780660226655324-skoda-octavia
11766124401552487,Skoda,Octavia,2012,Diesel,Manual,105,241000,4550.0,https://www.mobile.bg/obiava-11766124401552487-skoda-octavia-kato-nova
11728113931975319,Skoda,Octavia,2011,Diesel,Manual,105,187000,4550.5,https://www.mobile.bg/obiava-11728113931975319-skoda-octavia-1-6tdi-105k-s
11694785791014348,Skoda,Octavia,2010,Diesel,Manual,105,224336,4596.51,https://www.mobile.bg/obiava-11694785791014348-skoda-octavia-1-9tdi
11666510102404967,Skoda,Octavia,2012,Diesel,Manual,105,185700,4600.0,https://www.mobile.bg/obiava-11666510102404967-skoda-octavia-1-6-tdi-2br-promotsiya
11789222883487397,Skoda,Octavia,2012,Diesel,Manual,105,238000,4600.0,https://www.mobile.bg/obiava-11789222883487397-skoda-octavia
11787590871488248,Skoda,Octavia,2007,Diesel,Manual,170,261000,4600.0,https://www.mobile.bg/obiava-11787590871488248-skoda-octavia-vrs
11766341595258008,Skoda,Octavia,2010,Diesel,Manual,105,278000,4600.0,https://www.mobile.bg/obiava-11766341595258008-skoda-octavia-1-6-tdi
11790510030192991,Skoda,Octavia,2013,Diesel,Manual,105,210000,4650.0,https://www.mobile.bg/obiava-11790510030192991-skoda-octavia-1-6-tdi
11769954154667160,Skoda,Octavia,2012,Diesel,Manual,105,220000,4660.0,https://www.mobile.bg/obiava-11769954154667160-skoda-octavia-1-6tdi-elegance-face
11761061273678801,Skoda,Octavia,2014,Diesel,Manual,110,320000,3900.0,https://www.mobile.bg/obiava-11761061273678801-skoda-octavia
11787293977384865,Skoda,Octavia,2011,Diesel,Manual,105,227915,3900.0,https://www.mobile.bg/obiava-11787293977384865-skoda-octavia
11746812793067436,Skoda,Octavia,2010,Petrol,Manual,122,200000,4700.0,https://www.mobile.bg/obiava-11746812793067436-skoda-octavia-1-4tsi-navi
11783064221467121,Skoda,Octavia,2012,Petrol,Manual,160,250000,4700.0,https://www.mobile.bg/obiava-11783064221467121-skoda-octavia-1-8-tsi-4h4-dvuzonov-klimatronik
11772176634781489,Skoda,Octavia,2010,Petrol,Manual,102,284000,4700.0,https://www.mobile.bg/obiava-11772176634781489-skoda-octavia-1-6mpi-benzin-gaz-102-k-s
11783925923778935,Skoda,Octavia,2009,Diesel,Manual,105,276000,4700.0,https://www.mobile.bg/obiava-11783925923778935-skoda-octavia-1-9-tdi
11789550122161672,Skoda,Octavia,2014,Diesel,Manual,150,8000,4700.0,https://www.mobile.bg/obiava-11789550122161672-skoda-octavia-kombi
11753525975963313,Skoda,Octavia,2012,Diesel,Manual,105,189565,4760.0,https://www.mobile.bg/obiava-11753525975963313-skoda-octavia-1-6tdilizing-common-rail-105-konski-sili
11780292807283127,Skoda,Octavia,2006,Petrol,Manual,200,260000,4770.0,https://www.mobile.bg/obiava-11780292807283127-skoda-octavia-2-0-vrs-turbo-benzin
11786780922568068,Skoda,Octavia,2012,Diesel,Automatic,105,201000,4799.0,https://www.mobile.bg/obiava-11786780922568068-skoda-octavia-7-stepenna-dsg-obsluzhena
11782068649545223,Skoda,Octavia,2019,Petrol,Manual,150,172000,4800.0,https://www.mobile.bg/obiava-11782068649545223-skoda-octavia-feyslift
11783180603677281,Skoda,Octavia,2011,Diesel,Manual,140,208746,4800.0,https://www.mobile.bg/obiava-11783180603677281-skoda-octavia-skaut
11745421587730751,Skoda,Octavia,2009,Petrol,Automatic,160,199000,4800.0,https://www.mobile.bg/obiava-11745421587730751-skoda-octavia-1-8-tfsi-automatic-euro-5a
11763823874405425,Skoda,Octavia,2010,Petrol,Manual,160,187593,4890.0,https://www.mobile.bg/obiava-11763823874405425-skoda-octavia-facelift-1-8t-4h4-shveytsariya
11790857847071035,Skoda,Octavia,2012,Petrol,Manual,122,230000,4900.0,https://www.mobile.bg/obiava-11790857847071035-skoda-octavia-1-4
11703329854808223,Skoda,Octavia,2010,Petrol,Automatic,160,180000,4900.0,https://www.mobile.bg/obiava-11703329854808223-skoda-octavia-1-8tfsi-barter
11638557972261600,Skoda,Octavia,2011,Diesel,Manual,105,198000,4900.0,https://www.mobile.bg/obiava-11638557972261600-skoda-octavia-1-6-tdi-4x4
11788516744836643,Skoda,Octavia,2012,Diesel,Manual,105,248757,4900.0,https://www.mobile.bg/obiava-11788516744836643-skoda-octavia
11784443967840083,Skoda,Octavia,2006,Petrol,Automatic,250,250500,4900.0,https://www.mobile.bg/obiava-11784443967840083-skoda-octavia-vrs-2-0tfsi
11790273559792537,Skoda,Octavia,2010,Diesel,Manual,140,253523,4900.0,https://www.mobile.bg/obiava-11790273559792537-skoda-octavia-2-0tdi-scout
11790493998644160,Skoda,Octavia,2011,Diesel,Manual,105,301000,4900.0,https://www.mobile.bg/obiava-11790493998644160-skoda-octavia
11784124382124869,Skoda,Octavia,2010,Diesel,Manual,105,190000,4950.0,https://www.mobile.bg/obiava-11784124382124869-skoda-octavia-1-6tdi-navi
11780813702450884,Skoda,Octavia,2010,Diesel,Manual,140,200000,4950.0,https://www.mobile.bg/obiava-11780813702450884-skoda-octavia-2-0-tdi-scout-navigatsiya
11779028136445225,Skoda,Octavia,2011,Diesel,Automatic,140,220760,4980.0,https://www.mobile.bg/obiava-11779028136445225-skoda-octavia-2-0-tdi
11737560360940000,Skoda,Octavia,2006,Petrol,Manual,200,173491,4990.0,https://www.mobile.bg/obiava-11737560360940000-skoda-octavia-vrs-2-0t-kozha-navi
11779472305250051,Skoda,Octavia,2010,Diesel,Manual,105,212000,4999.0,https://www.mobile.bg/obiava-11779472305250051-skoda-octavia-1-9-tdi-105-ks-4x4
11776776200462341,Skoda,Octavia,2013,Diesel,Manual,140,228700,4999.0,https://www.mobile.bg/obiava-11776776200462341-skoda-octavia-2-0
11782896822637937,Skoda,Octavia,2015,Diesel,Manual,110,268000,4999.0,https://www.mobile.bg/obiava-11782896822637937-skoda-octavia-1-6tdi-navi-euro-6
11790695870087489,Skoda,Octavia,2014,Diesel,Manual,105,210349,5000.0,https://www.mobile.bg/obiava-11790695870087489-skoda-octavia-1-6tdi
11711401071962520,Skoda,Octavia,2010,Petrol,Automatic,122,182000,5000.0,https://www.mobile.bg/obiava-11711401071962520-skoda-octavia-1-4tsi-dsg
11777954282217802,Skoda,Octavia,2011,Diesel,Manual,140,348000,5000.0,https://www.mobile.bg/obiava-11777954282217802-skoda-octavia-scout
11724486402175615,Skoda,Octavia,2015,Petrol,Manual,110,365000,5000.0,https://www.mobile.bg/obiava-11724486402175615-skoda-octavia-1-4-g-tec-fabrichen-metan
11781683159271971,Skoda,Octavia,2009,Petrol,Manual,160,181234,5000.0,https://www.mobile.bg/obiava-11781683159271971-skoda-octavia-1-8tsi
11763478031602533,Skoda,Octavia,2012,Diesel,Automatic,170,246000,5000.0,https://www.mobile.bg/obiava-11763478031602533-skoda-octavia-vrs-2-0-dsg
11760526397908276,Skoda,Octavia,2011,Petrol,Manual,160,134480,5000.0,https://www.mobile.bg/obiava-11760526397908276-skoda-octavia-1-8tsi-4x4-klimatronik-shveytsariya
11779607367063577,Skoda,Octavia,2013,Diesel,Automatic,150,261000,5000.0,https://www.mobile.bg/obiava-11779607367063577-skoda-octavia-150-ps-dsg
11783845753419646,Skoda,Octavia,2012,Diesel,Automatic,170,250000,5000.0,https://www.mobile.bg/obiava-11783845753419646-skoda-octavia-2-0-tdi-vrs
11765030064463167,Skoda,Octavia,2010,Petrol,Manual,160,160000,5000.0,https://www.mobile.bg/obiava-11765030064463167-skoda-octavia-1-8tsi
11780858127337725,Skoda,Octavia,2012,Diesel,Manual,104,351553,5000.0,https://www.mobile.bg/obiava-11780858127337725-skoda-octavia
11758547462364480,Skoda,Octavia,2009,Diesel,Automatic,170,241000,5000.0,https://www.mobile.bg/obiava-11758547462364480-skoda-octavia-vrs
11789056426580652,Skoda,Octavia,2010,Diesel,Automatic,210,313000,5000.0,https://www.mobile.bg/obiava-11789056426580652-skoda-octavia-vrs
11757436677306658,Skoda,Octavia,2012,Diesel,Manual,110,272560,5000.0,https://www.mobile.bg/obiava-11757436677306658-skoda-octavia
11790590746167387,Skoda,Octavia,2014,Diesel,Manual,130,240345,5100.0,https://www.mobile.bg/obiava-11790590746167387-skoda-octavia-1-6-tdi-4x4
11789042734158212,Skoda,Octavia,2010,Diesel,Manual,105,244000,5100.0,https://www.mobile.bg/obiava-11789042734158212-skoda-octavia-1-6-tdi
11732085921696008,Skoda,Octavia,2008,Petrol,Manual,200,156100,5107.81,https://www.mobile.bg/obiava-11732085921696008-skoda-octavia
11785759309156432,Skoda,Octavia,2010,Diesel,Manual,140,286970,5150.0,https://www.mobile.bg/obiava-11785759309156432-skoda-octavia-scout
11789928834829405,Skoda,Octavia,2009,Petrol,Manual,102,208000,5199.0,https://www.mobile.bg/obiava-11789928834829405-skoda-octavia
11782073003416221,Skoda,Octavia,2011,Diesel,Manual,170,246000,5200.0,https://www.mobile.bg/obiava-11782073003416221-skoda-octavia-2-0-vrs-tdi
11783244072471160,Skoda,Octavia,2014,Petrol,Automatic,180,219347,5200.0,https://www.mobile.bg/obiava-11783244072471160-skoda-octavia
11788104859783430,Skoda,Octavia,2010,Diesel,Automatic,140,174000,5299.0,https://www.mobile.bg/obiava-11788104859783430-skoda-octavia-2-0-tdi-avtomat
11767983361717226,Skoda,Octavia,2012,Diesel,Automatic,105,227779,5300.0,https://www.mobile.bg/obiava-11767983361717226-skoda-octavia-1-6tdi-dsg
11778842295430900,Skoda,Octavia,2014,Diesel,Manual,105,202765,5300.0,https://www.mobile.bg/obiava-11778842295430900-skoda-octavia-1-6-dizel
11790509284593918,Skoda,Octavia,2012,Diesel,Manual,140,210000,5300.0,https://www.mobile.bg/obiava-11790509284593918-skoda-octavia
11758210285630502,Skoda,Octavia,2007,Diesel,Manual,140,617000,4450.0,https://www.mobile.bg/obiava-11758210285630502-skoda-octavia-scout
11778666772707418,Skoda,Octavia,2011,Diesel,Automatic,105,169580,5390.0,https://www.mobile.bg/obiava-11778666772707418-skoda-octavia-1-6tdi-105ks-itali
11777039785350409,Skoda,Octavia,2007,Diesel,Manual,170,226207,5390.0,https://www.mobile.bg/obiava-11777039785350409-skoda-octavia-vrs-2-0tdi-shveytsariya-kozha-ksenon
11788532035157392,Skoda,Octavia,2010,Diesel,Automatic,170,260000,5400.0,https://www.mobile.bg/obiava-11788532035157392-skoda-octavia-vrs-2-0tdi-dsg
11790577963108574,Skoda,Octavia,2014,Diesel,Manual,105,249000,5400.0,https://www.mobile.bg/obiava-11790577963108574-skoda-octavia
11779891280866727,Skoda,Octavia,2010,Diesel,Manual,140,186000,5400.0,https://www.mobile.bg/obiava-11779891280866727-skoda-octavia-2-0-tdi-scout
11779226945998473,Skoda,Octavia,2011,Petrol,Manual,200,234496,5499.0,https://www.mobile.bg/obiava-11779226945998473-skoda-octavia-vrs-2-0tfsi-6-skorosti
11770798668823146,Skoda,Octavia,2012,Diesel,Manual,105,244000,5499.0,https://www.mobile.bg/obiava-11770798668823146-skoda-octavia-1-6-tdi-4x4-shveytsariya
11740311349548711,Skoda,Octavia,2009,Petrol,Manual,240,296928,5500.0,https://www.mobile.bg/obiava-11740311349548711-skoda-octavia-vrs-prins-vsi-di-lpg
11768245899416110,Skoda,Octavia,2014,Diesel,Manual,110,205071,5500.0,https://www.mobile.bg/obiava-11768245899416110-skoda-octavia-1-6-kub-110-k-s-top-sastoyanie-kozha
11780684890118774,Skoda,Octavia,2009,Diesel,Manual,140,225069,5500.0,https://www.mobile.bg/obiava-11780684890118774-skoda-octavia-scout
11784114721984441,Skoda,Octavia,2011,Petrol,Manual,144,154000,5500.0,https://www.mobile.bg/obiava-11784114721984441-skoda-octavia
11777219158782582,Skoda,Octavia,2011,Diesel,Manual,105,204597,5500.0,https://www.mobile.bg/obiava-11777219158782582-skoda-octavia
11780593396611300,Skoda,Octavia,2006,Petrol,Manual,200,239100,5500.0,https://www.mobile.bg/obiava-11780593396611300-skoda-octavia-vrs
11780754061096692,Skoda,Octavia,2009,Diesel,Automatic,170,320000,5500.0,https://www.mobile.bg/obiava-11780754061096692-skoda-octavia-2-0-tdi-vrs
11776357082090971,Skoda,Octavia,2014,Diesel,Manual,105,189450,5500.0,https://www.mobile.bg/obiava-11776357082090971-skoda-octavia
11777438840171408,Skoda,Octavia,2011,Petrol,Manual,105,260000,5500.0,https://www.mobile.bg/obiava-11777438840171408-skoda-octavia-1-2-tsi
11790780385225968,Skoda,Octavia,2015,Diesel,Manual,110,250140,5500.0,https://www.mobile.bg/obiava-11790780385225968-skoda-octavia-1-6tdi
11781175907095267,Skoda,Octavia,2014,Petrol,Automatic,180,232000,5500.0,https://www.mobile.bg/obiava-11781175907095267-skoda-octavia
11767614523121367,Skoda,Octavia,2012,Diesel,Manual,105,133589,5500.0,https://www.mobile.bg/obiava-11767614523121367-skoda-octavia-1-6tdi-navi-avtopilot-klimatronik
11778997342072350,Skoda,Octavia,2013,Diesel,Manual,105,295000,5500.0,https://www.mobile.bg/obiava-11778997342072350-skoda-octavia-1-6-tdi-lizing-top-sastoyanie
11778679457408148,Skoda,Octavia,2014,Diesel,Manual,105,280000,5550.0,https://www.mobile.bg/obiava-11778679457408148-skoda-octavia-nov-vnos-germaniya-realni-km
11746768493245583,Skoda,Octavia,2010,Diesel,Automatic,115,210600,5600.0,https://www.mobile.bg/obiava-11746768493245583-skoda-octavia-1-9tdi
11770561507421834,Skoda,Octavia,2011,Petrol,Manual,160,146000,5600.0,https://www.mobile.bg/obiava-11770561507421834-skoda-octavia-gazovo
11783008149013909,Skoda,Octavia,2014,Diesel,Automatic,116,309000,5620.0,https://www.mobile.bg/obiava-11783008149013909-skoda-octavia-octavia-1-6-dsg
11777381116890351,Skoda,Octavia,2009,Gas/LPG,Manual,102,204000,5624.0,https://www.mobile.bg/obiava-11777381116890351-skoda-octavia-mpi
11790079540847719,Skoda,Octavia,2009,Diesel,Automatic,140,330000,5650.0,https://www.mobile.bg/obiava-11790079540847719-skoda-octavia-2-0tdi-16v-140-k-s-l-k
11782558290087975,Skoda,Octavia,2012,Diesel,Manual,105,168000,5700.0,https://www.mobile.bg/obiava-11782558290087975-skoda-octavia-1-6-tdi-105-ks-euro-5a-nov-vnos
11784140377156497,Skoda,Octavia,2016,Diesel,Automatic,105,290000,5700.0,https://www.mobile.bg/obiava-11784140377156497-skoda-octavia-1-6-nov-saedinitel
11790579456260173,Skoda,Octavia,2015,Diesel,Automatic,110,216480,5750.0,https://www.mobile.bg/obiava-11790579456260173-skoda-octavia-1-6tdi-dsg-navi-2015-top
11782578563810971,Skoda,Octavia,2019,Petrol,Automatic,131,212300,5750.0,https://www.mobile.bg/obiava-11782578563810971-skoda-octavia-1-5-tsi-gtec
11790624099569749,Skoda,Octavia,2012,Diesel,Manual,140,330000,5800.0,https://www.mobile.bg/obiava-11790624099569749-skoda-octavia-2-0-tdi
11790594945985186,Skoda,Octavia,2013,Diesel,Manual,105,253000,5800.0,https://www.mobile.bg/obiava-11790594945985186-skoda-octavia-1-6-tdi
11780002652590848,Skoda,Octavia,2011,Diesel,Manual,140,196000,5800.0,https://www.mobile.bg/obiava-11780002652590848-skoda-octavia-2-0tdi-4x4-140kc
11789733955069730,Skoda,Octavia,2009,Petrol,Manual,210,280000,5800.0,https://www.mobile.bg/obiava-11789733955069730-skoda-octavia-vrs
11788952164830030,Skoda,Octavia,2013,Diesel,Automatic,140,292000,5900.0,https://www.mobile.bg/obiava-11788952164830030-skoda-octavia-2-0-tdi-140k-s-dsg-4x4-carplay-shibedah
11784635489793560,Skoda,Octavia,2015,Petrol,Manual,110,223622,5900.0,https://www.mobile.bg/obiava-11784635489793560-skoda-octavia
11766494017984028,Skoda,Octavia,2013,Diesel,Manual,150,179251,5900.0,https://www.mobile.bg/obiava-11766494017984028-skoda-octavia-2-0-tdi-klimatrnik-150ks
11760543252113869,Skoda,Octavia,2012,Diesel,Automatic,140,200000,5900.0,https://www.mobile.bg/obiava-11760543252113869-skoda-octavia-4x4-dsg
11787946352308902,Skoda,Octavia,2011,Diesel,Manual,105,228000,5900.0,https://www.mobile.bg/obiava-11787946352308902-skoda-octavia-1-6tdi-105ks-4h4-avtopilot-klimatronik
11761056268149398,Skoda,Octavia,2015,Diesel,Manual,105,189000,5990.0,https://www.mobile.bg/obiava-11761056268149398-skoda-octavia-1-6-tdi-navi
11740044618561281,Skoda,Octavia,2014,Diesel,Manual,140,183000,5999.0,https://www.mobile.bg/obiava-11740044618561281-skoda-octavia-4x4-tdi-140k-s
11785861362636777,Skoda,Octavia,2014,Diesel,Manual,105,191000,5999.0,https://www.mobile.bg/obiava-11785861362636777-skoda-octavia-1-6tdi-4x4
11779260444147790,Skoda,Octavia,2015,Diesel,Automatic,105,212683,5999.0,https://www.mobile.bg/obiava-11779260444147790-skoda-octavia-1-6tdi-automatic-dsg-36m-h-223eur
11755193262374060,Skoda,Octavia,2014,Diesel,Manual,105,141000,5999.0,https://www.mobile.bg/obiava-11755193262374060-skoda-octavia-shveytsariya-4h4
11774543023924498,Skoda,Octavia,2013,Diesel,Manual,105,187000,5999.0,https://www.mobile.bg/obiava-11774543023924498-skoda-octavia-1-6-tdi
11790794715071049,Skoda,Octavia,2016,Diesel,Manual,110,310000,6000.0,https://www.mobile.bg/obiava-11790794715071049-skoda-octavia-tdi
11789110847496745,Skoda,Octavia,2016,Diesel,Automatic,110,188539,6000.0,https://www.mobile.bg/obiava-11789110847496745-skoda-octavia-1-6-110ps-avtomat-navi-kamera-distronik
11741786033570212,Skoda,Octavia,2016,Petrol,Manual,110,244000,6000.0,https://www.mobile.bg/obiava-11741786033570212-skoda-octavia
11789114945938058,Skoda,Octavia,2009,Diesel,Manual,105,280000,6000.0,https://www.mobile.bg/obiava-11789114945938058-skoda-octavia
11787919711467723,Skoda,Octavia,2012,Diesel,Manual,140,247000,6000.0,https://www.mobile.bg/obiava-11787919711467723-skoda-octavia
11770125321974815,Skoda,Octavia,2016,Diesel,Manual,110,171000,6000.0,https://www.mobile.bg/obiava-11770125321974815-skoda-octavia
11779778286199256,Skoda,Octavia,2010,Petrol,Automatic,160,190000,6000.0,https://www.mobile.bg/obiava-11779778286199256-skoda-octavia-1-8
11758407686218149,Skoda,Octavia,2010,Diesel,Manual,105,180000,6084.37,https://www.mobile.bg/obiava-11758407686218149-skoda-octavia-4x4-1-6tdi-top
11779809108451807,Skoda,Octavia,2013,Diesel,Manual,90,178000,6099.0,https://www.mobile.bg/obiava-11779809108451807-skoda-octavia
11767106231211459,Skoda,Octavia,2016,Diesel,Automatic,110,300000,6100.0,https://www.mobile.bg/obiava-11767106231211459-skoda-octavia
11738914218609333,Skoda,Octavia,2014,Diesel,Manual,105,157000,6134.99,https://www.mobile.bg/obiava-11738914218609333-skoda-octavia-1-6tdi
11777147872614699,Skoda,Octavia,2011,Diesel,Manual,140,245676,6200.0,https://www.mobile.bg/obiava-11777147872614699-skoda-octavia-skaut
11775044377027505,Skoda,Octavia,2016,Diesel,Manual,110,195445,6200.0,https://www.mobile.bg/obiava-11775044377027505-skoda-octavia-1-6tdi-110k-s-euro6
11781261814184681,Skoda,Octavia,2015,Diesel,Manual,110,250000,6250.0,https://www.mobile.bg/obiava-11781261814184681-skoda-octavia-1-6-tdi
11768032873221574,Skoda,Octavia,2016,Diesel,Manual,110,169000,6250.0,https://www.mobile.bg/obiava-11768032873221574-skoda-octavia-1-6tdi-110ks-4x4-euro-6b-realni-kilometri
11787135577627562,Skoda,Octavia,2013,Diesel,Manual,150,178000,6290.0,https://www.mobile.bg/obiava-11787135577627562-skoda-octavia-2-0tdi-4x4-navi
11790238460728256,Skoda,Octavia,2014,Petrol,Manual,110,223000,6300.0,https://www.mobile.bg/obiava-11790238460728256-skoda-octavia-1-4tsi-active-navi-klimatronik-parktronik
11728296023311760,Skoda,Octavia,2013,Diesel,Manual,105,187000,6300.0,https://www.mobile.bg/obiava-11728296023311760-skoda-octavia-executive
11788015068482826,Skoda,Octavia,2008,Diesel,Manual,170,295000,6300.0,https://www.mobile.bg/obiava-11788015068482826-skoda-octavia-2-0-vrs
11779209207139645,Skoda,Octavia,2014,Petrol,Manual,110,187000,6300.0,https://www.mobile.bg/obiava-11779209207139645-skoda-octavia-1-4i-g-tec-navi-6sk
11774511198839941,Skoda,Octavia,2015,Diesel,Manual,105,329782,6399.0,https://www.mobile.bg/obiava-11774511198839941-skoda-octavia-1-6-tdi
11790528157448423,Skoda,Octavia,2011,Diesel,Automatic,170,184300,6399.0,https://www.mobile.bg/obiava-11790528157448423-skoda-octavia-vrs-dsg-xenon-navi-podgrev
11724676432745936,Skoda,Octavia,2013,Diesel,Manual,105,161317,6400.0,https://www.mobile.bg/obiava-11724676432745936-skoda-octavia-1-6tdi-105k-s
11637737605345650,Skoda,Octavia,2014,Diesel,Automatic,116,223500,6400.0,https://www.mobile.bg/obiava-11637737605345650-skoda-octavia-nov-vnos-shveytsariya-avtomat
11774868497391325,Skoda,Octavia,2016,Diesel,Manual,110,174000,6490.0,https://www.mobile.bg/obiava-11774868497391325-skoda-octavia-1-6tdi-ambition-110k-s-super-sastoyanie-euro6b
11781462296793373,Skoda,Octavia,2014,Diesel,Manual,110,202000,6500.0,https://www.mobile.bg/obiava-11781462296793373-skoda-octavia
11790268446640390,Skoda,Octavia,2015,Petrol,Manual,150,186200,6500.0,https://www.mobile.bg/obiava-11790268446640390-skoda-octavia
11786274239067235,Skoda,Octavia,2011,Petrol,Manual,200,205000,6500.0,https://www.mobile.bg/obiava-11786274239067235-skoda-octavia-vrs-2-0-tsi
11770640954405053,Skoda,Octavia,2015,Petrol,Manual,110,244000,6500.0,https://www.mobile.bg/obiava-11770640954405053-skoda-octavia-1-4g-tec-metan-navigatsiya-parktronik-avtopilot
11777380449059599,Skoda,Octavia,2016,Diesel,Manual,150,208000,6500.0,https://www.mobile.bg/obiava-11777380449059599-skoda-octavia-2-0tdi-150ps-4x4-evro-6
11790499527331565,Skoda,Octavia,2017,Diesel,Manual,150,240000,6500.0,https://www.mobile.bg/obiava-11790499527331565-skoda-octavia-2-0-150ks-4h4-evro6
11772269545706541,Skoda,Octavia,2016,Diesel,Manual,110,183000,6500.0,https://www.mobile.bg/obiava-11772269545706541-skoda-octavia-1-6tdi
11766942077095306,Skoda,Octavia,2010,Petrol,Manual,200,180000,6500.0,https://www.mobile.bg/obiava-11766942077095306-skoda-octavia-vrs
11788129829253265,Skoda,Octavia,2017,Diesel,Automatic,110,251000,6500.0,https://www.mobile.bg/obiava-11788129829253265-skoda-octavia-ocavia-3-2017-godina-registratsiyata-se-poema-ot-men
11747303921206912,Skoda,Octavia,2012,Diesel,Manual,140,174000,6544.0,https://www.mobile.bg/obiava-11747303921206912-skoda-octavia-2-0tdi-facelift-euro-5a
11740828529717863,Skoda,Octavia,2009,Petrol,Manual,200,235579,6590.0,https://www.mobile.bg/obiava-11740828529717863-skoda-octavia-vrs-2-0t-shveytsariya-kozha-ksenon
11779568082790297,Skoda,Octavia,2016,Diesel,Manual,90,182588,6599.0,https://www.mobile.bg/obiava-11779568082790297-skoda-octavia-1-6-tdi-perfektna-lizing
11789910796595832,Skoda,Octavia,2015,Petrol,Manual,105,235000,6600.0,https://www.mobile.bg/obiava-11789910796595832-skoda-octavia
11781158353040269,Skoda,Octavia,2014,Diesel,Automatic,150,188940,6600.0,https://www.mobile.bg/obiava-11781158353040269-skoda-octavia-2-0d-150ks
11786608316670437,Skoda,Octavia,2016,Petrol,Manual,110,216000,6600.0,https://www.mobile.bg/obiava-11786608316670437-skoda-octavia-g-tec-led-nova
11789479222201711,Skoda,Octavia,2015,Diesel,Manual,110,227000,6600.0,https://www.mobile.bg/obiava-11789479222201711-skoda-octavia-1-6-tdi-110-k-s
11789500782129648,Skoda,Octavia,2015,Diesel,Automatic,150,280000,6600.0,https://www.mobile.bg/obiava-11789500782129648-skoda-octavia
11764704063217316,Skoda,Octavia,2015,Diesel,Manual,116,292636,6646.28,https://www.mobile.bg/obiava-11764704063217316-skoda-octavia-1-6-tdi
11775673910170189,Skoda,Octavia,2015,Petrol,Manual,110,301150,6700.0,https://www.mobile.bg/obiava-11775673910170189-skoda-octavia-cng
11767722097887039,Skoda,Octavia,2016,Diesel,Automatic,105,262820,6700.0,https://www.mobile.bg/obiava-11767722097887039-skoda-octavia-1-6-tdi
11790826290740674,Skoda,Octavia,2014,Diesel,Manual,150,184271,6700.0,https://www.mobile.bg/obiava-11790826290740674-skoda-octavia-2-0-tdi-150k-c-navigatsiya
11779826303089112,Skoda,Octavia,2015,Diesel,Manual,110,258000,6700.0,https://www.mobile.bg/obiava-11779826303089112-skoda-octavia-1-6-d-edition
11767546169016572,Skoda,Octavia,2013,Petrol,Automatic,190,255000,6700.0,https://www.mobile.bg/obiava-11767546169016572-skoda-octavia
11785851094236807,Skoda,Octavia,2014,Petrol,Manual,110,212000,6700.0,https://www.mobile.bg/obiava-11785851094236807-skoda-octavia-1-4-i-g-tec-metah
11789729622991765,Skoda,Octavia,2014,Diesel,Manual,150,245311,6700.0,https://www.mobile.bg/obiava-11789729622991765-skoda-octavia-4x4-2-0-tdi-n1
11770559526126241,Skoda,Octavia,2014,Diesel,Manual,105,300024,6700.0,https://www.mobile.bg/obiava-11770559526126241-skoda-octavia-sobstven-lizing
11790759039323768,Skoda,Octavia,2015,Diesel,Manual,105,300000,6750.0,https://www.mobile.bg/obiava-11790759039323768-skoda-octavia-1-6-tdi-germany
11775924098677413,Skoda,Octavia,2019,Petrol,Automatic,131,183600,6750.0,https://www.mobile.bg/obiava-11775924098677413-skoda-octavia-1-5-gtec
11761321680312533,Skoda,Octavia,2015,Petrol,Manual,110,161000,6750.0,https://www.mobile.bg/obiava-11761321680312533-skoda-octavia-1-4-g-tec-fabr-metan
11789979969434970,Skoda,Octavia,2014,Petrol,Manual,180,182500,6799.0,https://www.mobile.bg/obiava-11789979969434970-skoda-octavia-top-180hp-euro-6
11785151806839371,Skoda,Octavia,2015,Diesel,Automatic,105,210000,6799.0,https://www.mobile.bg/obiava-11785151806839371-skoda-octavia-1-6tdi-105-dsg
11787364885974665,Skoda,Octavia,2013,Diesel,Manual,150,290000,6799.0,https://www.mobile.bg/obiava-11787364885974665-skoda-octavia-2-0-tdi-150-k-s-s-istoriya
11789298143655587,Skoda,Octavia,2016,Diesel,Manual,150,200000,6799.0,https://www.mobile.bg/obiava-11789298143655587-skoda-octavia
11593505023189676,Skoda,Octavia,2015,Diesel,Manual,105,290000,6800.0,https://www.mobile.bg/obiava-11593505023189676-skoda-octavia-1-6-tdi-4x4
11779472482989718,Skoda,Octavia,2017,Diesel,Automatic,150,308400,6800.0,https://www.mobile.bg/obiava-11779472482989718-skoda-octavia-2-0-tdi-dsg-smenen-dvigatel-na-130757km
11789674931014505,Skoda,Octavia,2015,Diesel,Automatic,105,210362,6800.0,https://www.mobile.bg/obiava-11789674931014505-skoda-octavia-avtomatik
11784798817071398,Skoda,Octavia,2012,Diesel,Manual,170,361005,6800.0,https://www.mobile.bg/obiava-11784798817071398-skoda-octavia-vrs
11785095508178605,Skoda,Octavia,2015,Diesel,Automatic,105,250000,6800.0,https://www.mobile.bg/obiava-11785095508178605-skoda-octavia
11789917089381112,Skoda,Octavia,2014,Diesel,Manual,105,188000,6890.0,https://www.mobile.bg/obiava-11789917089381112-skoda-octavia-led-navi-panorama-top-sastoyanie
11769258704052480,Skoda,Octavia,2011,Diesel,Manual,140,187000,6900.0,https://www.mobile.bg/obiava-11769258704052480-skoda-octavia-2-0tdi-140ks-4x4-6-skorosti-kato-nova
11773328556248663,Skoda,Octavia,2007,Petrol,Manual,200,377000,6900.0,https://www.mobile.bg/obiava-11773328556248663-skoda-octavia-rs
11767715653404919,Skoda,Octavia,2013,Diesel,Manual,105,291000,6900.0,https://www.mobile.bg/obiava-11767715653404919-skoda-octavia
11790107866341261,Skoda,Octavia,2017,Diesel,Manual,110,183000,6900.0,https://www.mobile.bg/obiava-11790107866341261-skoda-octavia-1-6tdi-4x4
11787941123537856,Skoda,Octavia,2013,Petrol,Automatic,180,191703,6900.0,https://www.mobile.bg/obiava-11787941123537856-skoda-octavia-1-8t
11785520404867174,Skoda,Octavia,2014,Diesel,Manual,105,330980,6900.0,https://www.mobile.bg/obiava-11785520404867174-skoda-octavia
11741177432429933,Skoda,Octavia,2010,Petrol,Manual,160,223235,5780.0,https://www.mobile.bg/obiava-11741177432429933-skoda-octavia-scout
11774960166104942,Skoda,Octavia,2019,Petrol,Automatic,131,181100,6950.0,https://www.mobile.bg/obiava-11774960166104942-skoda-octavia-1-5-gtec
11788628476281981,Skoda,Octavia,2015,Diesel,Manual,105,320000,5800.0,https://www.mobile.bg/obiava-11788628476281981-skoda-octavia-n1
11778148892279089,Skoda,Octavia,2017,Diesel,Manual,105,151000,6990.0,https://www.mobile.bg/obiava-11778148892279089-skoda-octavia
11788375512359508,Skoda,Octavia,2012,Diesel,Automatic,140,229700,6990.0,https://www.mobile.bg/obiava-11788375512359508-skoda-octavia-scout-4x4
11787644605656116,Skoda,Octavia,2012,Diesel,Manual,105,112484,6999.0,https://www.mobile.bg/obiava-11787644605656116-skoda-octavia-1-6-tdi-105-k-s
11771404289443127,Skoda,Octavia,2017,Diesel,Automatic,116,210000,6999.0,https://www.mobile.bg/obiava-11771404289443127-skoda-octavia-1-6tdi-dsg-115k-s-face-lift
11787125941114304,Skoda,Octavia,2016,Diesel,Automatic,184,229000,6999.0,https://www.mobile.bg/obiava-11787125941114304-skoda-octavia-2-0tdi-scout
11776873337332186,Skoda,Octavia,2014,Diesel,Manual,110,173000,6999.0,https://www.mobile.bg/obiava-11776873337332186-skoda-octavia-1-6-tdi-110-top-top-top
11783426350290589,Skoda,Octavia,2015,Petrol,Manual,110,180000,7000.0,https://www.mobile.bg/obiava-11783426350290589-skoda-octavia-1-4tgi-benzin-metan
11775047742689869,Skoda,Octavia,2013,Petrol,Manual,180,296100,7000.0,https://www.mobile.bg/obiava-11775047742689869-skoda-octavia-1-8-tsi-180k-c-rachna-sk-kutiya
11768819144387601,Skoda,Octavia,2015,Diesel,Automatic,150,181373,7000.0,https://www.mobile.bg/obiava-11768819144387601-skoda-octavia
11788340639153218,Skoda,Octavia,2012,Diesel,Automatic,140,380000,7000.0,https://www.mobile.bg/obiava-11788340639153218-skoda-octavia-2-0-tdi
11790253050275071,Skoda,Octavia,2016,Diesel,Manual,150,306000,7000.0,https://www.mobile.bg/obiava-11790253050275071-skoda-octavia-iii
11790014299071299,Skoda,Octavia,2015,Diesel,Manual,105,185500,7100.0,https://www.mobile.bg/obiava-11790014299071299-skoda-octavia
11786788879993431,Skoda,Octavia,2014,Diesel,Manual,150,260000,7100.0,https://www.mobile.bg/obiava-11786788879993431-skoda-octavia-2-0-tdi
11750258883105937,Skoda,Octavia,2013,Diesel,Automatic,140,182000,7100.0,https://www.mobile.bg/obiava-11750258883105937-skoda-octavia-2-0-tdi-avtomat
11774624287150326,Skoda,Octavia,2018,Petrol,Automatic,110,169000,7100.0,https://www.mobile.bg/obiava-11774624287150326-skoda-octavia-1-4-gtec
11790079549399722,Skoda,Octavia,2019,Diesel,Manual,115,123456,7100.0,https://www.mobile.bg/obiava-11790079549399722-skoda-octavia-2019-digital-1-6tdi-115k-s-navi-euro6b
11750261326542214,Skoda,Octavia,2014,Petrol,Automatic,180,230000,7150.0,https://www.mobile.bg/obiava-11750261326542214-skoda-octavia-1-8tsi-dsg-led-alcantara-lizing-istoriya
11777917234517318,Skoda,Octavia,2019,Petrol,Automatic,130,184100,7150.0,https://www.mobile.bg/obiava-11777917234517318-skoda-octavia-1-5-gtec
11778695094988122,Skoda,Octavia,2012,Diesel,Manual,170,266000,7199.0,https://www.mobile.bg/obiava-11778695094988122-skoda-octavia-2-0-vrs
11790000590120009,Skoda,Octavia,2010,Diesel,Automatic,170,225970,7200.0,https://www.mobile.bg/obiava-11790000590120009-skoda-octavia-vrs
11777654425549240,Skoda,Octavia,2014,Petrol,Automatic,184,220000,7200.0,https://www.mobile.bg/obiava-11777654425549240-skoda-octavia-1-8-turbo-dsg-4x4
11764062568789941,Skoda,Octavia,2014,Petrol,Automatic,180,185000,7200.0,https://www.mobile.bg/obiava-11764062568789941-skoda-octavia-1-8tfsi-automatic
11774959494643537,Skoda,Octavia,2013,Diesel,Manual,105,207000,7200.0,https://www.mobile.bg/obiava-11774959494643537-skoda-octavia-1-6-tdi-105k-s-4h4
11789496508758758,Skoda,Octavia,2018,Petrol,Manual,150,191000,7200.0,https://www.mobile.bg/obiava-11789496508758758-skoda-octavia-1-5-tsi
11789667034931591,Skoda,Octavia,2010,Petrol,Manual,200,202123,7250.0,https://www.mobile.bg/obiava-11789667034931591-skoda-octavia-2-0tsi-rs
11778431889463451,Skoda,Octavia,2016,Diesel,Manual,120,310000,7250.0,https://www.mobile.bg/obiava-11778431889463451-skoda-octavia-1-6-tdi
11776170372722643,Skoda,Octavia,2016,Diesel,Automatic,110,251000,7250.0,https://www.mobile.bg/obiava-11776170372722643-skoda-octavia-1-6-tdi-dsg
11789982770067075,Skoda,Octavia,2010,Diesel,Manual,170,200000,7300.0,https://www.mobile.bg/obiava-11789982770067075-skoda-octavia-vrs
11774971819343793,Skoda,Octavia,2017,Diesel,Manual,116,170000,7300.0,https://www.mobile.bg/obiava-11774971819343793-skoda-octavia-tdi-euro6
11766119729160240,Skoda,Octavia,2015,Diesel,Manual,110,183215,7300.0,https://www.mobile.bg/obiava-11766119729160240-skoda-octavia-1-6-tdi
11762874481878056,Skoda,Octavia,2016,Diesel,Automatic,110,247000,7300.0,https://www.mobile.bg/obiava-11762874481878056-skoda-octavia-1-6tdi-dsg
11764083142172076,Skoda,Octavia,2014,Petrol,Manual,105,80000,7300.0,https://www.mobile.bg/obiava-11764083142172076-skoda-octavia-benzin-80-h-km
11764153080816312,Skoda,Octavia,2017,Diesel,Manual,115,166000,7350.0,https://www.mobile.bg/obiava-11764153080816312-skoda-octavia-otlichno-sastoyanie
11781642661800655,Skoda,Octavia,2010,Diesel,Automatic,170,255000,7350.0,https://www.mobile.bg/obiava-11781642661800655-skoda-octavia-shkoda-oktaviya-2-0-tdi-170-ks-vrs-avtomat
11776883641937286,Skoda,Octavia,2019,Petrol,Automatic,131,212400,7350.0,https://www.mobile.bg/obiava-11776883641937286-skoda-octavia-1-5-gtec-keyless
11783007583641461,Skoda,Octavia,2014,Diesel,Manual,105,177788,7399.0,https://www.mobile.bg/obiava-11783007583641461-skoda-octavia-1-6-tdi
11785094190765340,Skoda,Octavia,2013,Petrol,Automatic,140,167500,7400.0,https://www.mobile.bg/obiava-11785094190765340-skoda-octavia-1-4-i
11784291608111394,Skoda,Octavia,2014,Diesel,Manual,105,221000,7450.0,https://www.mobile.bg/obiava-11784291608111394-skoda-octavia-1-6tdi-4x4-panorama-realni-km-1-sobstvenik
11786542182073505,Skoda,Octavia,2006,Petrol,Automatic,140,186473,7490.0,https://www.mobile.bg/obiava-11786542182073505-skoda-octavia-1-4-gtec
11728637702569174,Skoda,Octavia,2017,Diesel,Manual,115,160000,7499.0,https://www.mobile.bg/obiava-11728637702569174-skoda-octavia-1-6tdi
11785004296404666,Skoda,Octavia,2013,Diesel,Automatic,105,289000,7499.0,https://www.mobile.bg/obiava-11785004296404666-skoda-octavia-1-6tdi-dsg-automatic-xenon
11790621994931707,Skoda,Octavia,2016,Diesel,Manual,110,157000,7500.0,https://www.mobile.bg/obiava-11790621994931707-skoda-octavia-1-6tdi-110hp-navi
11790761938048696,Skoda,Octavia,2015,Diesel,Automatic,184,250000,7500.0,https://www.mobile.bg/obiava-11790761938048696-skoda-octavia
11772969414668138,Skoda,Octavia,2016,Diesel,Automatic,110,260000,7500.0,https://www.mobile.bg/obiava-11772969414668138-skoda-octavia-distronik
11776241886949793,Skoda,Octavia,2017,Diesel,Automatic,116,248519,7500.0,https://www.mobile.bg/obiava-11776241886949793-skoda-octavia-1-6tdi-dsg
11789396348575587,Skoda,Octavia,2014,Diesel,Manual,150,171500,7500.0,https://www.mobile.bg/obiava-11789396348575587-skoda-octavia-2-0-tdi-150-ks
11789058933426282,Skoda,Octavia,2012,Diesel,Manual,140,189483,7500.0,https://www.mobile.bg/obiava-11789058933426282-skoda-octavia-2-0-tdi
11786102748464916,Skoda,Octavia,2017,Diesel,Manual,150,252000,7500.0,https://www.mobile.bg/obiava-11786102748464916-skoda-octavia-2-0tdi
11784356987874229,Skoda,Octavia,2017,Diesel,Manual,115,217000,7500.0,https://www.mobile.bg/obiava-11784356987874229-skoda-octavia-1-6tdi-115k-s-evro-6-2017g
11790104192714878,Skoda,Octavia,2018,Diesel,Automatic,115,181000,7500.0,https://www.mobile.bg/obiava-11790104192714878-skoda-octavia-1-6-tdi-avtomatik-distronik
11780752584953749,Skoda,Octavia,2019,Petrol,Automatic,131,180000,7500.0,https://www.mobile.bg/obiava-11780752584953749-skoda-octavia-1-5-metan-benzin
11789744537402976,Skoda,Octavia,2013,Diesel,Automatic,150,225000,7500.0,https://www.mobile.bg/obiava-11789744537402976-skoda-octavia-2-0tdi-avtomat-garantsiya-6-mesetsa
11744372208524228,Skoda,Octavia,2016,Petrol,Automatic,110,187000,7500.0,https://www.mobile.bg/obiava-11744372208524228-skoda-octavia-1-4-g-tec-unikat-euro-6-b
11774521493271006,Skoda,Octavia,2018,Diesel,Manual,115,165000,7590.0,https://www.mobile.bg/obiava-11774521493271006-skoda-octavia-1-6-tdi-facelift-byala-perla
11789373903267791,Skoda,Octavia,2016,Diesel,Manual,140,191000,7599.0,https://www.mobile.bg/obiava-11789373903267791-skoda-octavia-kato-nov-2-0tdi-140hp
11754675060031512,Skoda,Octavia,2017,Diesel,Manual,110,199500,7600.0,https://www.mobile.bg/obiava-11754675060031512-skoda-octavia
11779722203887581,Skoda,Octavia,2015,Diesel,Manual,105,280000,7600.0,https://www.mobile.bg/obiava-11779722203887581-skoda-octavia
11754285695897040,Skoda,Octavia,2013,Petrol,Manual,180,134268,7618.25,https://www.mobile.bg/obiava-11754285695897040-skoda-octavia-1-8tsi-servizna-istoriya
11780232860343850,Skoda,Octavia,2019,Petrol,Automatic,130,185400,7650.0,https://www.mobile.bg/obiava-11780232860343850-skoda-octavia-1-5-gtec
11750787407874782,Skoda,Octavia,2015,Diesel,Manual,105,253000,7668.87,https://www.mobile.bg/obiava-11750787407874782-skoda-octavia-1-6
11782559329320119,Skoda,Octavia,2014,Diesel,Manual,105,212000,7699.0,https://www.mobile.bg/obiava-11782559329320119-skoda-octavia-1-6-tdi-avtom-parkirane-keyless
11790072823240345,Skoda,Octavia,2018,Diesel,Manual,115,172000,7700.0,https://www.mobile.bg/obiava-11790072823240345-skoda-octavia-1-6tdi-115ks
11788431217614722,Skoda,Octavia,2016,Diesel,Automatic,105,169500,7700.0,https://www.mobile.bg/obiava-11788431217614722-skoda-octavia-1-6-tdi-dsg
11788982133686194,Skoda,Octavia,2017,Diesel,Manual,116,172596,7700.0,https://www.mobile.bg/obiava-11788982133686194-skoda-octavia-tdi-facelift
11776288485129183,Skoda,Octavia,2015,Diesel,Automatic,110,346000,7700.0,https://www.mobile.bg/obiava-11776288485129183-skoda-octavia-1-6-tdi-7-dsj
11777715985151956,Skoda,Octavia,2014,Diesel,Manual,150,176600,7700.0,https://www.mobile.bg/obiava-11777715985151956-skoda-octavia-4x4-6-skorosti
11789903269681401,Skoda,Octavia,2019,Diesel,Manual,116,163800,7800.0,https://www.mobile.bg/obiava-11789903269681401-skoda-octavia-1-6tdi-euro6
11786614957782669,Skoda,Octavia,2018,Diesel,Manual,116,249500,7899.0,https://www.mobile.bg/obiava-11786614957782669-skoda-octavia-skoda-octavia-1-6-tdi
11786537268072144,Skoda,Octavia,2015,Petrol,Manual,110,240000,7900.0,https://www.mobile.bg/obiava-11786537268072144-skoda-octavia-1-4-g-tec-distronic
11769264544074451,Skoda,Octavia,2019,Diesel,Automatic,116,166200,7900.0,https://www.mobile.bg/obiava-11769264544074451-skoda-octavia-1-6-tdi-7-gtronik-2-br
11694783943470347,Skoda,Octavia,2014,Petrol,Automatic,180,203500,7900.0,https://www.mobile.bg/obiava-11694783943470347-skoda-octavia-1-8-i-avtomatik-4-h-4-swiss-lizing
11770569274047936,Skoda,Octavia,2014,Diesel,Automatic,150,220459,7900.0,https://www.mobile.bg/obiava-11770569274047936-skoda-octavia-2-0-150-tdi-dsg-navi-koja-henon-podgrev-full
11763392526750681,Skoda,Octavia,2017,Diesel,Automatic,116,325871,7900.0,https://www.mobile.bg/obiava-11763392526750681-skoda-octavia-1-6tdi-lizing-avtomat-kamera-carplay-face
11785177287387269,Skoda,Octavia,2017,Diesel,Automatic,116,267298,7900.0,https://www.mobile.bg/obiava-11785177287387269-skoda-octavia-1-6tdi-dsg-navi-executive
11764341965308992,Skoda,Octavia,2017,Diesel,Manual,110,168000,7950.0,https://www.mobile.bg/obiava-11764341965308992-skoda-octavia-2017g-tdi-110ks
11790681127043163,Skoda,Octavia,2013,Diesel,Automatic,105,252000,7970.0,https://www.mobile.bg/obiava-11790681127043163-skoda-octavia-1-6-tdi-dsg
11789044392929344,Skoda,Octavia,2014,Diesel,Manual,150,167000,7990.0,https://www.mobile.bg/obiava-11789044392929344-skoda-octavia-2-0tdi150ks6sknavieu5b
11784660129927073,Skoda,Octavia,2017,Diesel,Manual,170,313000,7999.0,https://www.mobile.bg/obiava-11784660129927073-skoda-octavia-2-0tdi-kombi
11760456456289788,Skoda,Octavia,2016,Diesel,Automatic,184,186000,7999.0,https://www.mobile.bg/obiava-11760456456289788-skoda-octavia-2-0tdi-rs-auto
11723972702887251,Skoda,Octavia,2019,Petrol,Automatic,131,118579,7999.0,https://www.mobile.bg/obiava-11723972702887251-skoda-octavia-1-5tgi-131ks-automatic-executive-carplay-kamera
11790448999563345,Skoda,Octavia,2014,Diesel,Automatic,184,265000,7999.0,https://www.mobile.bg/obiava-11790448999563345-skoda-octavia-vrs
11773665211103395,Skoda,Octavia,2017,Diesel,Automatic,150,268000,8000.0,https://www.mobile.bg/obiava-11773665211103395-skoda-octavia
11787234658447224,Skoda,Octavia,2013,Petrol,Manual,105,234494,8000.0,https://www.mobile.bg/obiava-11787234658447224-skoda-octavia
11788932017080182,Skoda,Octavia,2019,Petrol,Automatic,131,236000,8000.0,https://www.mobile.bg/obiava-11788932017080182-skoda-octavia-1-5-g-tec
11790523901520668,Skoda,Octavia,2011,Diesel,Automatic,170,247500,8000.0,https://www.mobile.bg/obiava-11790523901520668-skoda-octavia-2-0-tdi-170-konya
11786375386887809,Skoda,Octavia,2014,Diesel,Automatic,150,218900,8000.0,https://www.mobile.bg/obiava-11786375386887809-skoda-octavia-2-0-tdi-dsg
11777315106571254,Skoda,Octavia,2015,Petrol,Manual,131,224000,8000.0,https://www.mobile.bg/obiava-11777315106571254-skoda-octavia
11788810805654092,Skoda,Octavia,2016,Diesel,Manual,110,270000,8000.0,https://www.mobile.bg/obiava-11788810805654092-skoda-octavia
11764515977820760,Skoda,Octavia,2014,Diesel,Automatic,184,25500,8000.0,https://www.mobile.bg/obiava-11764515977820760-skoda-octavia-2-0-tdi-vrs
11790496222870234,Skoda,Octavia,2020,Petrol,Automatic,150,187000,8000.0,https://www.mobile.bg/obiava-11790496222870234-skoda-octavia-1-5-tsi
11777133784497489,Skoda,Octavia,2014,Petrol,Automatic,180,191944,8000.0,https://www.mobile.bg/obiava-11777133784497489-skoda-octavia-1-8-tsi-4x4
11772569028140646,Skoda,Octavia,2015,Diesel,Automatic,110,250000,8000.0,https://www.mobile.bg/obiava-11772569028140646-skoda-octavia
11789467606301516,Skoda,Octavia,2015,Diesel,Automatic,184,250000,8100.0,https://www.mobile.bg/obiava-11789467606301516-skoda-octavia-2-0-rs
11753606196914912,Skoda,Octavia,2013,Diesel,Automatic,150,119702,8100.0,https://www.mobile.bg/obiava-11753606196914912-skoda-octavia-2-0-tdi-dsg
11742146275578538,Skoda,Octavia,2017,Diesel,Manual,116,110000,8180.16,https://www.mobile.bg/obiava-11742146275578538-skoda-octavia-1-6tdi-110hil-km-gotova-za-taksi
11774625750946112,Skoda,Octavia,2016,Diesel,Automatic,110,215000,8190.0,https://www.mobile.bg/obiava-11774625750946112-skoda-octavia-avtomatik-dokazuemi-215-000-km
11785136281474252,Skoda,Octavia,2019,Petrol,Automatic,110,199755,8200.0,https://www.mobile.bg/obiava-11785136281474252-skoda-octavia-1-4-g-tec-metan-zavodski
11786376449338908,Skoda,Octavia,2018,Diesel,Manual,116,322000,8200.0,https://www.mobile.bg/obiava-11786376449338908-skoda-octavia-1-6tdi-116ks-raboteshto-taksi-evro-6-otlichna
11749659247766419,Skoda,Octavia,2014,Petrol,Automatic,180,260000,8200.0,https://www.mobile.bg/obiava-11749659247766419-skoda-octavia-180k-s-1-8tsi-4x4-2hklyucha-2xnovi-gumi
11745263134567149,Skoda,Octavia,2016,Diesel,Manual,110,216512,8200.0,https://www.mobile.bg/obiava-11745263134567149-skoda-octavia-1-6-tdi-4x4
11730629845193490,Skoda,Octavia,2007,Diesel,Manual,140,238000,8250.0,https://www.mobile.bg/obiava-11730629845193490-skoda-octavia-skaut-2-0-140-4x4
11789275656569196,Skoda,Octavia,2018,Diesel,Manual,116,187117,8300.0,https://www.mobile.bg/obiava-11789275656569196-skoda-octavia-tdi-116k-c-sedan
11781769187698432,Skoda,Octavia,2015,Diesel,Manual,105,270000,8300.0,https://www.mobile.bg/obiava-11781769187698432-skoda-octavia-1-6-tdi
11777537898043538,Skoda,Octavia,2017,Diesel,Automatic,150,347000,8300.0,https://www.mobile.bg/obiava-11777537898043538-skoda-octavia-scout-4x4-avtomat-navi-euro-6
11781805783845766,Skoda,Octavia,2017,Diesel,Manual,150,220000,8300.0,https://www.mobile.bg/obiava-11781805783845766-skoda-octavia-2-0-tdi
11772447093139000,Skoda,Octavia,2014,Diesel,Manual,150,188000,8300.0,https://www.mobile.bg/obiava-11772447093139000-skoda-octavia-2-0-tdi-4x4-188000km
11790267859744704,Skoda,Octavia,2016,Diesel,Manual,110,249600,8350.0,https://www.mobile.bg/obiava-11790267859744704-skoda-octavia-1-6-diesel-n1-tovaren-avtomobil
11779107884141298,Skoda,Octavia,2015,Diesel,Automatic,150,262000,8399.0,https://www.mobile.bg/obiava-11779107884141298-skoda-octavia-2-0tdi-avtomatik
11782466949429537,Skoda,Octavia,2016,Diesel,Automatic,150,324550,7000.0,https://www.mobile.bg/obiava-11782466949429537-skoda-octavia-2-0-tdi-150ps
11790361541892805,Skoda,Octavia,2017,Diesel,Manual,115,248000,8400.0,https://www.mobile.bg/obiava-11790361541892805-skoda-octavia-scout-4x4-1-6-115k-s
11779805552844535,Skoda,Octavia,2015,Diesel,Automatic,150,260370,8420.0,https://www.mobile.bg/obiava-11779805552844535-skoda-octavia
11705849919185232,Skoda,Octavia,2017,Diesel,Automatic,116,179000,8450.0,https://www.mobile.bg/obiava-11705849919185232-skoda-octavia-1-6-tdi
11782386637332195,Skoda,Octavia,2018,Diesel,Automatic,150,270000,8490.0,https://www.mobile.bg/obiava-11782386637332195-skoda-octavia-2-0-tdi-facelift-dsg-keyless-go-kombi
11745089604785999,Skoda,Octavia,2018,Diesel,Automatic,150,284000,8495.0,https://www.mobile.bg/obiava-11745089604785999-skoda-octavia-dsg-4x4
11788388571939593,Skoda,Octavia,2015,Diesel,Automatic,184,287012,8499.0,https://www.mobile.bg/obiava-11788388571939593-skoda-octavia-2-0tdi-4x4-scout-dsg
11780040833158596,Skoda,Octavia,2018,Diesel,Automatic,150,228000,8499.0,https://www.mobile.bg/obiava-11780040833158596-skoda-octavia-2-0-tdi-dsg6-euro-6b
11790668170636377,Skoda,Octavia,2011,Petrol,Automatic,200,262000,8500.0,https://www.mobile.bg/obiava-11790668170636377-skoda-octavia-2-0-tsi
11789883856103953,Skoda,Octavia,2015,Petrol,Automatic,140,205000,8500.0,https://www.mobile.bg/obiava-11789883856103953-skoda-octavia-parvi-sobstvenik
11787057161197895,Skoda,Octavia,2021,Diesel,Automatic,150,158664,8500.0,https://www.mobile.bg/obiava-11787057161197895-skoda-octavia-2-0tdi-150ps-dsg-distronic-kamera-led
11784877617464771,Skoda,Octavia,2014,Diesel,Automatic,184,221000,8500.0,https://www.mobile.bg/obiava-11784877617464771-skoda-octavia-vrs
11787490460813679,Skoda,Octavia,2013,Diesel,Automatic,150,286000,8500.0,https://www.mobile.bg/obiava-11787490460813679-skoda-octavia
11779996928048216,Skoda,Octavia,2016,Diesel,Automatic,185,274500,8500.0,https://www.mobile.bg/obiava-11779996928048216-skoda-octavia-skoda-octavia-scout-2-0tdi
11773681828258524,Skoda,Octavia,2016,Diesel,Automatic,184,253243,8500.0,https://www.mobile.bg/obiava-11773681828258524-skoda-octavia-2-0-tdi-184-ps
11774182669860666,Skoda,Octavia,2014,Diesel,Automatic,184,279700,8500.0,https://www.mobile.bg/obiava-11774182669860666-skoda-octavia-vrs
11789987703848618,Skoda,Octavia,2014,Diesel,Automatic,184,218000,8500.0,https://www.mobile.bg/obiava-11789987703848618-skoda-octavia
11786032714945942,Skoda,Octavia,2016,Diesel,Automatic,184,230000,8500.0,https://www.mobile.bg/obiava-11786032714945942-skoda-octavia-2-0tdi-184k-s-vrs-s-registratsiya
11760464102988959,Skoda,Octavia,2014,Diesel,Automatic,184,223760,8500.0,https://www.mobile.bg/obiava-11760464102988959-skoda-octavia-vrs
11769264108127458,Skoda,Octavia,2019,Diesel,Automatic,116,154900,8500.0,https://www.mobile.bg/obiava-11769264108127458-skoda-octavia-1-6-tdi-7-gtronik-2-br
11783763697165117,Skoda,Octavia,2019,Petrol,Automatic,131,236286,8500.0,https://www.mobile.bg/obiava-11783763697165117-skoda-octavia-1-5-gtec
11787128337261038,Skoda,Octavia,2014,Diesel,Manual,150,250000,8500.0,https://www.mobile.bg/obiava-11787128337261038-skoda-octavia-2-0-tdi
11790000792651660,Skoda,Octavia,2014,Petrol,Automatic,180,200000,8500.0,https://www.mobile.bg/obiava-11790000792651660-skoda-octavia-1-8i-4x4-avtomatik
11766770493272453,Skoda,Octavia,2015,Diesel,Manual,110,218000,8589.7,https://www.mobile.bg/obiava-11766770493272453-skoda-octavia-tdi-110k-s-euro6
11790842846583411,Skoda,Octavia,2016,Diesel,Automatic,150,244000,8600.0,https://www.mobile.bg/obiava-11790842846583411-skoda-octavia
11788798408222850,Skoda,Octavia,2014,Diesel,Automatic,184,233400,8600.0,https://www.mobile.bg/obiava-11788798408222850-skoda-octavia-vrs
11790615890078956,Skoda,Octavia,2014,Diesel,Automatic,150,233000,8660.0,https://www.mobile.bg/obiava-11790615890078956-skoda-octavia
11790597430759330,Skoda,Octavia,2015,Diesel,Automatic,184,246000,8700.0,https://www.mobile.bg/obiava-11790597430759330-skoda-octavia
11765531132404819,Skoda,Octavia,2017,Diesel,Manual,110,197000,8700.0,https://www.mobile.bg/obiava-11765531132404819-skoda-octavia-1-6tdi
11775904424126561,Skoda,Octavia,2010,Diesel,Automatic,170,279000,8700.0,https://www.mobile.bg/obiava-11775904424126561-skoda-octavia-vrs
11778760555431984,Skoda,Octavia,2018,Diesel,Manual,110,206140,8700.0,https://www.mobile.bg/obiava-11778760555431984-skoda-octavia-1-6-tdi-110-k-s-4h4
11789290158716042,Skoda,Octavia,2015,Diesel,Automatic,184,200000,8750.0,https://www.mobile.bg/obiava-11789290158716042-skoda-octavia-2-0dsg-scout-panorama-evro-6
11783921189454679,Skoda,Octavia,2015,Diesel,Automatic,184,200000,8750.0,https://www.mobile.bg/obiava-11783921189454679-skoda-octavia-2-0dsg-scout-realni-kilometri-evro-6
11790836289039426,Skoda,Octavia,2020,Petrol,Automatic,131,215000,8777.0,https://www.mobile.bg/obiava-11790836289039426-skoda-octavia-1-5-metan-nov-vnos-8777
11786978187577643,Skoda,Octavia,2017,Diesel,Automatic,150,275400,8790.0,https://www.mobile.bg/obiava-11786978187577643-skoda-octavia-skoda-octavia-2-0-tdi-drive-dsg-150-k-s
11743850906892552,Skoda,Octavia,2018,Diesel,Automatic,116,260000,8799.0,https://www.mobile.bg/obiava-11743850906892552-skoda-octavia-1-6tdi-116-p-s-dsg
11789543376006694,Skoda,Octavia,2016,Diesel,Manual,150,253000,8799.0,https://www.mobile.bg/obiava-11789543376006694-skoda-octavia-2-0-tdi-scout
11788595962345731,Skoda,Octavia,2013,Diesel,Automatic,184,185500,8800.0,https://www.mobile.bg/obiava-11788595962345731-skoda-octavia-2-0-tdi-vrs
11790239505570936,Skoda,Octavia,2013,Diesel,Automatic,184,245000,8800.0,https://www.mobile.bg/obiava-11790239505570936-skoda-octavia
11774366296836261,Skoda,Octavia,2013,Diesel,Automatic,184,184500,8800.0,https://www.mobile.bg/obiava-11774366296836261-skoda-octavia-vrs-2-0-tdi-184-k-s
11713889712348971,Skoda,Octavia,2016,Diesel,Automatic,110,252000,8800.0,https://www.mobile.bg/obiava-11713889712348971-skoda-octavia
11784037058519155,Skoda,Octavia,2016,Diesel,Automatic,110,185000,8800.0,https://www.mobile.bg/obiava-11784037058519155-skoda-octavia-1-6-tdi-110hp
11775558579934030,Skoda,Octavia,2015,Diesel,Manual,150,311550,8800.0,https://www.mobile.bg/obiava-11775558579934030-skoda-octavia-2-0tdi
11785593540538902,Skoda,Octavia,2016,Petrol,Automatic,180,193297,8900.0,https://www.mobile.bg/obiava-11785593540538902-skoda-octavia-1-8i-4x4-avtomatik
11763723325701411,Skoda,Octavia,2013,Diesel,Automatic,184,189000,8900.0,https://www.mobile.bg/obiava-11763723325701411-skoda-octavia-vrs-2-0tdi-184ks
11745788738415422,Skoda,Octavia,2014,Diesel,Automatic,184,212000,8900.0,https://www.mobile.bg/obiava-11745788738415422-skoda-octavia-scout-4x4-dsg
11787996055537180,Skoda,Octavia,2017,Diesel,Automatic,150,292000,8950.0,https://www.mobile.bg/obiava-11787996055537180-skoda-octavia-2-0
11769240281965417,Skoda,Octavia,2015,Diesel,Automatic,184,220000,8990.0,https://www.mobile.bg/obiava-11769240281965417-skoda-octavia-2-0tdi-vrs-184hp-avtomatik
11780741702552676,Skoda,Octavia,2015,Diesel,Automatic,184,244000,8999.0,https://www.mobile.bg/obiava-11780741702552676-skoda-octavia-scout-dsg-4x4-navi
11779952483599951,Skoda,Octavia,2018,Diesel,Automatic,184,283000,8999.0,https://www.mobile.bg/obiava-11779952483599951-skoda-octavia
11789136794567440,Skoda,Octavia,2016,Diesel,Automatic,184,193047,8999.0,https://www.mobile.bg/obiava-11789136794567440-skoda-octavia-2-0tdi-184k-s-vrs-lizing
11764507887927996,Skoda,Octavia,2017,Petrol,Automatic,110,170569,8999.0,https://www.mobile.bg/obiava-11764507887927996-skoda-octavia-1-4-110ks-g-tec
11682577285872157,Skoda,Octavia,2007,Diesel,Manual,140,132007,9000.0,https://www.mobile.bg/obiava-11682577285872157-skoda-octavia-scout-4x4
11780905771822179,Skoda,Octavia,2016,Diesel,Automatic,184,285000,9000.0,https://www.mobile.bg/obiava-11780905771822179-skoda-octavia
11789845297855303,Skoda,Octavia,2014,Diesel,Manual,184,284400,9000.0,https://www.mobile.bg/obiava-11789845297855303-skoda-octavia
11788979714721928,Skoda,Octavia,2014,Diesel,Automatic,183,300000,9000.0,https://www.mobile.bg/obiava-11788979714721928-skoda-octavia-scout
11784197597113533,Skoda,Octavia,2015,Diesel,Manual,184,247000,9000.0,https://www.mobile.bg/obiava-11784197597113533-skoda-octavia-vrs-automatic-full
11787849285575537,Skoda,Octavia,2016,Diesel,Manual,184,193000,9000.0,https://www.mobile.bg/obiava-11787849285575537-skoda-octavia-vrs
11761118645127446,Skoda,Octavia,2014,Diesel,Automatic,105,222222,9000.0,https://www.mobile.bg/obiava-11761118645127446-skoda-octavia
11749916917105753,Skoda,Octavia,2017,Diesel,Automatic,116,273000,9000.0,https://www.mobile.bg/obiava-11749916917105753-skoda-octavia
11782136413986914,Skoda,Octavia,2016,Diesel,Manual,110,184000,9000.0,https://www.mobile.bg/obiava-11782136413986914-skoda-octavia
11782837636294846,Skoda,Octavia,2015,Diesel,Automatic,184,260000,9000.0,https://www.mobile.bg/obiava-11782837636294846-skoda-octavia
11746361357851545,Skoda,Octavia,2015,Petrol,Manual,150,66000,9000.0,https://www.mobile.bg/obiava-11746361357851545-skoda-octavia-style
11788981701302392,Skoda,Octavia,2017,Diesel,Manual,110,236000,9100.0,https://www.mobile.bg/obiava-11788981701302392-skoda-octavia-4x4-tovaren
11788239748826851,Skoda,Octavia,2015,Diesel,Automatic,184,288000,9100.0,https://www.mobile.bg/obiava-11788239748826851-skoda-octavia-scout
11447103086825734,Skoda,Octavia,2017,Petrol,Manual,115,127000,9147.01,https://www.mobile.bg/obiava-11447103086825734-skoda-octavia-izklyuchitelna-serviz-knizhk-obsluzhn-unikt-gaz-benzin
11703331247912198,Skoda,Octavia,2018,Diesel,Automatic,116,244000,9152.12,https://www.mobile.bg/obiava-11703331247912198-skoda-octavia-1-6-tdi-7dsg
11780647270447622,Skoda,Octavia,2018,Petrol,Automatic,110,152268,9199.0,https://www.mobile.bg/obiava-11780647270447622-skoda-octavia-g-tec
11788458869579193,Skoda,Octavia,2015,Diesel,Manual,184,253737,9200.0,https://www.mobile.bg/obiava-11788458869579193-skoda-octavia-vrs-2-0-tdi
11788077498224573,Skoda,Octavia,2014,Diesel,Automatic,150,183000,9200.0,https://www.mobile.bg/obiava-11788077498224573-skoda-octavia-2-0-tdi-kozha-avtomatik-obsluzhena
11789640903402364,Skoda,Octavia,2019,Diesel,Manual,116,253500,9200.0,https://www.mobile.bg/obiava-11789640903402364-skoda-octavia-1-6-tdi
11773308271194693,Skoda,Octavia,2016,Diesel,Automatic,150,281000,9200.0,https://www.mobile.bg/obiava-11773308271194693-skoda-octavia-2-0-tdi
11790245987135489,Skoda,Octavia,2017,Diesel,Automatic,110,13700,9200.0,https://www.mobile.bg/obiava-11790245987135489-skoda-octavia
11770567280919613,Skoda,Octavia,2016,Diesel,Manual,150,230000,9200.0,https://www.mobile.bg/obiava-11770567280919613-skoda-octavia-octavia-3-2-0-150-hp
11789057239025865,Skoda,Octavia,2018,Diesel,Automatic,150,200000,9200.0,https://www.mobile.bg/obiava-11789057239025865-skoda-octavia-2-0-150ks-dq250
11764075813696686,Skoda,Octavia,2017,Diesel,Manual,110,166150,9202.0,https://www.mobile.bg/obiava-11764075813696686-skoda-octavia-1-6-tdi
11758789602146418,Skoda,Octavia,2015,Diesel,Automatic,184,240000,9228.82,https://www.mobile.bg/obiava-11758789602146418-skoda-octavia-scout-4x4
11781780232659938,Skoda,Octavia,2016,Diesel,Automatic,184,230000,9300.0,https://www.mobile.bg/obiava-11781780232659938-skoda-octavia-vrs
11785053733781363,Skoda,Octavia,2014,Diesel,Automatic,184,223000,9300.0,https://www.mobile.bg/obiava-11785053733781363-skoda-octavia-2-0tdi-vrs-shveytsariya
11782815424167235,Skoda,Octavia,2017,Diesel,Automatic,184,232680,9300.0,https://www.mobile.bg/obiava-11782815424167235-skoda-octavia-scout-4x4-automatic-2-0tdi
11747214782010928,Skoda,Octavia,2016,Petrol,Automatic,180,240300,9300.0,https://www.mobile.bg/obiava-11747214782010928-skoda-octavia-4x4-lizing
11788793939314541,Skoda,Octavia,2014,Diesel,Automatic,184,277000,9300.0,https://www.mobile.bg/obiava-11788793939314541-skoda-octavia-vrs
11787139104374547,Skoda,Octavia,2016,Diesel,Manual,110,177000,9300.0,https://www.mobile.bg/obiava-11787139104374547-skoda-octavia
11787162737709126,Skoda,Octavia,2014,Petrol,Manual,105,99500,9300.0,https://www.mobile.bg/obiava-11787162737709126-skoda-octavia-ot-bg-euratek-99000-km
11789816033777336,Skoda,Octavia,2019,Diesel,Manual,116,300000,9350.0,https://www.mobile.bg/obiava-11789816033777336-skoda-octavia
11782804525792495,Skoda,Octavia,2014,Petrol,Automatic,180,231752,9490.0,https://www.mobile.bg/obiava-11782804525792495-skoda-octavia-4x4-avtomatik-lizing
11789461180430484,Skoda,Octavia,2019,Diesel,Automatic,150,221300,9499.0,https://www.mobile.bg/obiava-11789461180430484-skoda-octavia-2-0tdi-dsg-lizing-barter
11790795835478390,Skoda,Octavia,2017,Diesel,Automatic,150,161000,9499.0,https://www.mobile.bg/obiava-11790795835478390-skoda-octavia-vrs-izpalnenie
11788677954964430,Skoda,Octavia,2015,Diesel,Automatic,105,246000,9500.0,https://www.mobile.bg/obiava-11788677954964430-skoda-octavia-1-6-tdi
11779098239824601,Skoda,Octavia,2014,Diesel,Automatic,150,111000,9500.0,https://www.mobile.bg/obiava-11779098239824601-skoda-octavia-2-0tdi-111000-km
11790072915320549,Skoda,Octavia,2017,Petrol,Automatic,110,180200,9500.0,https://www.mobile.bg/obiava-11790072915320549-skoda-octavia-1-4i-fabr-metan-klimatronik
11785426718369148,Skoda,Octavia,2014,Diesel,Manual,184,203000,9500.0,https://www.mobile.bg/obiava-11785426718369148-skoda-octavia
11782728895427299,Skoda,Octavia,2019,Diesel,Automatic,116,194000,9500.0,https://www.mobile.bg/obiava-11782728895427299-skoda-octavia-1-6-tdi
11763455651976363,Skoda,Octavia,2020,Diesel,Manual,150,247000,9500.0,https://www.mobile.bg/obiava-11763455651976363-skoda-octavia
11769353678442873,Skoda,Octavia,2017,Diesel,Automatic,116,191000,9500.0,https://www.mobile.bg/obiava-11769353678442873-skoda-octavia
11780146477281500,Skoda,Octavia,2020,Diesel,Automatic,116,208702,9500.0,https://www.mobile.bg/obiava-11780146477281500-skoda-octavia
11784994699330452,Skoda,Octavia,2015,Petrol,Manual,180,137000,9500.0,https://www.mobile.bg/obiava-11784994699330452-skoda-octavia-1-8tsi-180hp
11777275136873470,Skoda,Octavia,2017,Diesel,Automatic,150,265000,9500.0,https://www.mobile.bg/obiava-11777275136873470-skoda-octavia-2-0d-dsg
11786949022198768,Skoda,Octavia,2018,Diesel,Manual,150,270887,9500.0,https://www.mobile.bg/obiava-11786949022198768-skoda-octavia-4x4
11782331479756068,Skoda,Octavia,2017,Diesel,Manual,116,211000,9500.0,https://www.mobile.bg/obiava-11782331479756068-skoda-octavia-1-6tdi
11790331374292171,Skoda,Octavia,2014,Diesel,Automatic,150,189000,9500.0,https://www.mobile.bg/obiava-11790331374292171-skoda-octavia-3
11783249781039171,Skoda,Octavia,2018,Diesel,Automatic,150,244000,9500.0,https://www.mobile.bg/obiava-11783249781039171-skoda-octavia-2-0-tdi
11790539870871635,Skoda,Octavia,2016,Diesel,Manual,150,181000,9500.0,https://www.mobile.bg/obiava-11790539870871635-skoda-octavia
11788435520479706,Skoda,Octavia,2018,Diesel,Manual,116,194000,9500.0,https://www.mobile.bg/obiava-11788435520479706-skoda-octavia-1-6-tdi
11790533543760643,Skoda,Octavia,2018,Diesel,Manual,184,177077,9500.0,https://www.mobile.bg/obiava-11790533543760643-skoda-octavia-2-0-tdi-vrs
11781076479861378,Skoda,Octavia,2018,Petrol,Manual,180,240000,9500.0,https://www.mobile.bg/obiava-11781076479861378-skoda-octavia-2018
11787786187919101,Skoda,Octavia,2015,Petrol,Manual,110,233000,9500.0,https://www.mobile.bg/obiava-11787786187919101-skoda-octavia-g-tec
11781560780475352,Skoda,Octavia,2015,Diesel,Automatic,150,169000,9500.0,https://www.mobile.bg/obiava-11781560780475352-skoda-octavia-2-0tdi-150-konya-led
11780990262067344,Skoda,Octavia,2017,Diesel,Manual,184,224000,9500.0,https://www.mobile.bg/obiava-11780990262067344-skoda-octavia-vrs
11772188934499502,Skoda,Octavia,2020,Petrol,Automatic,130,263000,9500.0,https://www.mobile.bg/obiava-11772188934499502-skoda-octavia-1-5-g-tec
11786251743393197,Skoda,Octavia,2018,Diesel,Automatic,116,221000,9500.0,https://www.mobile.bg/obiava-11786251743393197-skoda-octavia-3-1-6-tdi-dsg-7
11691260912651998,Skoda,Octavia,2018,Diesel,Manual,116,233000,9599.0,https://www.mobile.bg/obiava-11691260912651998-skoda-octavia-1-6-tdi-vision
11781182463765150,Skoda,Octavia,2019,Diesel,Automatic,150,169871,9600.0,https://www.mobile.bg/obiava-11781182463765150-skoda-octavia-2-0-tdi-podgrev-obsluzhena
11780656784281269,Skoda,Octavia,2016,Diesel,Automatic,184,212000,9600.0,https://www.mobile.bg/obiava-11780656784281269-skoda-octavia-4h4-vrs-avtomatik
11708961474358500,Skoda,Octavia,2018,Diesel,Automatic,116,171576,9699.0,https://www.mobile.bg/obiava-11708961474358500-skoda-octavia
11786989962304915,Skoda,Octavia,2014,Diesel,Automatic,150,236500,9700.0,https://www.mobile.bg/obiava-11786989962304915-skoda-octavia-2-0-tdi-laurin-klement-istoriya-distronik-pamet
11789737743204618,Skoda,Octavia,2016,Diesel,Manual,150,154338,9700.0,https://www.mobile.bg/obiava-11789737743204618-skoda-octavia-2-0-tdi-sport
11779278602563401,Skoda,Octavia,2015,Diesel,Automatic,184,267093,9700.0,https://www.mobile.bg/obiava-11779278602563401-skoda-octavia-scout-4x4
11789047176312654,Skoda,Octavia,2017,Diesel,Automatic,184,252000,9770.0,https://www.mobile.bg/obiava-11789047176312654-skoda-octavia-2-0tdi-scout-4x4-dsg
11788168592202173,Skoda,Octavia,2016,Diesel,Automatic,141,290000,9800.0,https://www.mobile.bg/obiava-11788168592202173-skoda-octavia
11784992691492283,Skoda,Octavia,2017,Diesel,Automatic,150,280000,9800.0,https://www.mobile.bg/obiava-11784992691492283-skoda-octavia-2-0tdi-150
11782675234495307,Skoda,Octavia,2017,Diesel,Automatic,116,256550,9800.0,https://www.mobile.bg/obiava-11782675234495307-skoda-octavia-1-6tdi
11780320230490483,Skoda,Octavia,2020,Diesel,Automatic,115,147000,9800.0,https://www.mobile.bg/obiava-11780320230490483-skoda-octavia-dsg-virtual-avtomatik-navi
11790168001081402,Skoda,Octavia,2018,Diesel,Automatic,150,225000,9800.0,https://www.mobile.bg/obiava-11790168001081402-skoda-octavia-2-0tdi-dsg-avtomatik-carplay-obsluzhena-klimatronik
11757440325451432,Skoda,Octavia,2016,Diesel,Automatic,150,249000,9800.0,https://www.mobile.bg/obiava-11757440325451432-skoda-octavia-2-0-tdi-150ks
11772895090139870,Skoda,Octavia,2018,Diesel,Automatic,116,210000,9800.0,https://www.mobile.bg/obiava-11772895090139870-skoda-octavia-1-6tdi-dsg-panorama-keyless-obsluzhena
11790688604277904,Skoda,Octavia,2015,Diesel,Automatic,150,219000,9899.0,https://www.mobile.bg/obiava-11790688604277904-skoda-octavia-kombi
11787750833196643,Skoda,Octavia,2019,Diesel,Manual,116,198000,9900.0,https://www.mobile.bg/obiava-11787750833196643-skoda-octavia-ambition-1-6tdi-116k-c-5mt
11790671316632389,Skoda,Octavia,2015,Diesel,Automatic,184,243205,9900.0,https://www.mobile.bg/obiava-11790671316632389-skoda-octavia-2-0-tdi-vrs-bi-xenon-podgrev
11779032149275639,Skoda,Octavia,2017,Diesel,Automatic,184,301000,9900.0,https://www.mobile.bg/obiava-11779032149275639-skoda-octavia-obsluzhen-predi-100km-2-0tdi-dsg
11790277527897428,Skoda,Octavia,2013,Petrol,Automatic,220,192401,9900.0,https://www.mobile.bg/obiava-11790277527897428-skoda-octavia-vrs
11790091890313034,Skoda,Octavia,2017,Diesel,Manual,150,173000,9900.0,https://www.mobile.bg/obiava-11790091890313034-skoda-octavia-2-0-tdi-facelift-euratek
11785174636601910,Skoda,Octavia,2015,Diesel,Manual,150,217000,9970.0,https://www.mobile.bg/obiava-11785174636601910-skoda-octavia
11790543093516696,Skoda,Octavia,2014,Petrol,Automatic,230,246000,9999.0,https://www.mobile.bg/obiava-11790543093516696-skoda-octavia-vrs-challenge-2-0tsi-keyless
11779731601984595,Skoda,Octavia,2019,Diesel,Automatic,150,186000,9999.0,https://www.mobile.bg/obiava-11779731601984595-skoda-octavia-2-000tdi-dsg-euro6
11790462849057740,Skoda,Octavia,2019,Diesel,Automatic,116,189567,9999.0,https://www.mobile.bg/obiava-11790462849057740-skoda-octavia-full
11787648244757993,Skoda,Octavia,2017,Diesel,Automatic,150,170000,9999.0,https://www.mobile.bg/obiava-11787648244757993-skoda-octavia-2-0tdi
11788788844403930,Skoda,Octavia,2019,Diesel,Automatic,150,202000,9999.0,https://www.mobile.bg/obiava-11788788844403930-skoda-octavia-2-000tdi-dsg-euro6
11752045612241006,Skoda,Octavia,2019,Petrol,Automatic,131,171199,9999.0,https://www.mobile.bg/obiava-11752045612241006-skoda-octavia-1-5-metah-g-tec
11772657166365392,Skoda,Octavia,2017,Petrol,Automatic,110,225162,9999.0,https://www.mobile.bg/obiava-11772657166365392-skoda-octavia-1-4-g-tec-dsg-facelift
11757769396748707,Skoda,Octavia,2017,Diesel,Automatic,150,258000,9999.0,https://www.mobile.bg/obiava-11757769396748707-skoda-octavia-2-0-tdi-automat-panorama-distronic
11766487363267621,Skoda,Octavia,2014,Diesel,Automatic,105,243000,10000.0,https://www.mobile.bg/obiava-11766487363267621-skoda-octavia
11790557631261466,Skoda,Octavia,2020,Petrol,Automatic,130,189000,10000.0,https://www.mobile.bg/obiava-11790557631261466-skoda-octavia-parvi-sobstvenik
11785857952331230,Skoda,Octavia,2017,Diesel,Automatic,110,181500,10000.0,https://www.mobile.bg/obiava-11785857952331230-skoda-octavia
11776878396524253,Skoda,Octavia,2017,Diesel,Automatic,184,286397,10000.0,https://www.mobile.bg/obiava-11776878396524253-skoda-octavia-facelifft
11761806456744719,Skoda,Octavia,2014,Diesel,Automatic,184,261000,10000.0,https://www.mobile.bg/obiava-11761806456744719-skoda-octavia-vrs
11790244888157427,Skoda,Octavia,2019,Diesel,Automatic,150,220000,10000.0,https://www.mobile.bg/obiava-11790244888157427-skoda-octavia
11772974330908175,Skoda,Octavia,2017,Diesel,Automatic,150,299000,10000.0,https://www.mobile.bg/obiava-11772974330908175-skoda-octavia
11790098738283043,Skoda,Octavia,2015,Diesel,Automatic,184,182000,10000.0,https://www.mobile.bg/obiava-11790098738283043-skoda-octavia-scout
11768492957974428,Skoda,Octavia,2015,Diesel,Automatic,184,247000,10000.0,https://www.mobile.bg/obiava-11768492957974428-skoda-octavia-skoda-octavia-scout-4x4
11782726481110488,Skoda,Octavia,2013,Petrol,Automatic,180,267000,10000.0,https://www.mobile.bg/obiava-11782726481110488-skoda-octavia-1-8t-4h4-6dsg
11763739077181213,Skoda,Octavia,2013,Diesel,Manual,150,254000,10000.0,https://www.mobile.bg/obiava-11763739077181213-skoda-octavia-2-0tdi
11783421135564104,Skoda,Octavia,2018,Diesel,Automatic,150,145029,10100.0,https://www.mobile.bg/obiava-11783421135564104-skoda-octavia-2-0tdi-dsg
11775730754815024,Skoda,Octavia,2018,Diesel,Automatic,150,204000,10100.0,https://www.mobile.bg/obiava-11775730754815024-skoda-octavia-nov-vnos-ot-italiya
11776337975846909,Skoda,Octavia,2016,Diesel,Manual,185,236000,10180.0,https://www.mobile.bg/obiava-11776337975846909-skoda-octavia-2-0-tdi-vrs-185-kc-top-euro-6
11788433993967860,Skoda,Octavia,2016,Diesel,Automatic,184,204030,10200.0,https://www.mobile.bg/obiava-11788433993967860-skoda-octavia-scout
11728883699720127,Skoda,Octavia,2021,Petrol,Automatic,150,129378,10225.33,https://www.mobile.bg/obiava-11728883699720127-skoda-octavia-facelift-2021g-zavodski-metan-avtomat
11789192726318558,Skoda,Octavia,2015,Diesel,Automatic,220,340000,10290.0,https://www.mobile.bg/obiava-11789192726318558-skoda-octavia-vrs-remap
11784368529991308,Skoda,Octavia,2016,Diesel,Manual,150,260147,10300.0,https://www.mobile.bg/obiava-11784368529991308-skoda-octavia-scout-2-0tdi-4x4-mt6
11774625911876081,Skoda,Octavia,2016,Diesel,Automatic,184,283700,10300.0,https://www.mobile.bg/obiava-11774625911876081-skoda-octavia-2-0tdi-184ks-vrs
11788198075481322,Skoda,Octavia,2014,Diesel,Automatic,184,340000,10300.0,https://www.mobile.bg/obiava-11788198075481322-skoda-octavia-2-0-tdi-vrs-184k-s-panorama-distronik-canton
11719161563338591,Skoda,Octavia,2019,Diesel,Automatic,115,243487,10400.0,https://www.mobile.bg/obiava-11719161563338591-skoda-octavia-1-6tdi-dsg-led-pechka
11788651003983365,Skoda,Octavia,2015,Diesel,Automatic,184,210000,10450.0,https://www.mobile.bg/obiava-11788651003983365-skoda-octavia-2-0-tdi-scout
11777921606142435,Skoda,Octavia,2018,Diesel,Manual,150,239000,10499.0,https://www.mobile.bg/obiava-11777921606142435-skoda-octavia-2-0tdi-150hp-vsichki-ekstri
11766416842618197,Skoda,Octavia,2016,Diesel,Automatic,184,217915,10500.0,https://www.mobile.bg/obiava-11766416842618197-skoda-octavia-4x4-s-kamera-i-distronik
11789701728827507,Skoda,Octavia,2018,Diesel,Automatic,150,428000,10500.0,https://www.mobile.bg/obiava-11789701728827507-skoda-octavia-style-4x4
11789984483795518,Skoda,Octavia,2017,Diesel,Automatic,184,244000,10500.0,https://www.mobile.bg/obiava-11789984483795518-skoda-octavia
11783714651484808,Skoda,Octavia,2020,Petrol,Automatic,150,249000,10500.0,https://www.mobile.bg/obiava-11783714651484808-skoda-octavia-1-5-car-play
11784713129914230,Skoda,Octavia,2018,Diesel,Automatic,116,177000,10500.0,https://www.mobile.bg/obiava-11784713129914230-skoda-octavia-1-6
11788350683966228,Skoda,Octavia,2016,Diesel,Automatic,185,246557,10500.0,https://www.mobile.bg/obiava-11788350683966228-skoda-octavia-vrs
11782738341043197,Skoda,Octavia,2020,Petrol,Automatic,150,208000,10500.0,https://www.mobile.bg/obiava-11782738341043197-skoda-octavia-1-5-tsi
11787485025203445,Skoda,Octavia,2016,Diesel,Manual,184,240000,10500.0,https://www.mobile.bg/obiava-11787485025203445-skoda-octavia-vrs-2-0tdi-rs-184hp-kozha-carplay-lizing
11787465876903578,Skoda,Octavia,2019,Diesel,Automatic,116,162317,10600.0,https://www.mobile.bg/obiava-11787465876903578-skoda-octavia
11785652473748134,Skoda,Octavia,2019,Diesel,Automatic,150,185000,10600.0,https://www.mobile.bg/obiava-11785652473748134-skoda-octavia
11699294290446151,Skoda,Octavia,2017,Diesel,Automatic,150,200000,10675.77,https://www.mobile.bg/obiava-11699294290446151-skoda-octavia-2-0-tdi-top-avtomat-navigatsiya-lizing-100
11768591468637744,Skoda,Octavia,2017,Diesel,Manual,116,197500,8900.0,https://www.mobile.bg/obiava-11768591468637744-skoda-octavia-1-6-d-servizna-istoriya
11787555029646812,Skoda,Octavia,2017,Diesel,Manual,116,150000,10699.0,https://www.mobile.bg/obiava-11787555029646812-skoda-octavia
11786204317790867,Skoda,Octavia,2019,Diesel,Manual,115,201158,10700.0,https://www.mobile.bg/obiava-11786204317790867-skoda-octavia
11774483444763397,Skoda,Octavia,2013,Diesel,Automatic,184,202500,10700.0,https://www.mobile.bg/obiava-11774483444763397-skoda-octavia-vrs
11790329796157967,Skoda,Octavia,2019,Diesel,Manual,116,201700,10700.0,https://www.mobile.bg/obiava-11790329796157967-skoda-octavia-4x4-1-6tdi
11758124809501958,Skoda,Octavia,2020,Gas/LPG,Automatic,131,129200,10736.62,https://www.mobile.bg/obiava-11758124809501958-skoda-octavia-facelift-automat-gotova-za-taksi
11785747274507770,Skoda,Octavia,2015,Diesel,Automatic,150,289500,8999.0,https://www.mobile.bg/obiava-11785747274507770-skoda-octavia-2-0tdi
11787483170402702,Skoda,Octavia,2015,Diesel,Manual,184,248800,10800.0,https://www.mobile.bg/obiava-11787483170402702-skoda-octavia-vrs
11788089421984346,Skoda,Octavia,2014,Petrol,Automatic,180,205000,10800.0,https://www.mobile.bg/obiava-11788089421984346-skoda-octavia-kombi
11789903784096449,Skoda,Octavia,2015,Diesel,Automatic,184,230000,10800.0,https://www.mobile.bg/obiava-11789903784096449-skoda-octavia-vrs
11779090031016702,Skoda,Octavia,2015,Diesel,Automatic,184,240100,10800.0,https://www.mobile.bg/obiava-11779090031016702-skoda-octavia-2-0-tdi-lizing-bez-parvonachalna-vnoska
11708583219732166,Skoda,Octavia,2018,Petrol,Manual,110,167000,10839.39,https://www.mobile.bg/obiava-11708583219732166-skoda-octavia-1-4-gtec-podgotvena-za-taksi
11762187235411249,Skoda,Octavia,2018,Diesel,Manual,116,266000,10859.0,https://www.mobile.bg/obiava-11762187235411249-skoda-octavia-1-6tdi-distronik-top-sastoyanie-napalno-obsluzhen
11714841709366950,Skoda,Octavia,2015,Diesel,Manual,150,223000,10900.0,https://www.mobile.bg/obiava-11714841709366950-skoda-octavia
11787069451380301,Skoda,Octavia,2018,Diesel,Automatic,150,179500,10990.0,https://www.mobile.bg/obiava-11787069451380301-skoda-octavia
11783976861088810,Skoda,Octavia,2018,Petrol,Manual,110,240000,10990.0,https://www.mobile.bg/obiava-11783976861088810-skoda-octavia-3
11757581666568590,Skoda,Octavia,2018,Diesel,Manual,150,171460,10992.78,https://www.mobile.bg/obiava-11757581666568590-skoda-octavia
11790148429245552,Skoda,Octavia,2014,Diesel,Automatic,184,221000,10999.0,https://www.mobile.bg/obiava-11790148429245552-skoda-octavia-vrs-virtual-rieger-optic
11785342512918797,Skoda,Octavia,2019,Petrol,Manual,116,210000,10999.0,https://www.mobile.bg/obiava-11785342512918797-skoda-octavia-nyama-vtora-takava
11758027862485960,Skoda,Octavia,2017,Diesel,Automatic,184,210000,10999.0,https://www.mobile.bg/obiava-11758027862485960-skoda-octavia-n-1-4-1
11778135805621947,Skoda,Octavia,2019,Petrol,Automatic,110,172708,10999.0,https://www.mobile.bg/obiava-11778135805621947-skoda-octavia-1-4-tsi-g-tec
11788947221732980,Skoda,Octavia,2017,Diesel,Automatic,116,262000,11000.0,https://www.mobile.bg/obiava-11788947221732980-skoda-octavia
11772745524940226,Skoda,Octavia,2015,Diesel,Automatic,184,285000,11000.0,https://www.mobile.bg/obiava-11772745524940226-skoda-octavia-vrs-2-0tdi-184hp
11766401514202031,Skoda,Octavia,2018,Diesel,Automatic,150,182000,11000.0,https://www.mobile.bg/obiava-11766401514202031-skoda-octavia
11783872334323897,Skoda,Octavia,2017,Diesel,Automatic,150,196879,11000.0,https://www.mobile.bg/obiava-11783872334323897-skoda-octavia
11780763411442612,Skoda,Octavia,2019,Diesel,Automatic,150,198000,11000.0,https://www.mobile.bg/obiava-11780763411442612-skoda-octavia-2-0tdi-face-lift-euro6-dsg-4x4
11780177359254256,Skoda,Octavia,2015,Diesel,Manual,150,243000,11000.0,https://www.mobile.bg/obiava-11780177359254256-skoda-octavia
11788193642303917,Skoda,Octavia,2019,Petrol,Automatic,116,253000,11000.0,https://www.mobile.bg/obiava-11788193642303917-skoda-octavia-1-0-tsi-116-k-s-avtomat-navigatsiya
11790862793868564,Skoda,Octavia,2016,Diesel,Manual,150,168199,11000.0,https://www.mobile.bg/obiava-11790862793868564-skoda-octavia
11787825748844858,Skoda,Octavia,2014,Petrol,Automatic,220,185000,11000.0,https://www.mobile.bg/obiava-11787825748844858-skoda-octavia-vrs-challenge-registriran-obsluzhen-dsg-6
11774271635519502,Skoda,Octavia,2019,Diesel,Automatic,150,290000,11000.0,https://www.mobile.bg/obiava-11774271635519502-skoda-octavia-stayl-2-0-tdi-cr-110kw
11784710348037494,Skoda,Octavia,2019,Diesel,Automatic,150,180100,11099.0,https://www.mobile.bg/obiava-11784710348037494-skoda-octavia
11784297940036207,Skoda,Octavia,2014,Diesel,Manual,150,115000,11200.0,https://www.mobile.bg/obiava-11784297940036207-skoda-octavia-scout-2-0d
11780648754419074,Skoda,Octavia,2017,Diesel,Automatic,184,239059,11290.0,https://www.mobile.bg/obiava-11780648754419074-skoda-octavia-2-0-tdi-scout-4x4-full-led-shveytsariya
11776593458347053,Skoda,Octavia,2016,Diesel,Automatic,184,208000,11300.0,https://www.mobile.bg/obiava-11776593458347053-skoda-octavia-scout-4x4-2-0
11746870129762182,Skoda,Octavia,2018,Diesel,Automatic,150,270000,11400.0,https://www.mobile.bg/obiava-11746870129762182-skoda-octavia
11787769034408205,Skoda,Octavia,2019,Diesel,Automatic,115,128000,11400.0,https://www.mobile.bg/obiava-11787769034408205-skoda-octavia-3
11773244177735828,Skoda,Octavia,2020,Diesel,Manual,115,177000,11500.0,https://www.mobile.bg/obiava-11773244177735828-skoda-octavia
11784450656594056,Skoda,Octavia,2017,Diesel,Automatic,150,184000,11500.0,https://www.mobile.bg/obiava-11784450656594056-skoda-octavia-2-0tdi-150k-s-4h4
11782829993476781,Skoda,Octavia,2018,Diesel,Manual,115,213971,11500.0,https://www.mobile.bg/obiava-11782829993476781-skoda-octavia-1-6-tdi
11729450412688073,Skoda,Octavia,2021,Petrol,Manual,110,200000,11500.0,https://www.mobile.bg/obiava-11729450412688073-skoda-octavia-distronic-head-up-keyless-go-4-h-podgrev-18
11784804226091639,Skoda,Octavia,2018,Diesel,Automatic,150,268220,11500.0,https://www.mobile.bg/obiava-11784804226091639-skoda-octavia-2-0-tdi-dsg-150-k-s
11785253301733813,Skoda,Octavia,2016,Diesel,Automatic,184,236140,11500.0,https://www.mobile.bg/obiava-11785253301733813-skoda-octavia-2-0-tdi-vrs-4x4-panorama-canton
11778918532977145,Skoda,Octavia,2017,Diesel,Automatic,150,152000,11599.0,https://www.mobile.bg/obiava-11778918532977145-skoda-octavia-3-facelift
11789814065904465,Skoda,Octavia,2019,Diesel,Manual,115,204600,11599.0,https://www.mobile.bg/obiava-11789814065904465-skoda-octavia
11784884506218382,Skoda,Octavia,2018,Diesel,Automatic,184,264000,11600.0,https://www.mobile.bg/obiava-11784884506218382-skoda-octavia-2-0tdi-vrs
11782121307074356,Skoda,Octavia,2017,Diesel,Automatic,150,200000,11660.0,https://www.mobile.bg/obiava-11782121307074356-skoda-octavia-2-0tdi-dsg-led-navi-dvd-lizing-100
11789922916582710,Skoda,Octavia,2016,Petrol,Automatic,230,211000,11700.0,https://www.mobile.bg/obiava-11789922916582710-skoda-octavia-2-0-tsi
11787319296778791,Skoda,Octavia,2019,Diesel,Automatic,150,187000,11700.0,https://www.mobile.bg/obiava-11787319296778791-skoda-octavia-2-0tdi-dsg
11790164407698179,Skoda,Octavia,2019,Diesel,Manual,116,141724,11799.0,https://www.mobile.bg/obiava-11790164407698179-skoda-octavia-octavia-1-6-tdi
11760715803123347,Skoda,Octavia,2019,Petrol,Automatic,131,105000,11800.0,https://www.mobile.bg/obiava-11760715803123347-skoda-octavia-skoda-octavia-1-5-g-tec-131k-s-dsg-metan
11766047663324231,Skoda,Octavia,2017,Diesel,Manual,184,275000,11800.0,https://www.mobile.bg/obiava-11766047663324231-skoda-octavia-vrs
11760682489088443,Skoda,Octavia,2014,Petrol,Automatic,220,216750,11800.0,https://www.mobile.bg/obiava-11760682489088443-skoda-octavia-vrs-line-lizing
11753888657264841,Skoda,Octavia,2017,Diesel,Manual,184,237000,11900.0,https://www.mobile.bg/obiava-11753888657264841-skoda-octavia-vrs-nov-vnos-ot-belgiya-1-vi-sobstvenik
11785250958951495,Skoda,Octavia,2014,Petrol,Manual,220,207000,11900.0,https://www.mobile.bg/obiava-11785250958951495-skoda-octavia-2-0wrs-navi-klimatronik-evro-6b
11783158825639359,Skoda,Octavia,2019,Diesel,Manual,115,220272,11900.0,https://www.mobile.bg/obiava-11783158825639359-skoda-octavia-1-6-tdi-115-k-c
11785746506710229,Skoda,Octavia,2020,Petrol,Automatic,131,182000,11900.0,https://www.mobile.bg/obiava-11785746506710229-skoda-octavia-g-tec-cng
11786646219517590,Skoda,Octavia,2015,Diesel,Automatic,184,249000,9999.0,https://www.mobile.bg/obiava-11786646219517590-skoda-octavia
11779647916871255,Skoda,Octavia,2018,Diesel,Automatic,184,169250,11999.0,https://www.mobile.bg/obiava-11779647916871255-skoda-octavia-2-0-tdi-stile-4h4-avtom-184-k-s-nov-vnos-shveytsar
11763642819736443,Skoda,Octavia,2017,Diesel,Automatic,184,221500,11999.0,https://www.mobile.bg/obiava-11763642819736443-skoda-octavia
11767702251981146,Skoda,Octavia,2017,Diesel,Manual,110,100537,11999.0,https://www.mobile.bg/obiava-11767702251981146-skoda-octavia-1-6tdi-top-100h-km
11784578948552223,Skoda,Octavia,2015,Petrol,Manual,220,183258,11999.0,https://www.mobile.bg/obiava-11784578948552223-skoda-octavia-vrs-2-0tsi-6-skorosti
11774094195313561,Skoda,Octavia,2017,Diesel,Automatic,185,189576,11999.0,https://www.mobile.bg/obiava-11774094195313561-skoda-octavia-2-0-turbo
11788515200594336,Skoda,Octavia,2014,Diesel,Automatic,184,262000,11999.0,https://www.mobile.bg/obiava-11788515200594336-skoda-octavia-vrs
11790689084706847,Skoda,Octavia,2018,Petrol,Manual,110,154908,12000.0,https://www.mobile.bg/obiava-11790689084706847-skoda-octavia
11788195673739785,Skoda,Octavia,2018,Diesel,Automatic,150,201122,12000.0,https://www.mobile.bg/obiava-11788195673739785-skoda-octavia
11773665659326186,Skoda,Octavia,2015,Diesel,Automatic,184,249000,12000.0,https://www.mobile.bg/obiava-11773665659326186-skoda-octavia-vrs-challenge
11752205560573311,Skoda,Octavia,2017,Diesel,Automatic,184,190000,12000.0,https://www.mobile.bg/obiava-11752205560573311-skoda-octavia-tdi-4x4-dsg-shveytsariya
11777194983759635,Skoda,Octavia,2015,Diesel,Automatic,184,256000,12000.0,https://www.mobile.bg/obiava-11777194983759635-skoda-octavia-vrs
11782152220698400,Skoda,Octavia,2014,Diesel,Automatic,184,350000,12000.0,https://www.mobile.bg/obiava-11782152220698400-skoda-octavia
11742386948836210,Skoda,Octavia,2020,Petrol,Automatic,131,276200,12000.0,https://www.mobile.bg/obiava-11742386948836210-skoda-octavia
11788777801231320,Skoda,Octavia,2019,Diesel,Manual,116,106000,12000.0,https://www.mobile.bg/obiava-11788777801231320-skoda-octavia
11785997282633861,Skoda,Octavia,2017,Petrol,Automatic,180,169000,12000.0,https://www.mobile.bg/obiava-11785997282633861-skoda-octavia-tsi
11769969679820135,Skoda,Octavia,2016,Diesel,Automatic,184,226460,12000.0,https://www.mobile.bg/obiava-11769969679820135-skoda-octavia-l-k
11788359302761406,Skoda,Octavia,2019,Diesel,Manual,115,166000,12000.0,https://www.mobile.bg/obiava-11788359302761406-skoda-octavia
11789461553662721,Skoda,Octavia,2020,Petrol,Manual,150,169000,12000.0,https://www.mobile.bg/obiava-11789461553662721-skoda-octavia-1-5-tsi
11779201177106003,Skoda,Octavia,2014,Diesel,Automatic,184,278000,12000.0,https://www.mobile.bg/obiava-11779201177106003-skoda-octavia-wrs
11789410626444128,Skoda,Octavia,2019,Diesel,Manual,150,133000,12200.0,https://www.mobile.bg/obiava-11789410626444128-skoda-octavia-2-0-tdi-150-k-s
11786956265206764,Skoda,Octavia,2019,Diesel,Manual,150,160000,12200.0,https://www.mobile.bg/obiava-11786956265206764-skoda-octavia-mk-3-2-0-tdi
11790777959671575,Skoda,Octavia,2014,Petrol,Manual,220,241300,12250.0,https://www.mobile.bg/obiava-11790777959671575-skoda-octavia-vrs
11739634460056697,Skoda,Octavia,2018,Diesel,Automatic,150,158072,12270.49,https://www.mobile.bg/obiava-11739634460056697-skoda-octavia-2-0tdi-navi-dsg
11787224798881115,Skoda,Octavia,2017,Diesel,Manual,150,330500,12300.0,https://www.mobile.bg/obiava-11787224798881115-skoda-octavia
11785870113880211,Skoda,Octavia,2019,Diesel,Automatic,184,173000,12300.0,https://www.mobile.bg/obiava-11785870113880211-skoda-octavia-2-0-tdi-184-hp
11788287508259417,Skoda,Octavia,2014,Diesel,Automatic,184,204257,12390.0,https://www.mobile.bg/obiava-11788287508259417-skoda-octavia-2-0-tdi-vrs
11782226780859800,Skoda,Octavia,2019,Diesel,Automatic,150,186258,12399.0,https://www.mobile.bg/obiava-11782226780859800-skoda-octavia
11754552313700142,Skoda,Octavia,2019,Diesel,Automatic,150,208000,12499.0,https://www.mobile.bg/obiava-11754552313700142-skoda-octavia-2-0tdi-dsg-150k-c
11762004044833570,Skoda,Octavia,2017,Diesel,Automatic,184,199000,12499.0,https://www.mobile.bg/obiava-11762004044833570-skoda-octavia-vrs-4x4-kamera-acc-matrix
11786605911042066,Skoda,Octavia,2020,Diesel,Manual,116,127000,12500.0,https://www.mobile.bg/obiava-11786605911042066-skoda-octavia-ambition-1-6tdi-116k-c-5mt
11786259673942997,Skoda,Octavia,2019,Diesel,Automatic,150,112000,12500.0,https://www.mobile.bg/obiava-11786259673942997-skoda-octavia
11778520262914961,Skoda,Octavia,2017,Diesel,Automatic,184,217200,12500.0,https://www.mobile.bg/obiava-11778520262914961-skoda-octavia
11788982621082624,Skoda,Octavia,2015,Diesel,Automatic,184,215000,12500.0,https://www.mobile.bg/obiava-11788982621082624-skoda-octavia
11789634312094067,Skoda,Octavia,2017,Diesel,Automatic,186,170000,12500.0,https://www.mobile.bg/obiava-11789634312094067-skoda-octavia-2-0-tdi-dsg-4x4
11789133246291045,Skoda,Octavia,2018,Diesel,Automatic,184,211292,12500.0,https://www.mobile.bg/obiava-11789133246291045-skoda-octavia
11782837963265327,Skoda,Octavia,2017,Diesel,Automatic,150,239000,12500.0,https://www.mobile.bg/obiava-11782837963265327-skoda-octavia-2-0tdi-avtomatik
11787988008525362,Skoda,Octavia,2015,Diesel,Automatic,184,262000,12500.0,https://www.mobile.bg/obiava-11787988008525362-skoda-octavia-vrs
11781109176664597,Skoda,Octavia,2018,Diesel,Automatic,150,188354,12500.0,https://www.mobile.bg/obiava-11781109176664597-skoda-octavia-tdi-dsg-4x4-150hp
11749499696437421,Skoda,Octavia,2019,Diesel,Automatic,150,198500,12600.0,https://www.mobile.bg/obiava-11749499696437421-skoda-octavia-2-0tdi-150hp-distronic
11756374736443566,Skoda,Octavia,2016,Diesel,Automatic,184,260000,10500.0,https://www.mobile.bg/obiava-11756374736443566-skoda-octavia-vrs-digital-cockpit-2-0tdi
11790705205456601,Skoda,Octavia,2015,Diesel,Manual,150,225000,12700.0,https://www.mobile.bg/obiava-11790705205456601-skoda-octavia
11787824175088591,Skoda,Octavia,2015,Diesel,Automatic,184,242000,12700.0,https://www.mobile.bg/obiava-11787824175088591-skoda-octavia-vrs
11782123348047489,Skoda,Octavia,2020,Diesel,Automatic,150,134221,12700.0,https://www.mobile.bg/obiava-11782123348047489-skoda-octavia-facelift-dsg
11787289818401369,Skoda,Octavia,2015,Diesel,Automatic,184,243000,12700.0,https://www.mobile.bg/obiava-11787289818401369-skoda-octavia-vrs
11777036977851406,Skoda,Octavia,2019,Diesel,Automatic,115,151000,12700.0,https://www.mobile.bg/obiava-11777036977851406-skoda-octavia
11764453050844674,Skoda,Octavia,2019,Petrol,Automatic,131,230000,12731.0,https://www.mobile.bg/obiava-11764453050844674-skoda-octavia-1-5-g-tec
11790758200541682,Skoda,Octavia,2020,Diesel,Automatic,150,250000,12800.0,https://www.mobile.bg/obiava-11790758200541682-skoda-octavia-style
11785698401467691,Skoda,Octavia,2018,Diesel,Automatic,184,180000,12800.0,https://www.mobile.bg/obiava-11785698401467691-skoda-octavia-4-4
11773205678145033,Skoda,Octavia,2017,Diesel,Manual,116,85000,12800.0,https://www.mobile.bg/obiava-11773205678145033-skoda-octavia-1-6-116-85000-rachka
11785613159350825,Skoda,Octavia,2017,Diesel,Automatic,184,260000,12800.0,https://www.mobile.bg/obiava-11785613159350825-skoda-octavia-vrs
11779875396190287,Skoda,Octavia,2015,Diesel,Manual,150,149000,12800.0,https://www.mobile.bg/obiava-11779875396190287-skoda-octavia-scout
11786007500182864,Skoda,Octavia,2019,Diesel,Automatic,150,195000,12900.0,https://www.mobile.bg/obiava-11786007500182864-skoda-octavia-2-0-tdi-dsg-led-keyless-podgrev
11789460555499190,Skoda,Octavia,2018,Diesel,Automatic,184,192869,12900.0,https://www.mobile.bg/obiava-11789460555499190-skoda-octavia-2-0tdi-dsg-4x4-vnos-shveytsariya-led-navigatsiya-pd
11747249400405239,Skoda,Octavia,2019,Petrol,Automatic,130,98397,12900.0,https://www.mobile.bg/obiava-11747249400405239-skoda-octavia-1-5-g-tec-style-metan-avtomatik-104750-km
11784343436197800,Skoda,Octavia,2014,Diesel,Automatic,184,186451,12900.0,https://www.mobile.bg/obiava-11784343436197800-skoda-octavia-scout-4x4-2-0-184-ks-6-dsg-perfektno-sastoyanie
11785856974378933,Skoda,Octavia,2018,Petrol,Manual,180,123500,12900.0,https://www.mobile.bg/obiava-11785856974378933-skoda-octavia-1-8-125-000km
11783681663890374,Skoda,Octavia,2017,Petrol,Automatic,150,196490,12950.0,https://www.mobile.bg/obiava-11783681663890374-skoda-octavia-1-4tsi-dsg
11790255482407742,Skoda,Octavia,2016,Diesel,Automatic,230,194000,12999.0,https://www.mobile.bg/obiava-11790255482407742-skoda-octavia-2-0-tdi-230
11790078758575003,Skoda,Octavia,2014,Diesel,Automatic,184,205000,12999.0,https://www.mobile.bg/obiava-11790078758575003-skoda-octavia-vrs
11786517848782697,Skoda,Octavia,2017,Diesel,Automatic,184,184000,12999.0,https://www.mobile.bg/obiava-11786517848782697-skoda-octavia-2-0-tdi-vrs
11785426731558618,Skoda,Octavia,2016,Diesel,Automatic,184,215090,12999.0,https://www.mobile.bg/obiava-11785426731558618-skoda-octavia-2-0-tdi-vrs-184k-s
11782237236716994,Skoda,Octavia,2019,Diesel,Automatic,184,197000,12999.0,https://www.mobile.bg/obiava-11782237236716994-skoda-octavia-2-0tdi-4x4-vrs-alcantara-fulled-2019g
11781541463502361,Skoda,Octavia,2015,Petrol,Automatic,220,222000,13000.0,https://www.mobile.bg/obiava-11781541463502361-skoda-octavia-vrs
11785688417582848,Skoda,Octavia,2017,Petrol,Manual,150,60600,13000.0,https://www.mobile.bg/obiava-11785688417582848-skoda-octavia
11785239521690111,Skoda,Octavia,2019,Diesel,Automatic,150,167332,13000.0,https://www.mobile.bg/obiava-11785239521690111-skoda-octavia-2-0-tdi-dsg-7
11789498170320647,Skoda,Octavia,2017,Diesel,Automatic,150,83000,13000.0,https://www.mobile.bg/obiava-11789498170320647-skoda-octavia-lek-n1-3-1
11775494574029711,Skoda,Octavia,2019,Diesel,Automatic,184,181000,13000.0,https://www.mobile.bg/obiava-11775494574029711-skoda-octavia-facelift-vrs-tdi
11782894180275609,Skoda,Octavia,2017,Diesel,Manual,184,273000,13000.0,https://www.mobile.bg/obiava-11782894180275609-skoda-octavia-skoda-octavia-vrs-challenge
11790446995313866,Skoda,Octavia,2015,Diesel,Manual,150,207000,13000.0,https://www.mobile.bg/obiava-11790446995313866-skoda-octavia
11754074934937448,Skoda,Octavia,2018,Diesel,Automatic,184,226000,13150.0,https://www.mobile.bg/obiava-11754074934937448-skoda-octavia-scout-4x4-dsg-full-led-navigatsiya-distronik
11767096483714437,Skoda,Octavia,2018,Diesel,Manual,150,141000,13200.0,https://www.mobile.bg/obiava-11767096483714437-skoda-octavia
11790174610206216,Skoda,Octavia,2017,Diesel,Automatic,150,230000,13200.0,https://www.mobile.bg/obiava-11790174610206216-skoda-octavia
11751729622808862,Skoda,Octavia,2020,Petrol,Automatic,150,193472,13242.46,https://www.mobile.bg/obiava-11751729622808862-skoda-octavia-canton-1-5tsi-150k-c-7dsg-edition-plus
11632058429722210,Skoda,Octavia,2018,Diesel,Automatic,150,180000,13293.08,https://www.mobile.bg/obiava-11632058429722210-skoda-octavia-2-0tdi-150ps-navi
11781451383144543,Skoda,Octavia,2020,Diesel,Automatic,150,214000,13300.0,https://www.mobile.bg/obiava-11781451383144543-skoda-octavia-2-0-150ks
11784285570280900,Skoda,Octavia,2016,Diesel,Automatic,184,43000,13400.0,https://www.mobile.bg/obiava-11784285570280900-skoda-octavia-rs-4x4-tdi
11788072932033810,Skoda,Octavia,2019,Diesel,Automatic,150,125000,13400.0,https://www.mobile.bg/obiava-11788072932033810-skoda-octavia-2-0-tdi-dsg
11785923839687732,Skoda,Octavia,2021,Diesel,Automatic,150,235263,13490.0,https://www.mobile.bg/obiava-11785923839687732-skoda-octavia-style-2-0-tdi-automatic
11787738295270945,Skoda,Octavia,2017,Diesel,Automatic,184,207978,13499.0,https://www.mobile.bg/obiava-11787738295270945-skoda-octavia-2-0tdi-vrs-184-4x4-germany
11786175725456917,Skoda,Octavia,2017,Petrol,Automatic,184,215000,13499.0,https://www.mobile.bg/obiava-11786175725456917-skoda-octavia-scout-4x4-dsg-tsi
11756504592295457,Skoda,Octavia,2018,Petrol,Manual,115,67000,13499.0,https://www.mobile.bg/obiava-11756504592295457-skoda-octavia-style
11786670027726546,Skoda,Octavia,2018,Petrol,Automatic,230,176459,13499.0,https://www.mobile.bg/obiava-11786670027726546-skoda-octavia-vrs-challenge-230
11790177487235971,Skoda,Octavia,2017,Diesel,Automatic,185,250000,13500.0,https://www.mobile.bg/obiava-11790177487235971-skoda-octavia-scout-2-0-tdi
11781697692052854,Skoda,Octavia,2020,Diesel,Automatic,150,199000,13500.0,https://www.mobile.bg/obiava-11781697692052854-skoda-octavia-2-0tdi-firstedition-kamera-matrix-acc-keyless
11779819020074629,Skoda,Octavia,2014,Petrol,Manual,220,160100,13500.0,https://www.mobile.bg/obiava-11779819020074629-skoda-octavia-2-0-tsi-vrs
11786954837659415,Skoda,Octavia,2017,Diesel,Automatic,184,197000,13500.0,https://www.mobile.bg/obiava-11786954837659415-skoda-octavia-scout-2-0tdi-4x4
11772741731120549,Skoda,Octavia,2017,Diesel,Automatic,184,190460,13500.0,https://www.mobile.bg/obiava-11772741731120549-skoda-octavia-2-0vrs
11790423667707092,Skoda,Octavia,2017,Diesel,Automatic,150,147585,13500.0,https://www.mobile.bg/obiava-11790423667707092-skoda-octavia
11785260088480342,Skoda,Octavia,2021,Petrol,Automatic,131,196000,13500.0,https://www.mobile.bg/obiava-11785260088480342-skoda-octavia-1-5g-tec-iv-generatsiya-fabrichen-metan
11748437618267418,Skoda,Octavia,2018,Diesel,Automatic,185,174000,13589.0,https://www.mobile.bg/obiava-11748437618267418-skoda-octavia-2-0-tdi-vrs
11788893224318440,Skoda,Octavia,2021,Hybrid,Automatic,120,204000,13680.0,https://www.mobile.bg/obiava-11788893224318440-skoda-octavia-e-tec
11738592147128553,Skoda,Octavia,2020,Diesel,Automatic,184,191000,13700.0,https://www.mobile.bg/obiava-11738592147128553-skoda-octavia-2-0-tdi-4x4-dsg-digital
11790079610093949,Skoda,Octavia,2018,Diesel,Automatic,184,197902,13700.0,https://www.mobile.bg/obiava-11790079610093949-skoda-octavia-2-0-184k-s-vrs
11785131926744711,Skoda,Octavia,2017,Petrol,Automatic,115,123344,13750.0,https://www.mobile.bg/obiava-11785131926744711-skoda-octavia-1-0-tsi-7dsg-lpg
11789382736223921,Skoda,Octavia,2020,Diesel,Automatic,150,199000,13900.0,https://www.mobile.bg/obiava-11789382736223921-skoda-octavia-nov-vnos-ot-belgiya
11736454849880011,Skoda,Octavia,2019,Diesel,Automatic,184,283000,13900.0,https://www.mobile.bg/obiava-11736454849880011-skoda-octavia-2-0tdi-vrs-184ks-dsg-navi
11781178825951452,Skoda,Octavia,2016,Diesel,Manual,184,205000,13900.0,https://www.mobile.bg/obiava-11781178825951452-skoda-octavia-vrs
11790583866655963,Skoda,Octavia,2020,Petrol,Automatic,130,146379,13900.0,https://www.mobile.bg/obiava-11790583866655963-skoda-octavia-1-5-tsi-g-tec
11788272605327792,Skoda,Octavia,2020,Diesel,Manual,116,137300,13900.0,https://www.mobile.bg/obiava-11788272605327792-skoda-octavia-2-0-tdi-evo
11788182721097258,Skoda,Octavia,2020,Petrol,Automatic,150,168490,13950.0,https://www.mobile.bg/obiava-11788182721097258-skoda-octavia-1-5tsi-dsg-navi
11785318283061628,Skoda,Octavia,2019,Petrol,Automatic,131,161000,13999.0,https://www.mobile.bg/obiava-11785318283061628-skoda-octavia
11784021313671105,Skoda,Octavia,2016,Diesel,Automatic,184,173651,14000.0,https://www.mobile.bg/obiava-11784021313671105-skoda-octavia-vrs-2-0-tdi-4x4
11790037224944100,Skoda,Octavia,2019,Petrol,Automatic,131,248000,14000.0,https://www.mobile.bg/obiava-11790037224944100-skoda-octavia-g-tec
11781253080035782,Skoda,Octavia,2020,Gas/LPG,Automatic,131,95000,14000.0,https://www.mobile.bg/obiava-11781253080035782-skoda-octavia-combi-cng-metan
11785176763171295,Skoda,Octavia,2021,Petrol,Automatic,150,195000,14000.0,https://www.mobile.bg/obiava-11785176763171295-skoda-octavia-1-5-tsi
11788949161643411,Skoda,Octavia,2017,Diesel,Manual,150,85000,14000.0,https://www.mobile.bg/obiava-11788949161643411-skoda-octavia
11782027995518854,Skoda,Octavia,2020,Diesel,Automatic,150,134000,14100.0,https://www.mobile.bg/obiava-11782027995518854-skoda-octavia-dsg7-digital-navi-nardo-grey
11753856103607839,Skoda,Octavia,2017,Diesel,Automatic,184,233000,14150.0,https://www.mobile.bg/obiava-11753856103607839-skoda-octavia-tdi-4x4-dsg-top-full-full-shveytsariya
11779009361586893,Skoda,Octavia,2020,Diesel,Manual,115,86884,14199.0,https://www.mobile.bg/obiava-11779009361586893-skoda-octavia
11789756186379934,Skoda,Octavia,2022,Diesel,Automatic,150,195000,14200.0,https://www.mobile.bg/obiava-11789756186379934-skoda-octavia-2-00-150ps
11787561681604357,Skoda,Octavia,2023,Diesel,Automatic,200,203055,14250.0,https://www.mobile.bg/obiava-11787561681604357-skoda-octavia-dsg-4x4-digital-cockpit
11790085199404474,Skoda,Octavia,2021,Diesel,Automatic,150,182000,14250.0,https://www.mobile.bg/obiava-11790085199404474-skoda-octavia-nov-vnos-ot-belgiya
11787920054205229,Skoda,Octavia,2020,Diesel,Automatic,150,249000,14299.0,https://www.mobile.bg/obiava-11787920054205229-skoda-octavia-2-0-tdi-dsg-matrix-distronic-lane-assist
11669194609070829,Skoda,Octavia,2019,Petrol,Manual,150,131300,14300.0,https://www.mobile.bg/obiava-11669194609070829-skoda-octavia-1-5-tsi-act
11785659866010964,Skoda,Octavia,2021,Diesel,Automatic,115,223000,14490.0,https://www.mobile.bg/obiava-11785659866010964-skoda-octavia-2-0-tdi-dsg
11785321112782175,Skoda,Octavia,2018,Diesel,Automatic,184,215000,14499.0,https://www.mobile.bg/obiava-11785321112782175-skoda-octavia-vrs-lizing-barter
11789795086485868,Skoda,Octavia,2017,Petrol,Manual,180,115000,14500.0,https://www.mobile.bg/obiava-11789795086485868-skoda-octavia-style
11773222185473910,Skoda,Octavia,2020,Diesel,Automatic,150,112000,14500.0,https://www.mobile.bg/obiava-11773222185473910-skoda-octavia-selection-2-0tdi-150k-s-7at
11761401494742706,Skoda,Octavia,2021,Diesel,Automatic,150,238000,14500.0,https://www.mobile.bg/obiava-11761401494742706-skoda-octavia
11781871886818459,Skoda,Octavia,2022,Diesel,Automatic,115,142892,14500.0,https://www.mobile.bg/obiava-11781871886818459-skoda-octavia-2-0tdi-115k-s-dsg-ambition
11785469771901683,Skoda,Octavia,2021,Diesel,Automatic,122,260000,14500.0,https://www.mobile.bg/obiava-11785469771901683-skoda-octavia
11781457118939523,Skoda,Octavia,2020,Diesel,Manual,115,152000,14500.0,https://www.mobile.bg/obiava-11781457118939523-skoda-octavia
11789925326978958,Skoda,Octavia,2014,Diesel,Manual,184,203506,12100.0,https://www.mobile.bg/obiava-11789925326978958-skoda-octavia-vrs
11732541538994820,Skoda,Octavia,2017,Diesel,Automatic,184,187000,14571.82,https://www.mobile.bg/obiava-11732541538994820-skoda-octavia-vrs-dsg-canton-panorama
11779287146675448,Skoda,Octavia,2021,Petrol,Automatic,110,153316,14700.0,https://www.mobile.bg/obiava-11779287146675448-skoda-octavia-1-0-tsi-7dsg-m-hev
11789982054237001,Skoda,Octavia,2021,Petrol,Automatic,110,153000,14700.0,https://www.mobile.bg/obiava-11789982054237001-skoda-octavia-7dsg-m-hev
11784872723740330,Skoda,Octavia,2021,Diesel,Manual,115,126498,14800.0,https://www.mobile.bg/obiava-11784872723740330-skoda-octavia-2-0-dci-115-hp
11790750115056523,Skoda,Octavia,2020,Diesel,Automatic,150,164600,14900.0,https://www.mobile.bg/obiava-11790750115056523-skoda-octavia-2-0tdi-avtomatik-lizing
11783171965255796,Skoda,Octavia,2018,Diesel,Manual,115,144048,14900.0,https://www.mobile.bg/obiava-11783171965255796-skoda-octavia-1-6-tdi
11785223214854520,Skoda,Octavia,2022,Diesel,Automatic,115,174000,14900.0,https://www.mobile.bg/obiava-11785223214854520-skoda-octavia-2-0
11781873817093892,Skoda,Octavia,2022,Diesel,Automatic,115,224000,14900.0,https://www.mobile.bg/obiava-11781873817093892-skoda-octavia-2-0-tdi
11788950182068894,Skoda,Octavia,2019,Diesel,Automatic,150,110778,14900.0,https://www.mobile.bg/obiava-11788950182068894-skoda-octavia-ambition-2-0-tdi-150-k-s-7dsg
11786475330140097,Skoda,Octavia,2020,Diesel,Automatic,150,156500,14900.0,https://www.mobile.bg/obiava-11786475330140097-skoda-octavia-4
11786455650675924,Skoda,Octavia,2019,Diesel,Automatic,150,126689,14900.0,https://www.mobile.bg/obiava-11786455650675924-skoda-octavia-2-0-tdi-7dsg
11732568360741449,Skoda,Octavia,2020,Petrol,Automatic,131,190000,14988.0,https://www.mobile.bg/obiava-11732568360741449-skoda-octavia-1-5g-tec-full-led-napalno-obsluzhen-proveren-top
11766160556717329,Skoda,Octavia,2018,Petrol,Automatic,190,249390,14990.0,https://www.mobile.bg/obiava-11766160556717329-skoda-octavia-2-0tsi-avtomatik-shveytsariya-navi-kamera
11789466033358305,Skoda,Octavia,2021,Petrol,Automatic,110,101800,14998.0,https://www.mobile.bg/obiava-11789466033358305-skoda-octavia-e-tec-hybrid
11779647655348397,Skoda,Octavia,2017,Diesel,Automatic,185,220000,14999.0,https://www.mobile.bg/obiava-11779647655348397-skoda-octavia-vrs-2-0tdi-185-ks-sobstven-lizing
11789314789714449,Skoda,Octavia,2022,Diesel,Automatic,150,144000,14999.0,https://www.mobile.bg/obiava-11789314789714449-skoda-octavia-2-0-tdi-automatic-dsg-digital-cockpit
11783593761823566,Skoda,Octavia,2017,Diesel,Automatic,184,119000,14999.0,https://www.mobile.bg/obiava-11783593761823566-skoda-octavia-vrs-tdi-dsg
11768678386142661,Skoda,Octavia,2021,Diesel,Automatic,150,290000,14999.0,https://www.mobile.bg/obiava-11768678386142661-skoda-octavia
11790354988021950,Skoda,Octavia,2022,Diesel,Automatic,150,179500,14999.0,https://www.mobile.bg/obiava-11790354988021950-skoda-octavia-2-0-tdi
11782556248941634,Skoda,Octavia,2019,Diesel,Automatic,150,141000,14999.0,https://www.mobile.bg/obiava-11782556248941634-skoda-octavia
11777826957028857,Skoda,Octavia,2020,Diesel,Automatic,184,138000,15000.0,https://www.mobile.bg/obiava-11777826957028857-skoda-octavia-skoda-rs-special-edition-2-0-tdi
11781705767732518,Skoda,Octavia,2021,Diesel,Automatic,150,217000,15000.0,https://www.mobile.bg/obiava-11781705767732518-skoda-octavia
11784988458659104,Skoda,Octavia,2021,Diesel,Automatic,150,171000,15000.0,https://www.mobile.bg/obiava-11784988458659104-skoda-octavia-iv
11778660096693287,Skoda,Octavia,2019,Diesel,Automatic,184,214000,15000.0,https://www.mobile.bg/obiava-11778660096693287-skoda-octavia-scout
11789581020826935,Skoda,Octavia,2015,Diesel,Automatic,184,185000,15000.0,https://www.mobile.bg/obiava-11789581020826935-skoda-octavia-vrs-2-0-tdi
11789220487067407,Skoda,Octavia,2017,Diesel,Automatic,190,225000,15000.0,https://www.mobile.bg/obiava-11789220487067407-skoda-octavia-laurin-kleman
11774108195718023,Skoda,Octavia,2021,Diesel,Automatic,116,108000,15000.0,https://www.mobile.bg/obiava-11774108195718023-skoda-octavia-2-0-tdi-7dsg
11676730161890020,Skoda,Octavia,2018,Diesel,Automatic,116,159000,15000.0,https://www.mobile.bg/obiava-11676730161890020-skoda-octavia-3-vision-facelift-1-6tdi
11775372929725258,Skoda,Octavia,2020,Hybrid,Automatic,110,138400,15150.0,https://www.mobile.bg/obiava-11775372929725258-skoda-octavia
11786961881380156,Skoda,Octavia,2020,Diesel,Automatic,150,112000,15299.0,https://www.mobile.bg/obiava-11786961881380156-skoda-octavia-3-fl-2-0tdi-7-dsg
11785327145607131,Skoda,Octavia,2018,Petrol,Automatic,115,97000,15300.0,https://www.mobile.bg/obiava-11785327145607131-skoda-octavia-1-0-tsi-dsg-7-facelift-97-000-km-euratek
11758896693401516,Skoda,Octavia,2020,Diesel,Automatic,150,200000,15300.0,https://www.mobile.bg/obiava-11758896693401516-skoda-octavia-2-0-150h-p
11732372109332129,Skoda,Octavia,2020,Petrol,Automatic,150,140000,15339.0,https://www.mobile.bg/obiava-11732372109332129-skoda-octavia-1-5-tsi-sportline
11789382447254802,Skoda,Octavia,2022,Diesel,Manual,150,237000,15450.0,https://www.mobile.bg/obiava-11789382447254802-skoda-octavia-digital-cockpit-side-assist-led-ambiente-keyless
11789807956095743,Skoda,Octavia,2018,Petrol,Automatic,180,120000,15490.0,https://www.mobile.bg/obiava-11789807956095743-skoda-octavia-combi
11781187301074563,Skoda,Octavia,2021,Diesel,Manual,115,127000,15499.0,https://www.mobile.bg/obiava-11781187301074563-skoda-octavia
11778260870831400,Skoda,Octavia,2021,Diesel,Automatic,150,242510,15499.0,https://www.mobile.bg/obiava-11778260870831400-skoda-octavia-2-0tdi-dsg
11767394378301596,Skoda,Octavia,2023,Diesel,Automatic,116,195000,15500.0,https://www.mobile.bg/obiava-11767394378301596-skoda-octavia
11732091568349991,Skoda,Octavia,2020,Diesel,Automatic,150,203000,15500.0,https://www.mobile.bg/obiava-11732091568349991-skoda-octavia-style
11786372661556338,Skoda,Octavia,2019,Petrol,Automatic,150,131000,15500.0,https://www.mobile.bg/obiava-11786372661556338-skoda-octavia-ambishan-1-5-tsi-110-kw-150-k-s-7dsg
11788876698651562,Skoda,Octavia,2019,Diesel,Automatic,150,165000,15500.0,https://www.mobile.bg/obiava-11788876698651562-skoda-octavia-kombi
11788111013529373,Skoda,Octavia,2018,Petrol,Automatic,140,104000,15500.0,https://www.mobile.bg/obiava-11788111013529373-skoda-octavia
11789930622426023,Skoda,Octavia,2020,Petrol,Automatic,150,179000,15500.0,https://www.mobile.bg/obiava-11789930622426023-skoda-octavia
11785052102307789,Skoda,Octavia,2019,Diesel,Automatic,184,156000,15500.0,https://www.mobile.bg/obiava-11785052102307789-skoda-octavia-vrs-2-0-tdi-184k-c-4x4-dsg-digital
11785661408313283,Skoda,Octavia,2020,Petrol,Manual,150,138000,15700.0,https://www.mobile.bg/obiava-11785661408313283-skoda-octavia-1-5-tsi-m-t
11790773364726294,Skoda,Octavia,2023,Diesel,Automatic,150,190000,15700.0,https://www.mobile.bg/obiava-11790773364726294-skoda-octavia-2-0-tdi-150-ps-4x4-matrix-acc-pdc-navi
11786360630743272,Skoda,Octavia,2021,Petrol,Automatic,150,199999,15700.0,https://www.mobile.bg/obiava-11786360630743272-skoda-octavia-1-5-etsi-dsg-combi-edition-disctr-lane-digitl-am
11781859395074763,Skoda,Octavia,2021,Diesel,Automatic,116,145000,15700.0,https://www.mobile.bg/obiava-11781859395074763-skoda-octavia-2-0-tdi
11709056830225498,Skoda,Octavia,2022,Petrol,Automatic,150,250000,15750.0,https://www.mobile.bg/obiava-11709056830225498-skoda-octavia-1-5-ecotec-electrik-lpg
11781101049089391,Skoda,Octavia,2023,Diesel,Manual,150,71600,15800.0,https://www.mobile.bg/obiava-11781101049089391-skoda-octavia-2-0tdi-euro-6d-71600km
11787901629803035,Skoda,Octavia,2022,Diesel,Automatic,115,95688,15900.0,https://www.mobile.bg/obiava-11787901629803035-skoda-octavia-2-0tdi-115k-s-dsg-ambition-garantsiya
11781875929167476,Skoda,Octavia,2021,Gas/LPG,Automatic,130,195000,15900.0,https://www.mobile.bg/obiava-11781875929167476-skoda-octavia-1-5-tsi-benzin-metan
11786393219534504,Skoda,Octavia,2021,Petrol,Automatic,150,170840,15900.0,https://www.mobile.bg/obiava-11786393219534504-skoda-octavia-1-5-e-tsi
11790100093724014,Skoda,Octavia,2020,Diesel,Automatic,150,130000,15900.0,https://www.mobile.bg/obiava-11790100093724014-skoda-octavia-2-0-tdi-digital-cockpit
11786551821728753,Skoda,Octavia,2023,Diesel,Automatic,116,153000,15900.0,https://www.mobile.bg/obiava-11786551821728753-skoda-octavia-2-0-tdi
11760350417517033,Skoda,Octavia,2020,Diesel,Automatic,150,170692,15900.0,https://www.mobile.bg/obiava-11760350417517033-skoda-octavia-2-0tdi-virtual-cockpit-matrix-servizna-istoriya
11780746489449834,Skoda,Octavia,2023,Diesel,Automatic,116,116400,15900.0,https://www.mobile.bg/obiava-11780746489449834-skoda-octavia-2-0-tdi-dsg-ambition
11783157553936012,Skoda,Octavia,2023,Diesel,Automatic,150,204000,15900.0,https://www.mobile.bg/obiava-11783157553936012-skoda-octavia-germany-2-0-tdi-dsg-style-key-go-led-kam
11781810109516426,Skoda,Octavia,2022,Diesel,Automatic,150,221748,15900.0,https://www.mobile.bg/obiava-11781810109516426-skoda-octavia-2000-tdi
11785958335251224,Skoda,Octavia,2020,Diesel,Automatic,150,239000,15900.0,https://www.mobile.bg/obiava-11785958335251224-skoda-octavia
11755692118629468,Skoda,Octavia,2020,Petrol,Manual,150,110000,15950.0,https://www.mobile.bg/obiava-11755692118629468-skoda-octavia-1-5tsi150ks
11785437754501462,Skoda,Octavia,2021,Diesel,Automatic,150,198494,15989.0,https://www.mobile.bg/obiava-11785437754501462-skoda-octavia-iv-executive-2-0-tdi-dsg-150-k-s
11780649468344823,Skoda,Octavia,2021,Diesel,Manual,116,196336,15990.0,https://www.mobile.bg/obiava-11780649468344823-skoda-octavia-2-0-tdi-mesechna-vnoska-ot-200
11756039946762400,Skoda,Octavia,2020,Diesel,Automatic,184,318000,15999.0,https://www.mobile.bg/obiava-11756039946762400-skoda-octavia-vrs-digital-avtomat-4h4
11787902443027724,Skoda,Octavia,2024,Diesel,Automatic,150,115855,15999.0,https://www.mobile.bg/obiava-11787902443027724-skoda-octavia-dsg-style-navi-led
11785934384440488,Skoda,Octavia,2020,Diesel,Automatic,150,275000,15999.0,https://www.mobile.bg/obiava-11785934384440488-skoda-octavia-matrix-full-2-0-tdi-dsg
11787030854278272,Skoda,Octavia,2020,Diesel,Automatic,184,204000,15999.0,https://www.mobile.bg/obiava-11787030854278272-skoda-octavia-vrs-kamera-4x4
11789806548643961,Skoda,Octavia,2021,Diesel,Manual,115,105900,16000.0,https://www.mobile.bg/obiava-11789806548643961-skoda-octavia-sw-2-0tdi-115k-s-105900km
11790116398373286,Skoda,Octavia,2022,Petrol,Automatic,131,205000,16000.0,https://www.mobile.bg/obiava-11790116398373286-skoda-octavia-1-5g-tec
11788851489454917,Skoda,Octavia,2017,Diesel,Automatic,184,195000,16000.0,https://www.mobile.bg/obiava-11788851489454917-skoda-octavia-2-0tdi-vrs
11785140679692566,Skoda,Octavia,2021,Petrol,Manual,150,129884,16100.0,https://www.mobile.bg/obiava-11785140679692566-skoda-octavia
11774614981509427,Skoda,Octavia,2021,Petrol,Manual,150,118781,16199.0,https://www.mobile.bg/obiava-11774614981509427-skoda-octavia-1-5tsi-150k-s-panorama-kamera
11774705079992961,Skoda,Octavia,2021,Diesel,Manual,149,156382,16200.0,https://www.mobile.bg/obiava-11774705079992961-skoda-octavia
11773492048984041,Skoda,Octavia,2020,Diesel,Automatic,150,143000,16490.0,https://www.mobile.bg/obiava-11773492048984041-skoda-octavia-2-0-tdi-dsg-150-hp-led-digital-cockpit-euro-6d
11787786258548066,Skoda,Octavia,2021,Petrol,Automatic,131,171557,16499.0,https://www.mobile.bg/obiava-11787786258548066-skoda-octavia-1-5-g-tec-style-edition
11788026891862683,Skoda,Octavia,2021,Diesel,Automatic,150,140000,16500.0,https://www.mobile.bg/obiava-11788026891862683-skoda-octavia-2-0-tdi-150kc
11774767196655424,Skoda,Octavia,2017,Petrol,Manual,110,143000,16500.0,https://www.mobile.bg/obiava-11774767196655424-skoda-octavia-metan
11770985356355150,Skoda,Octavia,2023,Petrol,Automatic,150,154900,16600.0,https://www.mobile.bg/obiava-11770985356355150-skoda-octavia-1-5-tsi-mildhybrid-ot-dilar-s-istoriya
11786030033648065,Skoda,Octavia,2020,Diesel,Automatic,150,243888,16600.0,https://www.mobile.bg/obiava-11786030033648065-skoda-octavia-2-0tdi-150hp
11765735129470743,Skoda,Octavia,2022,Hybrid,Automatic,204,125248,16800.0,https://www.mobile.bg/obiava-11765735129470743-skoda-octavia-1-4-tsi-phev-plug-in-hybrid-navi-led
11782098870163679,Skoda,Octavia,2021,Diesel,Automatic,150,246000,16800.0,https://www.mobile.bg/obiava-11782098870163679-skoda-octavia
11784572391950278,Skoda,Octavia,2022,Gas/LPG,Automatic,131,210000,16800.0,https://www.mobile.bg/obiava-11784572391950278-skoda-octavia-1-5g-tec-premium-full-metan-lizing-video
11782458879850243,Skoda,Octavia,2021,Petrol,Automatic,150,110331,16900.0,https://www.mobile.bg/obiava-11782458879850243-skoda-octavia-1-5-tsi-150-k-s
11788377042473062,Skoda,Octavia,2020,Petrol,Automatic,245,215750,16900.0,https://www.mobile.bg/obiava-11788377042473062-skoda-octavia-vnos-ot-shveytsariya-facelift-finaledition
11773691059112111,Skoda,Octavia,2021,Petrol,Automatic,150,119000,16900.0,https://www.mobile.bg/obiava-11773691059112111-skoda-octavia-1-5-tsi-150-dsg-virtual-cockpit-cam-acc
11783085628476269,Skoda,Octavia,2022,Diesel,Automatic,150,194913,16900.0,https://www.mobile.bg/obiava-11783085628476269-skoda-octavia-2-0-tdi-7dsg-clever
11788181514006324,Skoda,Octavia,2022,Diesel,Automatic,150,180000,16900.0,https://www.mobile.bg/obiava-11788181514006324-skoda-octavia-2-0tdi-4x4-digital
11742398807273004,Skoda,Octavia,2021,Diesel,Automatic,150,213451,16900.0,https://www.mobile.bg/obiava-11742398807273004-skoda-octavia-2-0tdi-dsg-keygo-matrix-kam-icarbg-213kkm-my21
11777327966797966,Skoda,Octavia,2022,Diesel,Automatic,150,172100,16900.0,https://www.mobile.bg/obiava-11777327966797966-skoda-octavia-keyless-matrix-beam-virtualen-pedal
11782313450558069,Skoda,Octavia,2020,Diesel,Automatic,150,232000,16980.0,https://www.mobile.bg/obiava-11782313450558069-skoda-octavia-2-0tdi-150kc-obsluzhena-virtual-cockpit
11727196554994442,Skoda,Octavia,2022,Diesel,Automatic,150,199999,16999.0,https://www.mobile.bg/obiava-11727196554994442-skoda-octavia-2-0tdi-haed-up-150kc-led
11782217618594248,Skoda,Octavia,2021,Diesel,Manual,115,120000,17000.0,https://www.mobile.bg/obiava-11782217618594248-skoda-octavia
11762460667832926,Skoda,Octavia,2021,Diesel,Automatic,150,209653,17000.0,https://www.mobile.bg/obiava-11762460667832926-skoda-octavia-2-0tdi-150ks-digital-led-perfekten
11781606184332546,Skoda,Octavia,2021,Diesel,Automatic,116,111000,17000.0,https://www.mobile.bg/obiava-11781606184332546-skoda-octavia-2-0tdi-dsg
11765800634258391,Skoda,Octavia,2020,Petrol,Manual,150,28000,17100.0,https://www.mobile.bg/obiava-11765800634258391-skoda-octavia-1-5-tsi
11788503766497662,Skoda,Octavia,2022,Diesel,Automatic,150,101000,17300.0,https://www.mobile.bg/obiava-11788503766497662-skoda-octavia
11787226933274869,Skoda,Octavia,2021,Petrol,Automatic,131,129382,17490.0,https://www.mobile.bg/obiava-11787226933274869-skoda-octavia-1-5-g-tec
11783064414438622,Skoda,Octavia,2021,Diesel,Automatic,150,200960,17499.0,https://www.mobile.bg/obiava-11783064414438622-skoda-octavia-2-0tdi-150-full-full-full-germany
11789046032856841,Skoda,Octavia,2022,Diesel,Automatic,115,55432,17500.0,https://www.mobile.bg/obiava-11789046032856841-skoda-octavia-2-0-tdi-115k-s-dsg-ambition
11788425853188677,Skoda,Octavia,2022,Diesel,Automatic,118,107000,17500.0,https://www.mobile.bg/obiava-11788425853188677-skoda-octavia
11790449227673644,Skoda,Octavia,2023,Diesel,Automatic,150,118000,17500.0,https://www.mobile.bg/obiava-11790449227673644-skoda-octavia
11785159438864638,Skoda,Octavia,2021,Diesel,Automatic,150,181000,17500.0,https://www.mobile.bg/obiava-11785159438864638-skoda-octavia-2-0-tdi-first-edition
11787484200686658,Skoda,Octavia,2025,Petrol,Automatic,150,3815,17599.0,https://www.mobile.bg/obiava-11787484200686658-skoda-octavia-1-5-tsi-dsg-select
11789882971761317,Skoda,Octavia,2022,Diesel,Automatic,150,198000,17600.0,https://www.mobile.bg/obiava-11789882971761317-skoda-octavia
11775407052988557,Skoda,Octavia,2020,Petrol,Automatic,131,120832,14700.0,https://www.mobile.bg/obiava-11775407052988557-skoda-octavia-metan
11789457760082009,Skoda,Octavia,2021,Diesel,Automatic,150,163374,17660.0,https://www.mobile.bg/obiava-11789457760082009-skoda-octavia-s-garantsiya-2-0tdi-a-t-150ks
11788519821245919,Skoda,Octavia,2018,Diesel,Automatic,150,260000,14750.0,https://www.mobile.bg/obiava-11788519821245919-skoda-octavia-150-hp-2-0tdi-dsg-4h4-lane-assistant-matrix
11785766756395946,Skoda,Octavia,2022,Diesel,Automatic,150,159559,17860.0,https://www.mobile.bg/obiava-11785766756395946-skoda-octavia-s-garantsiya-2-0tdi-a-t-150ks
11783087248906151,Skoda,Octavia,2021,Diesel,Manual,116,77620,17899.0,https://www.mobile.bg/obiava-11783087248906151-skoda-octavia-4-cyl-turbo-dies-eng-2-0-85kw-4v-tdi-common
11785060105661241,Skoda,Octavia,2022,Diesel,Automatic,116,81627,17990.0,https://www.mobile.bg/obiava-11785060105661241-skoda-octavia-2-0tdi-7dsg-parktronic
11787735338517085,Skoda,Octavia,2024,Diesel,Automatic,200,59995,17999.0,https://www.mobile.bg/obiava-11787735338517085-skoda-octavia-rs-matrix
11787308205267587,Skoda,Octavia,2023,Diesel,Automatic,150,72555,17999.0,https://www.mobile.bg/obiava-11787308205267587-skoda-octavia-dsg-sportline
11786715898063396,Skoda,Octavia,2021,Diesel,Automatic,150,144000,17999.0,https://www.mobile.bg/obiava-11786715898063396-skoda-octavia-2-0tdi-selection-head-up-panorama-keyless
11779197034200138,Skoda,Octavia,2021,Petrol,Manual,150,84000,18000.0,https://www.mobile.bg/obiava-11779197034200138-skoda-octavia
11789303516905871,Skoda,Octavia,2020,Diesel,Automatic,150,50500,18000.0,https://www.mobile.bg/obiava-11789303516905871-skoda-octavia
11785829775945673,Skoda,Octavia,2022,Petrol,Manual,110,62548,18000.0,https://www.mobile.bg/obiava-11785829775945673-skoda-octavia-1-0-tsi
11777997624515447,Skoda,Octavia,2021,Petrol,Automatic,130,203000,18000.0,https://www.mobile.bg/obiava-11777997624515447-skoda-octavia-metan
11770026165173964,Skoda,Octavia,2022,Diesel,Automatic,150,133000,18000.0,https://www.mobile.bg/obiava-11770026165173964-skoda-octavia-2-0-150ks-7dsg
11788595057482808,Skoda,Octavia,2023,Diesel,Automatic,115,126970,18000.0,https://www.mobile.bg/obiava-11788595057482808-skoda-octavia-ambition-2-0-tdi-7dsg-115k-s
11786691080828300,Skoda,Octavia,2021,Diesel,Manual,115,109069,18000.0,https://www.mobile.bg/obiava-11786691080828300-skoda-octavia-2-0-tdi-6m
11779190175799122,Skoda,Octavia,2021,Diesel,Automatic,150,158048,18260.0,https://www.mobile.bg/obiava-11779190175799122-skoda-octavia-2-0-tdi-a-t
11790087734735970,Skoda,Octavia,2023,Diesel,Automatic,115,103111,18300.0,https://www.mobile.bg/obiava-11790087734735970-skoda-octavia-2-0-115k-s-7dsg
11776951726474669,Skoda,Octavia,2021,Petrol,Manual,150,125003,18490.0,https://www.mobile.bg/obiava-11776951726474669-skoda-octavia-style-1-5-tsi-150-hp-mt6
11784301449197280,Skoda,Octavia,2022,Diesel,Automatic,150,178000,18499.0,https://www.mobile.bg/obiava-11784301449197280-skoda-octavia-stile-sport-paket-2-0-tdi
11788352828875899,Skoda,Octavia,2019,Diesel,Automatic,150,91000,18499.0,https://www.mobile.bg/obiava-11788352828875899-skoda-octavia-scout-4x4
11781079381177977,Skoda,Octavia,2023,Diesel,Automatic,150,174361,18500.0,https://www.mobile.bg/obiava-11781079381177977-skoda-octavia-2-0-tdi-7dsg
11786372274068654,Skoda,Octavia,2021,Diesel,Manual,115,106900,18500.0,https://www.mobile.bg/obiava-11786372274068654-skoda-octavia-ambishan-2-0-tdi-85-kw-115-k-s-6m
11789396520406193,Skoda,Octavia,2022,Diesel,Automatic,150,159221,18600.0,https://www.mobile.bg/obiava-11789396520406193-skoda-octavia-camera-matrix-distronic-keyless
11779436916061253,Skoda,Octavia,2018,Diesel,Automatic,184,147400,15500.0,https://www.mobile.bg/obiava-11779436916061253-skoda-octavia
11776751590636246,Skoda,Octavia,2021,Diesel,Automatic,150,137791,18700.0,https://www.mobile.bg/obiava-11776751590636246-skoda-octavia-2-0-tdi-7dsg
11789628256399213,Skoda,Octavia,2020,Diesel,Automatic,150,149976,18760.0,https://www.mobile.bg/obiava-11789628256399213-skoda-octavia-2-0-tdi-a-t-150ks
11771776189913316,Skoda,Octavia,2023,Petrol,Automatic,131,180000,18800.0,https://www.mobile.bg/obiava-11771776189913316-skoda-octavia-g-tec
11777462233804981,Skoda,Octavia,2021,Diesel,Automatic,150,147900,18800.0,https://www.mobile.bg/obiava-11777462233804981-skoda-octavia-2-0-tdi-dsg-matrix-acc-keygo
11783621311035176,Skoda,Octavia,2020,Diesel,Automatic,150,207000,18888.0,https://www.mobile.bg/obiava-11783621311035176-skoda-octavia-2-0tdi-dsg-sobstven-lizing
11787287894616366,Skoda,Octavia,2019,Petrol,Automatic,150,76075,18900.0,https://www.mobile.bg/obiava-11787287894616366-skoda-octavia-1-5-tsi-7dsg
11747831806054079,Skoda,Octavia,2020,Diesel,Automatic,150,170033,18917.29,https://www.mobile.bg/obiava-11747831806054079-skoda-octavia-tdi-matrix-virtualcockpit-podgrev-obduhvane-masazh
11785823995094100,Skoda,Octavia,2022,Diesel,Manual,150,99603,18942.0,https://www.mobile.bg/obiava-11785823995094100-skoda-octavia-2-0tdi-150k-s
11783067410368109,Skoda,Octavia,2021,Diesel,Manual,150,66180,18990.0,https://www.mobile.bg/obiava-11783067410368109-skoda-octavia-ambishan
11780909754099311,Skoda,Octavia,2020,Diesel,Automatic,150,150946,18990.0,https://www.mobile.bg/obiava-11780909754099311-skoda-octavia-2-0-tdi-dsg-mesechna-vnoska-ot-280
11788109462864025,Skoda,Octavia,2021,Petrol,Automatic,130,96000,18999.0,https://www.mobile.bg/obiava-11788109462864025-skoda-octavia-1-5-g-tec-metan-96hil-ot-balgariya
11755625507833078,Skoda,Octavia,2020,Diesel,Manual,116,38000,18999.0,https://www.mobile.bg/obiava-11755625507833078-skoda-octavia
11784966068362777,Skoda,Octavia,2021,Diesel,Automatic,150,114200,19000.0,https://www.mobile.bg/obiava-11784966068362777-skoda-octavia-style-2-0-tdi-150-k-s-dsg-hud
11773914533471362,Skoda,Octavia,2022,Diesel,Automatic,150,129815,19000.0,https://www.mobile.bg/obiava-11773914533471362-skoda-octavia-2-0-tdi-7dsg
11789650420328562,Skoda,Octavia,2022,Petrol,Manual,150,144700,19000.0,https://www.mobile.bg/obiava-11789650420328562-skoda-octavia-ambition-1-5
11783607948222492,Skoda,Octavia,2022,Diesel,Automatic,150,161541,19300.0,https://www.mobile.bg/obiava-11783607948222492-skoda-octavia-2-0-tdi-150-k-s-7dsg
11769623328016337,Skoda,Octavia,2021,Diesel,Manual,150,118323,19460.0,https://www.mobile.bg/obiava-11769623328016337-skoda-octavia-2-0tdi-m-t
11775772766136764,Skoda,Octavia,2019,Diesel,Automatic,150,19500,19500.0,https://www.mobile.bg/obiava-11775772766136764-skoda-octavia
11788936723477957,Skoda,Octavia,2023,Diesel,Automatic,150,140429,19560.0,https://www.mobile.bg/obiava-11788936723477957-skoda-octavia-s-garantsiya-2-0-tdi-a-t-150ks
11789651871673984,Skoda,Octavia,2022,Petrol,Manual,150,95000,19700.0,https://www.mobile.bg/obiava-11789651871673984-skoda-octavia-ambition-1-5
11787590287568645,Skoda,Octavia,2021,Diesel,Automatic,150,130250,19760.0,https://www.mobile.bg/obiava-11787590287568645-skoda-octavia-s-garantsiya-2-0tdi-a-t
11757590439716484,Skoda,Octavia,2023,Petrol,Manual,150,47700,19800.0,https://www.mobile.bg/obiava-11757590439716484-skoda-octavia-1-5-tsi-150-k-s
11769608658270968,Skoda,Octavia,2022,Diesel,Automatic,150,177500,19800.0,https://www.mobile.bg/obiava-11769608658270968-skoda-octavia
11787165561817148,Skoda,Octavia,2020,Petrol,Automatic,150,104000,19800.0,https://www.mobile.bg/obiava-11787165561817148-skoda-octavia-kombi
11789479344712900,Skoda,Octavia,2023,Diesel,Automatic,115,62898,19850.0,https://www.mobile.bg/obiava-11789479344712900-skoda-octavia-2-0tdi-115k-s-kapariran
11789540167497655,Skoda,Octavia,2023,Diesel,Automatic,120,115198,19860.0,https://www.mobile.bg/obiava-11789540167497655-skoda-octavia-s-garantsiya-2-0tdi-a-t
11790247805315440,Skoda,Octavia,2023,Petrol,Manual,150,86000,19880.0,https://www.mobile.bg/obiava-11790247805315440-skoda-octavia-1-5-tsi-sw-garantsiya
11790838112707210,Skoda,Octavia,2023,Petrol,Manual,150,64000,19880.0,https://www.mobile.bg/obiava-11790838112707210-skoda-octavia-1-5-tsi-garantsiya
11788384236819515,Skoda,Octavia,2023,Diesel,Automatic,150,88876,19900.0,https://www.mobile.bg/obiava-11788384236819515-skoda-octavia-2-0-tdi-dsg-style-combi-ochakvan
11774689514220960,Skoda,Octavia,2021,Diesel,Manual,150,98000,19900.0,https://www.mobile.bg/obiava-11774689514220960-skoda-octavia-2-0-tdi
11789993774451189,Skoda,Octavia,2021,Hybrid,Automatic,204,130297,19900.0,https://www.mobile.bg/obiava-11789993774451189-skoda-octavia-1-4-tsi-6dsg-iv-plug-in-hybrid
11779779977241207,Skoda,Octavia,2020,Diesel,Automatic,150,82000,19900.0,https://www.mobile.bg/obiava-11779779977241207-skoda-octavia
11730064762023112,Skoda,Octavia,2023,Petrol,Manual,150,120000,19999.0,https://www.mobile.bg/obiava-11730064762023112-skoda-octavia-1-5-tsi-edition-garantsiya
11781751759850932,Skoda,Octavia,2021,Diesel,Automatic,150,138000,19999.0,https://www.mobile.bg/obiava-11781751759850932-skoda-octavia-2-0tdi-matrix-pano-alcantara-headup-distr-keyless
11789454117694909,Skoda,Octavia,2023,Diesel,Automatic,150,80000,20000.0,https://www.mobile.bg/obiava-11789454117694909-skoda-octavia
11788427310044293,Skoda,Octavia,2022,Diesel,Manual,115,75750,20000.0,https://www.mobile.bg/obiava-11788427310044293-skoda-octavia-ambishan-2-0-tdi-115-k-s
11781168846128951,Skoda,Octavia,2021,Diesel,Automatic,150,103333,20350.0,https://www.mobile.bg/obiava-11781168846128951-skoda-octavia-2-0-tdi-110-kw-150-k-s-7dsg
11774897754914028,Skoda,Octavia,2021,Petrol,Manual,150,98000,20400.0,https://www.mobile.bg/obiava-11774897754914028-skoda-octavia-1-5-tsi-ful-top
11787144383103856,Skoda,Octavia,2023,Diesel,Automatic,150,153668,20500.0,https://www.mobile.bg/obiava-11787144383103856-skoda-octavia-sportline-2-0-tdi-7dsg
11786115820976865,Skoda,Octavia,2021,Diesel,Manual,115,52700,20500.0,https://www.mobile.bg/obiava-11786115820976865-skoda-octavia-ambishan-2-0-tdi-85-kw-115-k-s-6m
11790688983591372,Skoda,Octavia,2024,Diesel,Manual,115,75846,20600.0,https://www.mobile.bg/obiava-11790688983591372-skoda-octavia-2-0-tdi-115k-s-6mt-ambition
11774880471846109,Skoda,Octavia,2021,Diesel,Automatic,150,88182,20660.0,https://www.mobile.bg/obiava-11774880471846109-skoda-octavia-s-garantsiya-2-0-tdi-a-t
11763828255068145,Skoda,Octavia,2022,Petrol,Manual,150,62122,20750.0,https://www.mobile.bg/obiava-11763828255068145-skoda-octavia
11775231934222597,Skoda,Octavia,2022,Diesel,Automatic,150,102725,20860.0,https://www.mobile.bg/obiava-11775231934222597-skoda-octavia-s-garantsiya-2-0tdi-a-t
11787837700483058,Skoda,Octavia,2021,Diesel,Automatic,200,216300,20900.0,https://www.mobile.bg/obiava-11787837700483058-skoda-octavia-vrs-200ps-matrix-servizna-knizhka-full-full
11783523152251861,Skoda,Octavia,2023,Diesel,Manual,150,113500,20900.0,https://www.mobile.bg/obiava-11783523152251861-skoda-octavia-tour-combi-2-0-tdi-110kw-150k-s-6m
11781533128375381,Skoda,Octavia,2021,Diesel,Automatic,150,72971,20900.0,https://www.mobile.bg/obiava-11781533128375381-skoda-octavia-kombi-ambishan-2-0-tdi-150-k-s-7dsg
11786701971699152,Skoda,Octavia,2021,Petrol,Automatic,150,85000,20900.0,https://www.mobile.bg/obiava-11786701971699152-skoda-octavia-ambition-1-5tsi-150k-c-7at
11737991377348052,Skoda,Octavia,2022,Petrol,Automatic,150,180000,20957.0,https://www.mobile.bg/obiava-11737991377348052-skoda-octavia-scout-carplay-led-navi-virtual-sobstven-lizing
11739897834309885,Skoda,Octavia,2021,Petrol,Manual,150,101779,20960.0,https://www.mobile.bg/obiava-11739897834309885-skoda-octavia-style-1-5-tsi-m-t-150ks
11785739121100229,Skoda,Octavia,2022,Hybrid,Automatic,150,126000,20990.0,https://www.mobile.bg/obiava-11785739121100229-skoda-octavia-1-5-e-tsi-dsg-mesechna-vnoska-ot-240
11787133200740071,Skoda,Octavia,2020,Diesel,Automatic,150,55829,21000.0,https://www.mobile.bg/obiava-11787133200740071-skoda-octavia-2-0-tdi-7dsg
11779778774367419,Skoda,Octavia,2023,Diesel,Automatic,150,90000,21000.0,https://www.mobile.bg/obiava-11779778774367419-skoda-octavia-2-0tdi-new-line
11780426721277928,Skoda,Octavia,2021,Petrol,Automatic,130,62000,21000.0,https://www.mobile.bg/obiava-11780426721277928-skoda-octavia-1-5-tgi-g-tec-metan-dsg
11775406290036384,Skoda,Octavia,2021,Diesel,Automatic,150,69000,21000.0,https://www.mobile.bg/obiava-11775406290036384-skoda-octavia
11787928931745875,Skoda,Octavia,2021,Diesel,Automatic,150,77480,21000.0,https://www.mobile.bg/obiava-11787928931745875-skoda-octavia-2-0-tdi-110-kw-150-k-s-7dsg
11750588403307690,Skoda,Octavia,2022,Petrol,Manual,150,83000,21000.0,https://www.mobile.bg/obiava-11750588403307690-skoda-octavia-1-5-150-gaz
11783441443808860,Skoda,Octavia,2021,Hybrid,Automatic,150,99267,21260.0,https://www.mobile.bg/obiava-11783441443808860-skoda-octavia-1-5-m-hev-150ks
11784982356692556,Skoda,Octavia,2020,Diesel,Automatic,150,118096,21400.0,https://www.mobile.bg/obiava-11784982356692556-skoda-octavia-2-0-tdi-style-plus-combi
11788519464603830,Skoda,Octavia,2023,Petrol,Manual,150,55300,21500.0,https://www.mobile.bg/obiava-11788519464603830-skoda-octavia-combi-1-5-tsi-lpg
11789660964779656,Skoda,Octavia,2021,Petrol,Automatic,150,120996,21500.0,https://www.mobile.bg/obiava-11789660964779656-skoda-octavia-1-5tsi-m-hev
11789028674671373,Skoda,Octavia,2022,Diesel,Automatic,150,98650,21500.0,https://www.mobile.bg/obiava-11789028674671373-skoda-octavia-oktaviya-kombi-ambishan-2-0-tdi-110-kw-150-k-s
11778914516401373,Skoda,Octavia,2023,Diesel,Automatic,150,68500,21500.0,https://www.mobile.bg/obiava-11778914516401373-skoda-octavia-style
11762443817559107,Skoda,Octavia,2020,Diesel,Automatic,150,119218,21560.0,https://www.mobile.bg/obiava-11762443817559107-skoda-octavia-s-garantsiya-2-0tdi-a-t
11765970059137815,Skoda,Octavia,2020,Diesel,Automatic,150,56416,17999.0,https://www.mobile.bg/obiava-11765970059137815-skoda-octavia
11774852205758873,Skoda,Octavia,2022,Diesel,Automatic,150,150000,18000.0,https://www.mobile.bg/obiava-11774852205758873-skoda-octavia
11790682231599843,Skoda,Octavia,2022,Diesel,Automatic,150,89793,21660.0,https://www.mobile.bg/obiava-11790682231599843-skoda-octavia-s-garantsiya-2-0tdi-a-t
11768649523369756,Skoda,Octavia,2021,Diesel,Automatic,150,83830,21860.0,https://www.mobile.bg/obiava-11768649523369756-skoda-octavia-s-garantsiya-2-0tdi-a-t
11784823065065756,Skoda,Octavia,2021,Hybrid,Automatic,150,67009,21860.0,https://www.mobile.bg/obiava-11784823065065756-skoda-octavia-nov-1-5-m-hev-150ks
11770194974570889,Skoda,Octavia,2021,Diesel,Automatic,150,120152,21860.0,https://www.mobile.bg/obiava-11770194974570889-skoda-octavia-s-garantsiya-4h4-2-0tdi-a-t-150ks
11786801466740791,Skoda,Octavia,2021,Diesel,Automatic,200,198000,21999.0,https://www.mobile.bg/obiava-11786801466740791-skoda-octavia-scout
11783528471961652,Skoda,Octavia,2024,Petrol,Manual,150,17000,22000.0,https://www.mobile.bg/obiava-11783528471961652-skoda-octavia
11772791993089722,Skoda,Octavia,2021,Diesel,Automatic,200,203500,22000.0,https://www.mobile.bg/obiava-11772791993089722-skoda-octavia-2-0tdi-200hp-rs-4x4
11782986164638624,Skoda,Octavia,2022,Diesel,Automatic,150,61484,22460.0,https://www.mobile.bg/obiava-11782986164638624-skoda-octavia-nov-2-0-a-t-150ks
11789982332916881,Skoda,Octavia,2021,Hybrid,Automatic,204,90000,22499.0,https://www.mobile.bg/obiava-11789982332916881-skoda-octavia-iv-1-4-plug-in-hybrid-sedan
11762873879955579,Skoda,Octavia,2020,Diesel,Automatic,150,79728,22560.0,https://www.mobile.bg/obiava-11762873879955579-skoda-octavia-s-garantsiya-2-0tdi-a-t
11776263552410506,Skoda,Octavia,2020,Diesel,Automatic,150,82328,22660.0,https://www.mobile.bg/obiava-11776263552410506-skoda-octavia-2-0tdi-a-t
11762010800941116,Skoda,Octavia,2020,Diesel,Automatic,150,82412,22760.0,https://www.mobile.bg/obiava-11762010800941116-skoda-octavia-s-garantsiya-2-0tdi-a-t
11779899114657277,Skoda,Octavia,2022,Diesel,Automatic,150,41771,22860.0,https://www.mobile.bg/obiava-11779899114657277-skoda-octavia-nov-2-0tdi-a-t
11787293861403944,Skoda,Octavia,2023,Diesel,Automatic,150,89000,22900.0,https://www.mobile.bg/obiava-11787293861403944-skoda-octavia-2-0-tdi-7dsg-kombi-style
11789045371258022,Skoda,Octavia,2021,Hybrid,Automatic,204,69900,22900.0,https://www.mobile.bg/obiava-11789045371258022-skoda-octavia-iv-estate-style-1-4-electric-tsi-150kw-6-spees
11784376774768546,Skoda,Octavia,2021,Diesel,Automatic,200,175000,22999.0,https://www.mobile.bg/obiava-11784376774768546-skoda-octavia-2-0-tdi-rs-dsg-navi
11787837204083542,Skoda,Octavia,2019,Petrol,Automatic,230,119148,23000.0,https://www.mobile.bg/obiava-11787837204083542-skoda-octavia-vrs-230hp
11790528573204067,Skoda,Octavia,2021,Diesel,Automatic,150,89000,23000.0,https://www.mobile.bg/obiava-11790528573204067-skoda-octavia
11781100971837752,Skoda,Octavia,2024,Petrol,Manual,150,22000,23000.0,https://www.mobile.bg/obiava-11781100971837752-skoda-octavia-stayl-1-5-tsi-150k-s
11790084897748882,Skoda,Octavia,2023,Petrol,Automatic,150,29000,23000.0,https://www.mobile.bg/obiava-11790084897748882-skoda-octavia-1-5-benzin
11786197561493342,Skoda,Octavia,2021,Diesel,Automatic,150,96455,23200.0,https://www.mobile.bg/obiava-11786197561493342-skoda-octavia-2-0-tdi-7dsg
11790407132295681,Skoda,Octavia,2024,Petrol,Manual,150,28786,23500.0,https://www.mobile.bg/obiava-11790407132295681-skoda-octavia-1-5tsi-6mt
11788185628703495,Skoda,Octavia,2021,Diesel,Automatic,200,70000,23550.0,https://www.mobile.bg/obiava-11788185628703495-skoda-octavia
11789568148477248,Skoda,Octavia,2022,Diesel,Automatic,150,112098,23800.0,https://www.mobile.bg/obiava-11789568148477248-skoda-octavia-stayl-2-0-tdi-150-k-s-7dsg-4x4
11786524145215948,Skoda,Octavia,2023,Diesel,Automatic,150,91820,23900.0,https://www.mobile.bg/obiava-11786524145215948-skoda-octavia-2-0-tdi-7dsg
11771504219370458,Skoda,Octavia,2023,Hybrid,Automatic,245,118000,23900.0,https://www.mobile.bg/obiava-11771504219370458-skoda-octavia-vrs-plug-in-hybrid
11778591730491642,Skoda,Octavia,2023,Diesel,Automatic,150,61757,23990.0,https://www.mobile.bg/obiava-11778591730491642-skoda-octavia-2-0-tdi-150k-s-dsg
11768341344093130,Skoda,Octavia,2023,Petrol,Automatic,150,80000,24000.0,https://www.mobile.bg/obiava-11768341344093130-skoda-octavia-1-5-tsi-m-hev-dsg-edition
11785252967549954,Skoda,Octavia,2021,Hybrid,Automatic,245,85500,24000.0,https://www.mobile.bg/obiava-11785252967549954-skoda-octavia-vrs
11766486437622995,Skoda,Octavia,2021,Diesel,Automatic,200,154323,24286.36,https://www.mobile.bg/obiava-11766486437622995-skoda-octavia-scout-4x4-headup-camera-panorama-matrix
11787837953649798,Skoda,Octavia,2023,Diesel,Automatic,116,67500,24500.0,https://www.mobile.bg/obiava-11787837953649798-skoda-octavia-ambition-2-0tdi-116k-c-7at-garantsiya
11789557081512575,Skoda,Octavia,2024,Petrol,Automatic,150,62500,24600.0,https://www.mobile.bg/obiava-11789557081512575-skoda-octavia-edition-1-5-e-tsi
11774015629396761,Skoda,Octavia,2022,Petrol,Automatic,190,88100,24600.0,https://www.mobile.bg/obiava-11774015629396761-skoda-octavia-edition-2-0-tsi-7dsg-4h4
11782314122573194,Skoda,Octavia,2021,Diesel,Automatic,200,69000,24990.0,https://www.mobile.bg/obiava-11782314122573194-skoda-octavia-2-0-tdi-4x4-200hp
11784611134844411,Skoda,Octavia,2024,Petrol,Manual,150,36157,25000.0,https://www.mobile.bg/obiava-11784611134844411-skoda-octavia-style-plus-1-5-tsi-garantsiya-do-03-2029
11785680503043051,Skoda,Octavia,2025,Petrol,Manual,115,9650,25000.0,https://www.mobile.bg/obiava-11785680503043051-skoda-octavia-iv-edition-1-5-tsi
11786193967281861,Skoda,Octavia,2024,Petrol,Manual,150,33050,25000.0,https://www.mobile.bg/obiava-11786193967281861-skoda-octavia-1-5-tsi-6m
11724918182282166,Skoda,Octavia,2024,Petrol,Manual,150,18000,25400.0,https://www.mobile.bg/obiava-11724918182282166-skoda-octavia-1-5-tsi-style-plus-oborudvane
11781787875318264,Skoda,Octavia,2022,Diesel,Automatic,200,188127,25490.0,https://www.mobile.bg/obiava-11781787875318264-skoda-octavia-vrs-combi-2-0-tdi-4x4-dsg
11790782912507101,Skoda,Octavia,2022,Diesel,Automatic,200,83957,25500.0,https://www.mobile.bg/obiava-11790782912507101-skoda-octavia-vrs-2-0-tdi-200-k-s-7-dsg
11785961565546597,Skoda,Octavia,2023,Petrol,Automatic,150,12000,25500.0,https://www.mobile.bg/obiava-11785961565546597-skoda-octavia-edishan
11776667046596046,Skoda,Octavia,2021,Diesel,Automatic,200,99100,25900.0,https://www.mobile.bg/obiava-11776667046596046-skoda-octavia-4h4-style
11785176027921662,Skoda,Octavia,2024,Diesel,Automatic,150,36800,26000.0,https://www.mobile.bg/obiava-11785176027921662-skoda-octavia-skoda-octavia-2-0-tdi-150hp-4x4-7-dsg
11783595782829165,Skoda,Octavia,2020,Diesel,Automatic,200,86702,26399.0,https://www.mobile.bg/obiava-11783595782829165-skoda-octavia-2-0-200hp-l-k-matrix-pano-canton-cam-massage-570z
11785863923324380,Skoda,Octavia,2024,Diesel,Automatic,150,47900,26490.0,https://www.mobile.bg/obiava-11785863923324380-skoda-octavia-ambition-plus
11785148837446600,Skoda,Octavia,2024,Diesel,Automatic,150,29000,26500.0,https://www.mobile.bg/obiava-11785148837446600-skoda-octavia-2-0-tdi-150-hp-garantsiya-ot-euratek
11789905171105051,Skoda,Octavia,2021,Diesel,Automatic,200,85500,26500.0,https://www.mobile.bg/obiava-11789905171105051-skoda-octavia-vrs
11786105854678267,Skoda,Octavia,2022,Diesel,Automatic,200,76000,26900.0,https://www.mobile.bg/obiava-11786105854678267-skoda-octavia-4x4-scout-matrix-garantsiya-massage
11789291738140691,Skoda,Octavia,2023,Petrol,Manual,150,60000,27000.0,https://www.mobile.bg/obiava-11789291738140691-skoda-octavia-edition
11790527953959723,Skoda,Octavia,2024,Diesel,Automatic,150,19100,27100.0,https://www.mobile.bg/obiava-11790527953959723-skoda-octavia-fl
11774109445339307,Skoda,Octavia,2025,Petrol,Automatic,150,12000,27200.0,https://www.mobile.bg/obiava-11774109445339307-skoda-octavia-1-5-tsi-mhev
11782223696664105,Skoda,Octavia,2024,Diesel,Automatic,150,11000,27399.0,https://www.mobile.bg/obiava-11782223696664105-skoda-octavia-2-0-tdi
11764066122317259,Skoda,Octavia,2021,Diesel,Automatic,200,132000,27600.0,https://www.mobile.bg/obiava-11764066122317259-skoda-octavia-vrs-tdi-4x4-200ps
11788510468389981,Skoda,Octavia,2024,Diesel,Automatic,150,19740,27900.0,https://www.mobile.bg/obiava-11788510468389981-skoda-octavia-2-0-tdi-7dsg
11788792856468574,Skoda,Octavia,2025,Petrol,Automatic,150,18000,27999.0,https://www.mobile.bg/obiava-11788792856468574-skoda-octavia-fl-edition-130-18k-km
11754321009419102,Skoda,Octavia,2021,Petrol,Automatic,245,74000,28000.0,https://www.mobile.bg/obiava-11754321009419102-skoda-octavia-vrs
11788517880754787,Skoda,Octavia,2020,Hybrid,Automatic,245,123000,28000.0,https://www.mobile.bg/obiava-11788517880754787-skoda-octavia-vrs
11787234839166524,Skoda,Octavia,2020,Diesel,Automatic,200,97900,28500.0,https://www.mobile.bg/obiava-11787234839166524-skoda-octavia-rs-2-0-tdi-200-k-s-7dsg-4x4
11776634235026521,Skoda,Octavia,2021,Petrol,Automatic,245,100000,28500.0,https://www.mobile.bg/obiava-11776634235026521-skoda-octavia-vrs
11781105187801601,Skoda,Octavia,2024,Diesel,Automatic,200,165000,28600.0,https://www.mobile.bg/obiava-11781105187801601-skoda-octavia-vrs
11788244482188726,Skoda,Octavia,2021,Petrol,Automatic,190,71000,28782.0,https://www.mobile.bg/obiava-11788244482188726-skoda-octavia-scout
11755097920758866,Skoda,Octavia,2021,Diesel,Automatic,200,196587,28999.0,https://www.mobile.bg/obiava-11755097920758866-skoda-octavia-vrs-head-up-4x4-pano-pechka-distr-kamera-3kl
11774431970901383,Skoda,Octavia,2021,Petrol,Automatic,245,96000,28999.0,https://www.mobile.bg/obiava-11774431970901383-skoda-octavia-vrs-2-0t-parvi-sobstvenik
11787866685268285,Skoda,Octavia,2025,Diesel,Automatic,150,28100,29000.0,https://www.mobile.bg/obiava-11787866685268285-skoda-octavia
11782069328403734,Skoda,Octavia,2021,Diesel,Automatic,200,90000,29000.0,https://www.mobile.bg/obiava-11782069328403734-skoda-octavia-vrs
11785739818325798,Skoda,Octavia,2025,Diesel,Automatic,150,11000,29000.0,https://www.mobile.bg/obiava-11785739818325798-skoda-octavia-2-0-dsg
11763715836834582,Skoda,Octavia,2024,Diesel,Automatic,150,24100,29300.0,https://www.mobile.bg/obiava-11763715836834582-skoda-octavia-2-0tdi-keyless-cam-navi-carplay
11783602703333764,Skoda,Octavia,2025,Diesel,Automatic,150,15500,29499.0,https://www.mobile.bg/obiava-11783602703333764-skoda-octavia-edishan
11787801561748522,Skoda,Octavia,2025,Diesel,Automatic,150,23694,29500.0,https://www.mobile.bg/obiava-11787801561748522-skoda-octavia-skoda-octavia-edition
11785071879901460,Skoda,Octavia,2024,Diesel,Automatic,150,26700,29600.0,https://www.mobile.bg/obiava-11785071879901460-skoda-octavia-2-0-tdi-dsg-4x4
11786024181324695,Skoda,Octavia,2023,Petrol,Automatic,245,106544,29600.0,https://www.mobile.bg/obiava-11786024181324695-skoda-octavia-2-0-tsi-7dsg-rs
11788186570501491,Skoda,Octavia,2021,Diesel,Automatic,200,80000,29800.0,https://www.mobile.bg/obiava-11788186570501491-skoda-octavia-rs-plus-2-0-tdi-4x4
11783186201585575,Skoda,Octavia,2023,Petrol,Automatic,245,41618,30000.0,https://www.mobile.bg/obiava-11783186201585575-skoda-octavia-vrs
11788799484747742,Skoda,Octavia,2021,Petrol,Automatic,245,168000,30999.0,https://www.mobile.bg/obiava-11788799484747742-skoda-octavia-rs
11783440249659751,Skoda,Octavia,2022,Petrol,Automatic,245,71000,31000.0,https://www.mobile.bg/obiava-11783440249659751-skoda-octavia-2-0-vrs
11787057542756673,Skoda,Octavia,2024,Diesel,Automatic,150,78000,31000.0,https://www.mobile.bg/obiava-11787057542756673-skoda-octavia
11770364315098530,Skoda,Octavia,2024,Diesel,Automatic,150,39400,31300.0,https://www.mobile.bg/obiava-11770364315098530-skoda-octavia-2-0tdi-dsg-led-cam-distr
11761402754083970,Skoda,Octavia,2023,Diesel,Automatic,200,48000,31490.0,https://www.mobile.bg/obiava-11761402754083970-skoda-octavia-rs-tdi-4x4-dsg-200hp-matrix-keyless-5g-garantsiya
11777991297354496,Skoda,Octavia,2025,Petrol,Automatic,150,10795,31499.0,https://www.mobile.bg/obiava-11777991297354496-skoda-octavia-1-5tsi-150hp-select-dsg-acc-cplay-cam-navi-260q
11770370687680085,Skoda,Octavia,2024,Petrol,Automatic,150,27200,31800.0,https://www.mobile.bg/obiava-11770370687680085-skoda-octavia-tsi-cam-distr-led-carplay
11788255476819528,Skoda,Octavia,2025,Diesel,Automatic,150,12986,32500.0,https://www.mobile.bg/obiava-11788255476819528-skoda-octavia-selekshan-2-0-tdi-150-k-s-7dsg
11763716337286250,Skoda,Octavia,2024,Diesel,Automatic,150,30000,27100.0,https://www.mobile.bg/obiava-11763716337286250-skoda-octavia-2-0tdi-cam-keyless-led-carplay
11787480771332294,Skoda,Octavia,2025,Petrol,Automatic,265,49000,32900.0,https://www.mobile.bg/obiava-11787480771332294-skoda-octavia-rs-2-0-tsi-265-k-s
11783699356935862,Skoda,Octavia,2021,Petrol,Automatic,245,190000,33000.0,https://www.mobile.bg/obiava-11783699356935862-skoda-octavia-rs
11755086620844907,Skoda,Octavia,2023,Diesel,Automatic,200,41394,34500.0,https://www.mobile.bg/obiava-11755086620844907-skoda-octavia-rs
11782987750943018,Skoda,Octavia,2023,Diesel,Automatic,200,28860,34900.0,https://www.mobile.bg/obiava-11782987750943018-skoda-octavia-2-0tdi-vrs-4x4-pano-garantsiya
11790011670158738,Skoda,Octavia,2026,Diesel,Automatic,150,3500,35000.0,https://www.mobile.bg/obiava-11790011670158738-skoda-octavia-sportline-2-0tdi-dag
11783503087891780,Skoda,Octavia,2025,Petrol,Automatic,265,2500,36499.0,https://www.mobile.bg/obiava-11783503087891780-skoda-octavia-vrs-canton-head-up-garantsiya
11783885464354750,Skoda,Octavia,2023,Petrol,Automatic,245,12900,38000.0,https://www.mobile.bg/obiava-11783885464354750-skoda-octavia-vrs
11763719814274753,Skoda,Octavia,2024,Petrol,Automatic,245,5500,33500.0,https://www.mobile.bg/obiava-11763719814274753-skoda-octavia-2-0tsi-rs-matrix-led-carplay
11763721145778526,Skoda,Octavia,2024,Petrol,Automatic,265,15800,34000.0,https://www.mobile.bg/obiava-11763721145778526-skoda-octavia-2-0tsi-pano-distr-keyless-led-carplay
11763721669609815,Skoda,Octavia,2024,Petrol,Automatic,265,17000,34500.0,https://www.mobile.bg/obiava-11763721669609815-skoda-octavia-2-0tsi-rs-distr-cam-pano-led-carplay
11763717322340163,Skoda,Octavia,2024,Diesel,Automatic,200,17000,41500.0,https://www.mobile.bg/obiava-11763717322340163-skoda-octavia-2-0tdi-rs-4x4-keyless-distr-led-carplay
11761413569804641,Skoda,Octavia,2024,Petrol,Automatic,265,17000,34700.0,https://www.mobile.bg/obiava-11761413569804641-skoda-octavia-rs-2-0-tsi-dsg-combi-matrix-led-camera
11763716891210524,Skoda,Octavia,2024,Diesel,Automatic,200,200,34880.0,https://www.mobile.bg/obiava-11763716891210524-skoda-octavia-2-0tdi-rs-cam-led-carbon
11761724862596387,Skoda,Octavia,2024,Diesel,Automatic,200,200,35800.0,https://www.mobile.bg/obiava-11761724862596387-skoda-octavia-rs-led-cam-keyless
11761725230419297,Skoda,Octavia,2025,Diesel,Automatic,200,20000,36900.0,https://www.mobile.bg/obiava-11761725230419297-skoda-octavia-2-0tdi-rs-memory-cam-keyless-carplay
11761417939149378,Skoda,Octavia,2025,Petrol,Automatic,265,8500,38500.0,https://www.mobile.bg/obiava-11761417939149378-skoda-octavia-rs-2-0-tsi-dsg-canton-head-up-carbon-camera-matrix
11763717782090492,Skoda,Octavia,2025,Diesel,Automatic,200,14000,38500.0,https://www.mobile.bg/obiava-11763717782090492-skoda-octavia-2-0tdi-rs-pano-distr-keyless-memory
11761733479228964,Skoda,Octavia,2024,Diesel,Automatic,200,2500,38900.0,https://www.mobile.bg/obiava-11761733479228964-skoda-octavia-2-0tdi-rs-memory-head-up-keyless-distr
11770363864248829,Skoda,Octavia,2024,Petrol,Automatic,245,14400,46800.0,https://www.mobile.bg/obiava-11770363864248829-skoda-octavia-rs-pano-distr-360cam-memory-canton-black-edi
11778859471659658,Skoda,Fabia,2017,Diesel,Manual,75,201000,5000.0,https://www.mobile.bg/obiava-11778859471659658-skoda-fabia-1-4-tdi
11750790998559954,Skoda,Fabia,2015,Diesel,Manual,90,247410,5999.0,https://www.mobile.bg/obiava-11750790998559954-skoda-fabia-1-4tdi-klima-realni-km
11790430097562682,Skoda,Fabia,2002,Petrol,Manual,60,254500,1150.0,https://www.mobile.bg/obiava-11790430097562682-skoda-fabia-1-4-mpi
11762024518291004,Skoda,Fabia,2004,Diesel,Manual,101,202000,1500.0,https://www.mobile.bg/obiava-11762024518291004-skoda-fabia-1-9tdi-101ks-202000km
11781500701963280,Skoda,Fabia,2007,Diesel,Manual,70,199000,1500.0,https://www.mobile.bg/obiava-11781500701963280-skoda-fabia-1-4tdi-70kc-gt-sport-199000-km
11781964518820177,Skoda,Fabia,2007,Petrol,Manual,64,164000,1500.0,https://www.mobile.bg/obiava-11781964518820177-skoda-fabia-1-2-8v-sport-164000km
11775720445215810,Skoda,Fabia,2006,Diesel,Manual,70,247000,1750.0,https://www.mobile.bg/obiava-11775720445215810-skoda-fabia-1-4tdi-klimatik
11779647232666652,Skoda,Fabia,2006,Petrol,Manual,90,72000,1900.0,https://www.mobile.bg/obiava-11779647232666652-skoda-fabia
11785395567636706,Skoda,Fabia,2011,Petrol,Manual,70,220000,2299.0,https://www.mobile.bg/obiava-11785395567636706-skoda-fabia-1-2-benz
11769946011393457,Skoda,Fabia,2007,Diesel,Manual,80,227000,2300.0,https://www.mobile.bg/obiava-11769946011393457-skoda-fabia
11766315651566901,Skoda,Fabia,2011,Petrol,Manual,70,160000,2300.0,https://www.mobile.bg/obiava-11766315651566901-skoda-fabia-1-2i
11790269984733353,Skoda,Fabia,2008,Petrol,Manual,60,154386,2350.0,https://www.mobile.bg/obiava-11790269984733353-skoda-fabia-1-2mpi-60-facelift-klimatronik
11785998594477297,Skoda,Fabia,2010,Diesel,Manual,70,194000,2350.0,https://www.mobile.bg/obiava-11785998594477297-skoda-fabia-1-4tdi-italia
11744200060092204,Skoda,Fabia,2013,Petrol,Manual,69,160000,2350.0,https://www.mobile.bg/obiava-11744200060092204-skoda-fabia-1-2tsi-69kc-euro5b
11732540749294161,Skoda,Fabia,2011,Petrol,Manual,86,175000,2350.0,https://www.mobile.bg/obiava-11732540749294161-skoda-fabia-1-2tsi-86kc-face-scout
11762895383408851,Skoda,Fabia,2009,Petrol,Manual,69,72721,2454.2,https://www.mobile.bg/obiava-11762895383408851-skoda-fabia-1-2i-69ks-72-000km-euro-4-klimatik
11773230968905299,Skoda,Fabia,2013,Diesel,Manual,75,257444,2500.0,https://www.mobile.bg/obiava-11773230968905299-skoda-fabia-1-2-tdi
11746440046222787,Skoda,Fabia,2008,Diesel,Manual,75,145000,2600.0,https://www.mobile.bg/obiava-11746440046222787-skoda-fabia-1-4tdi-75ks-klima
11757017220608113,Skoda,Fabia,2011,Petrol,Manual,86,162521,2650.0,https://www.mobile.bg/obiava-11757017220608113-skoda-fabia-1-2tsi-86k-s-4-ri-tsilindara
11769685096601480,Skoda,Fabia,2009,Diesel,Manual,105,235000,2990.0,https://www.mobile.bg/obiava-11769685096601480-skoda-fabia-1-9tdi-105k-s-klimatronik
11718366319949788,Skoda,Fabia,2011,Diesel,Manual,75,134691,3062.64,https://www.mobile.bg/obiava-11718366319949788-skoda-fabia-1-6tdi-75hp
11777312757188964,Skoda,Fabia,2012,Diesel,Manual,75,173000,3250.0,https://www.mobile.bg/obiava-11777312757188964-skoda-fabia-lizing-1-6-dizel-klima
11779967025067435,Skoda,Fabia,2007,Petrol,Manual,80,170500,3300.0,https://www.mobile.bg/obiava-11779967025067435-skoda-fabia-1-4i-gpl-euro-4
11657564365550150,Skoda,Fabia,2009,Diesel,Manual,105,204800,3300.0,https://www.mobile.bg/obiava-11657564365550150-skoda-fabia-1-9-tdi-klimatronik
11790831098762801,Skoda,Fabia,2013,Petrol,Manual,70,123500,3350.0,https://www.mobile.bg/obiava-11790831098762801-skoda-fabia-1-2-facelift-klimatik-euro-5b
11782827781252914,Skoda,Fabia,2012,Diesel,Manual,105,243179,3350.0,https://www.mobile.bg/obiava-11782827781252914-skoda-fabia-1-6-tdi
11753977258853201,Skoda,Fabia,2012,Diesel,Manual,90,199999,3681.3,https://www.mobile.bg/obiava-11753977258853201-skoda-fabia-1-6tdi-90ks-common-rail-euro-5-klimatronik
11782574802349929,Skoda,Fabia,2014,Diesel,Manual,90,223700,3999.0,https://www.mobile.bg/obiava-11782574802349929-skoda-fabia
11780860736426538,Skoda,Fabia,2015,Petrol,Manual,69,85000,4550.0,https://www.mobile.bg/obiava-11780860736426538-skoda-fabia-1-2i-monte-carlo-feyslift-obsluzhena-85-000km
11762166046497296,Skoda,Fabia,2015,Petrol,Manual,90,194000,4700.0,https://www.mobile.bg/obiava-11762166046497296-skoda-fabia-1-2tsi-90kc-euro-6b-lizing
11779942470494783,Skoda,Fabia,2014,Diesel,Manual,95,160000,4800.0,https://www.mobile.bg/obiava-11779942470494783-skoda-fabia-1-6monte-karlo
11771938280584532,Skoda,Fabia,2016,Petrol,Manual,90,117000,4999.0,https://www.mobile.bg/obiava-11771938280584532-skoda-fabia-1-2i-90k-s-klimatik-euro-6
11756457061530105,Skoda,Fabia,2014,Diesel,Manual,90,168000,5200.0,https://www.mobile.bg/obiava-11756457061530105-skoda-fabia-1-6tdi-90ksevro-5b
11783929304316751,Skoda,Fabia,2015,Diesel,Manual,90,180000,5200.0,https://www.mobile.bg/obiava-11783929304316751-skoda-fabia-1-4tdi
11788365821114764,Skoda,Fabia,2015,Diesel,Manual,90,166000,5500.0,https://www.mobile.bg/obiava-11788365821114764-skoda-fabia-1-4tdi-90k-s-distronic-led-keyless-navi-euro-6
11777535391354169,Skoda,Fabia,2018,Diesel,Manual,75,242000,5500.0,https://www.mobile.bg/obiava-11777535391354169-skoda-fabia-1-4tdi
11786116121469346,Skoda,Fabia,2017,Diesel,Manual,95,150000,5600.0,https://www.mobile.bg/obiava-11786116121469346-skoda-fabia-1-4-tdi
11779289739354330,Skoda,Fabia,2016,Diesel,Automatic,90,177000,5700.0,https://www.mobile.bg/obiava-11779289739354330-skoda-fabia-tdi-dsg-euro-6-klimatronik
11790583810439419,Skoda,Fabia,2018,Petrol,Manual,75,170000,5900.0,https://www.mobile.bg/obiava-11790583810439419-skoda-fabia-1-0mpi-gaz
11784834106550681,Skoda,Fabia,2017,Petrol,Manual,110,85000,5900.0,https://www.mobile.bg/obiava-11784834106550681-skoda-fabia-1-2tsi-85000km
11790851149433794,Skoda,Fabia,2018,Diesel,Automatic,90,191900,5900.0,https://www.mobile.bg/obiava-11790851149433794-skoda-fabia-1-4tdi-90ks-dsg
11758199401308646,Skoda,Fabia,2017,Petrol,Manual,75,221300,5900.0,https://www.mobile.bg/obiava-11758199401308646-skoda-fabia-1-0mpg-lpg-nova-nova-nova
11772519593007200,Skoda,Fabia,2015,Diesel,Manual,105,181000,5999.0,https://www.mobile.bg/obiava-11772519593007200-skoda-fabia-1-4tdi
11785497352803339,Skoda,Fabia,2018,Petrol,Manual,75,153000,5999.0,https://www.mobile.bg/obiava-11785497352803339-skoda-fabia-1-0i-75ks
11786888992836439,Skoda,Fabia,2019,Petrol,Manual,60,170000,6000.0,https://www.mobile.bg/obiava-11786888992836439-skoda-fabia-1-0i
11772711939996627,Skoda,Fabia,2015,Diesel,Automatic,90,137000,6200.0,https://www.mobile.bg/obiava-11772711939996627-skoda-fabia-1-4tdi-dsg
11779558637196613,Skoda,Fabia,2018,Diesel,Manual,90,298000,5186.0,https://www.mobile.bg/obiava-11779558637196613-skoda-fabia
11769435368659742,Skoda,Fabia,2017,Diesel,Manual,105,233600,6400.0,https://www.mobile.bg/obiava-11769435368659742-skoda-fabia-1-4tdi105kc-distronik-navi
11779339578013463,Skoda,Fabia,2018,Petrol,Manual,95,80000,6500.0,https://www.mobile.bg/obiava-11779339578013463-skoda-fabia-1-0tsi-80000km
11790664350194381,Skoda,Fabia,2015,Diesel,Automatic,90,198585,6690.0,https://www.mobile.bg/obiava-11790664350194381-skoda-fabia-1-6tdi-avtomat
11733307348180979,Skoda,Fabia,2017,Petrol,Manual,110,167800,6750.0,https://www.mobile.bg/obiava-11733307348180979-skoda-fabia-monte-carlo
11788861053896464,Skoda,Fabia,2017,Diesel,Manual,105,147000,7270.0,https://www.mobile.bg/obiava-11788861053896464-skoda-fabia-monte-carlo-pano-distronic
11780906059902581,Skoda,Fabia,2018,Diesel,Manual,75,188000,6200.0,https://www.mobile.bg/obiava-11780906059902581-skoda-fabia-twin-colore-distronic-camera-top
11790523889885907,Skoda,Fabia,2015,Diesel,Automatic,90,158968,7500.0,https://www.mobile.bg/obiava-11790523889885907-skoda-fabia
11786443968954644,Skoda,Fabia,2020,Petrol,Manual,68,58000,7800.0,https://www.mobile.bg/obiava-11786443968954644-skoda-fabia
11790686692632085,Skoda,Fabia,2020,Petrol,Manual,96,108393,7990.0,https://www.mobile.bg/obiava-11790686692632085-skoda-fabia-1-0tsi-euro-6d-samo-108000km-bez-zabelezhki
11758357141637740,Skoda,Fabia,2017,Diesel,Automatic,90,170000,7999.0,https://www.mobile.bg/obiava-11758357141637740-skoda-fabia-top
11750074390481319,Skoda,Fabia,2019,Petrol,Manual,94,256311,8129.54,https://www.mobile.bg/obiava-11750074390481319-skoda-fabia-1-0
11744386768667237,Skoda,Fabia,2016,Petrol,Automatic,110,80500,8499.0,https://www.mobile.bg/obiava-11744386768667237-skoda-fabia-1-2i-dsg-euro-6
11782600384113344,Skoda,Fabia,2019,Petrol,Manual,60,57747,8900.0,https://www.mobile.bg/obiava-11782600384113344-skoda-fabia-1-0-57700
11786133230430596,Skoda,Fabia,2019,Petrol,Manual,75,22000,10000.0,https://www.mobile.bg/obiava-11786133230430596-skoda-fabia-selection-facelift
11785395311486582,Skoda,Fabia,2019,Petrol,Automatic,110,114752,11000.0,https://www.mobile.bg/obiava-11785395311486582-skoda-fabia-monte-carlo
11790543048262605,Skoda,Fabia,2021,Petrol,Automatic,95,98359,12499.0,https://www.mobile.bg/obiava-11790543048262605-skoda-fabia
11780089759645969,Skoda,Fabia,2007,Diesel,Manual,69,265432,430.0,https://www.mobile.bg/obiava-11780089759645969-skoda-fabia
11790607354638862,Skoda,Fabia,2007,Diesel,Manual,70,332000,600.0,https://www.mobile.bg/obiava-11790607354638862-skoda-fabia
11785324466777175,Skoda,Fabia,2003,Diesel,Manual,100,220000,800.0,https://www.mobile.bg/obiava-11785324466777175-skoda-fabia-1-9-tdi
11783841270967322,Skoda,Fabia,2008,Petrol,Manual,60,180000,800.0,https://www.mobile.bg/obiava-11783841270967322-skoda-fabia-1-2
11763968516949178,Skoda,Fabia,2002,Petrol,Manual,75,234000,900.0,https://www.mobile.bg/obiava-11763968516949178-skoda-fabia-1-4i-75k-s
11739112097979420,Skoda,Fabia,2000,Petrol,Manual,64,281517,950.0,https://www.mobile.bg/obiava-11739112097979420-skoda-fabia-1-4mpi
11790705884486393,Skoda,Fabia,2002,Petrol,Manual,60,305000,1000.0,https://www.mobile.bg/obiava-11790705884486393-skoda-fabia
11779972434457342,Skoda,Fabia,2006,Diesel,Manual,64,374000,1000.0,https://www.mobile.bg/obiava-11779972434457342-skoda-fabia
11783247267240193,Skoda,Fabia,2007,Petrol,Manual,54,197593,1000.0,https://www.mobile.bg/obiava-11783247267240193-skoda-fabia-6y
11781077089153794,Skoda,Fabia,2001,Petrol,Manual,75,254051,1000.0,https://www.mobile.bg/obiava-11781077089153794-skoda-fabia
11790753930304346,Skoda,Fabia,2001,Diesel,Manual,101,260000,1100.0,https://www.mobile.bg/obiava-11790753930304346-skoda-fabia
11485081080044532,Skoda,Fabia,2003,Petrol,Manual,60,170000,1200.0,https://www.mobile.bg/obiava-11485081080044532-skoda-fabia
11783855163130609,Skoda,Fabia,2006,Petrol,Manual,64,257000,1200.0,https://www.mobile.bg/obiava-11783855163130609-skoda-fabia
11787651669406256,Skoda,Fabia,2008,Petrol,Manual,86,195000,1200.0,https://www.mobile.bg/obiava-11787651669406256-skoda-fabia-1-4-86-k-s
11788005232517966,Skoda,Fabia,2003,Petrol,Manual,86,245647,1200.0,https://www.mobile.bg/obiava-11788005232517966-skoda-fabia
11784194603777018,Skoda,Fabia,2003,Diesel,Manual,64,194500,1250.0,https://www.mobile.bg/obiava-11784194603777018-skoda-fabia-1-9-sdi
11789286905424437,Skoda,Fabia,2004,Diesel,Manual,101,325000,1299.0,https://www.mobile.bg/obiava-11789286905424437-skoda-fabia
11790519855968652,Skoda,Fabia,2003,Petrol,Manual,67,263000,1300.0,https://www.mobile.bg/obiava-11790519855968652-skoda-fabia
11789907781210562,Skoda,Fabia,2001,Diesel,Manual,75,257000,1300.0,https://www.mobile.bg/obiava-11789907781210562-skoda-fabia-1-9
11790362821334358,Skoda,Fabia,2004,Diesel,Manual,65,245000,1300.0,https://www.mobile.bg/obiava-11790362821334358-skoda-fabia-sdi
11780859867316110,Skoda,Fabia,2004,Petrol,Manual,47,196000,1300.0,https://www.mobile.bg/obiava-11780859867316110-skoda-fabia-1-2-htp
11776966914563026,Skoda,Fabia,2007,Petrol,Manual,60,190000,1350.0,https://www.mobile.bg/obiava-11776966914563026-skoda-fabia
11789981214170460,Skoda,Fabia,2004,Petrol,Manual,75,230000,1399.0,https://www.mobile.bg/obiava-11789981214170460-skoda-fabia
11790577810105087,Skoda,Fabia,2006,Petrol,Manual,60,190000,1400.0,https://www.mobile.bg/obiava-11790577810105087-skoda-fabia-1-2
11779476016686688,Skoda,Fabia,2001,Diesel,Manual,101,321000,1400.0,https://www.mobile.bg/obiava-11779476016686688-skoda-fabia
11748853448833881,Skoda,Fabia,2005,Diesel,Manual,90,246189,1400.0,https://www.mobile.bg/obiava-11748853448833881-skoda-fabia-1-4
11754916696033394,Skoda,Fabia,2001,Petrol,Manual,101,270000,1400.0,https://www.mobile.bg/obiava-11754916696033394-skoda-fabia-1-4-16v-comfort
11789894715179932,Skoda,Fabia,2009,Petrol,Manual,86,216000,1450.0,https://www.mobile.bg/obiava-11789894715179932-skoda-fabia-1-4i-klima
11784218334572220,Skoda,Fabia,2002,Petrol,Manual,101,214000,1490.0,https://www.mobile.bg/obiava-11784218334572220-skoda-fabia
11789295678074381,Skoda,Fabia,2007,Diesel,Manual,105,234000,1499.0,https://www.mobile.bg/obiava-11789295678074381-skoda-fabia-1-9tdi
11720544618465914,Skoda,Fabia,2004,Petrol,Manual,75,140000,1499.0,https://www.mobile.bg/obiava-11720544618465914-skoda-fabia-1-400-euro4
11790087224863658,Skoda,Fabia,2001,Petrol,Manual,68,194000,1500.0,https://www.mobile.bg/obiava-11790087224863658-skoda-fabia-1-4-mpi
11785855216195620,Skoda,Fabia,2011,Diesel,Manual,90,445000,1500.0,https://www.mobile.bg/obiava-11785855216195620-skoda-fabia
11787507713531419,Skoda,Fabia,2001,Diesel,Manual,68,288000,1500.0,https://www.mobile.bg/obiava-11787507713531419-skoda-fabia
11789307837401985,Skoda,Fabia,2003,Diesel,Manual,90,250000,1500.0,https://www.mobile.bg/obiava-11789307837401985-skoda-fabia
11790668060725562,Skoda,Fabia,2001,Petrol,Manual,62,235497,1540.0,https://www.mobile.bg/obiava-11790668060725562-skoda-fabia
11789457045160092,Skoda,Fabia,2001,Petrol,Manual,75,174000,1550.0,https://www.mobile.bg/obiava-11789457045160092-skoda-fabia-1-4-16v
11782673427891522,Skoda,Fabia,2002,Petrol,Manual,67,261000,1600.0,https://www.mobile.bg/obiava-11782673427891522-skoda-fabia-agu
11780351874250186,Skoda,Fabia,2007,Diesel,Manual,101,199000,1600.0,https://www.mobile.bg/obiava-11780351874250186-skoda-fabia
11789751679379282,Skoda,Fabia,2002,Diesel,Manual,70,277805,1650.0,https://www.mobile.bg/obiava-11789751679379282-skoda-fabia-1-9sdi
11789926035070978,Skoda,Fabia,2006,Diesel,Manual,75,280000,1650.0,https://www.mobile.bg/obiava-11789926035070978-skoda-fabia
11743663009620998,Skoda,Fabia,2003,Petrol,Automatic,75,192924,1687.26,https://www.mobile.bg/obiava-11743663009620998-skoda-fabia-1-4i-avtomatik
11771357254186006,Skoda,Fabia,2009,Petrol,Manual,69,251000,1700.0,https://www.mobile.bg/obiava-11771357254186006-skoda-fabia-benzin-italiya-top
11663500796860017,Skoda,Fabia,2007,Petrol,Manual,69,245000,1750.0,https://www.mobile.bg/obiava-11663500796860017-skoda-fabia-1-2-htp-69-k-s
11782726147275443,Skoda,Fabia,2003,Diesel,Manual,101,450000,1750.0,https://www.mobile.bg/obiava-11782726147275443-skoda-fabia
11785574031946492,Skoda,Fabia,2003,Diesel,Manual,101,390000,1750.0,https://www.mobile.bg/obiava-11785574031946492-skoda-fabia-kombi
11789392301612610,Skoda,Fabia,2006,Petrol,Manual,54,154000,1750.0,https://www.mobile.bg/obiava-11789392301612610-skoda-fabia
11715355692673543,Skoda,Fabia,2009,Petrol,Manual,85,240398,1800.0,https://www.mobile.bg/obiava-11715355692673543-skoda-fabia-cool-edition
11790769922645218,Skoda,Fabia,2009,Petrol,Manual,60,189712,1800.0,https://www.mobile.bg/obiava-11790769922645218-skoda-fabia-1-2-klimatik
11789734191750065,Skoda,Fabia,2004,Diesel,Manual,75,264000,1800.0,https://www.mobile.bg/obiava-11789734191750065-skoda-fabia
11758761240054919,Skoda,Fabia,2006,Petrol,Manual,75,132000,1800.0,https://www.mobile.bg/obiava-11758761240054919-skoda-fabia-1-4i-klima
11788780913178457,Skoda,Fabia,2008,Diesel,Manual,80,143538,1800.0,https://www.mobile.bg/obiava-11788780913178457-skoda-fabia-6y2
11743150056469570,Skoda,Fabia,2008,Petrol,Manual,70,170000,1850.0,https://www.mobile.bg/obiava-11743150056469570-skoda-fabia-1-2-klima
11723025016876984,Skoda,Fabia,2012,Petrol,Manual,60,169000,1899.0,https://www.mobile.bg/obiava-11723025016876984-skoda-fabia-1-2i-klimatik
11789392984181274,Skoda,Fabia,2009,Petrol,Manual,85,110889,1900.0,https://www.mobile.bg/obiava-11789392984181274-skoda-fabia-combi-cool-edition
11789814189491747,Skoda,Fabia,2007,Petrol,Manual,54,82800,1900.0,https://www.mobile.bg/obiava-11789814189491747-skoda-fabia-1-2-benzin
11788299693086787,Skoda,Fabia,2008,Petrol,Manual,60,275500,1900.0,https://www.mobile.bg/obiava-11788299693086787-skoda-fabia-1-2i
11738943741530108,Skoda,Fabia,2005,Diesel,Manual,64,238140,1900.0,https://www.mobile.bg/obiava-11738943741530108-skoda-fabia
11781791563891840,Skoda,Fabia,2012,Petrol,Manual,69,160000,1950.0,https://www.mobile.bg/obiava-11781791563891840-skoda-fabia-1-2
11742993974017062,Skoda,Fabia,2004,Diesel,Manual,75,200000,1999.0,https://www.mobile.bg/obiava-11742993974017062-skoda-fabia-1-4d-75hp
11788874427697244,Skoda,Fabia,2008,Diesel,Manual,105,476000,1999.0,https://www.mobile.bg/obiava-11788874427697244-skoda-fabia-1-9d-105-k-s
11602561422735972,Skoda,Fabia,2003,Petrol,Manual,65,210000,1999.0,https://www.mobile.bg/obiava-11602561422735972-skoda-fabia-1-2
11746695072333368,Skoda,Fabia,2021,Petrol,Manual,95,21000,1999.0,https://www.mobile.bg/obiava-11746695072333368-skoda-fabia
11790531357848744,Skoda,Fabia,2004,Petrol,Manual,101,212000,2000.0,https://www.mobile.bg/obiava-11790531357848744-skoda-fabia-1-4-16v-101-k-s
11786871936500256,Skoda,Fabia,2008,Petrol,Manual,86,252505,2000.0,https://www.mobile.bg/obiava-11786871936500256-skoda-fabia-ambiente
11752251329304039,Skoda,Fabia,2001,Diesel,Manual,64,380000,2000.0,https://www.mobile.bg/obiava-11752251329304039-skoda-fabia
11772986312468781,Skoda,Fabia,2012,Petrol,Manual,60,420000,2000.0,https://www.mobile.bg/obiava-11772986312468781-skoda-fabia
11789998108150375,Skoda,Fabia,2004,Petrol,Manual,75,242000,2000.0,https://www.mobile.bg/obiava-11789998108150375-skoda-fabia-excellent
11789633476360065,Skoda,Fabia,2005,Diesel,Manual,75,190000,2000.0,https://www.mobile.bg/obiava-11789633476360065-skoda-fabia
11784737810815404,Skoda,Fabia,2008,Petrol,Manual,90,264000,2000.0,https://www.mobile.bg/obiava-11784737810815404-skoda-fabia
11788932340178029,Skoda,Fabia,2000,Petrol,Manual,75,165000,2000.0,https://www.mobile.bg/obiava-11788932340178029-skoda-fabia
11789191967339779,Skoda,Fabia,2013,Diesel,Manual,90,144600,1700.0,https://www.mobile.bg/obiava-11789191967339779-skoda-fabia-1-6-tdi
11771324812875816,Skoda,Fabia,2005,Diesel,Manual,64,218450,2050.0,https://www.mobile.bg/obiava-11771324812875816-skoda-fabia-1-9-sdi
11777961315418730,Skoda,Fabia,2001,Diesel,Manual,100,269000,2099.0,https://www.mobile.bg/obiava-11777961315418730-skoda-fabia
11790791783983359,Skoda,Fabia,2001,Diesel,Manual,68,230868,2100.0,https://www.mobile.bg/obiava-11790791783983359-skoda-fabia
11771611935604630,Skoda,Fabia,2009,Diesel,Manual,105,225000,2100.0,https://www.mobile.bg/obiava-11771611935604630-skoda-fabia-1-9-tdi
11720590207731868,Skoda,Fabia,2009,Petrol,Manual,69,235000,2100.0,https://www.mobile.bg/obiava-11720590207731868-skoda-fabia-1-2-gazov-inzhektsion
11765134976637713,Skoda,Fabia,2011,Gas/LPG,Manual,75,244000,1750.0,https://www.mobile.bg/obiava-11765134976637713-skoda-fabia-fabiya1-2
11788464097532365,Skoda,Fabia,2006,Diesel,Manual,105,241939,2150.0,https://www.mobile.bg/obiava-11788464097532365-skoda-fabia-1-9tdi
11785695687588379,Skoda,Fabia,2006,Petrol,Manual,64,222000,2199.0,https://www.mobile.bg/obiava-11785695687588379-skoda-fabia-1-2-12v-64-k-s-47-kw
11786031244885869,Skoda,Fabia,2007,Diesel,Manual,100,199000,2200.0,https://www.mobile.bg/obiava-11786031244885869-skoda-fabia
11784631170113298,Skoda,Fabia,2012,Diesel,Manual,75,300000,2200.0,https://www.mobile.bg/obiava-11784631170113298-skoda-fabia-1-2
11788858096817149,Skoda,Fabia,2010,Petrol,Manual,69,182500,1900.0,https://www.mobile.bg/obiava-11788858096817149-skoda-fabia
11774991223903826,Skoda,Fabia,2011,Petrol,Manual,70,160000,2290.0,https://www.mobile.bg/obiava-11774991223903826-skoda-fabia-1-2i-facelift
11727438425937133,Skoda,Fabia,2002,Diesel,Manual,101,175381,2300.0,https://www.mobile.bg/obiava-11727438425937133-skoda-fabia-1-9tdi-101k-s
11787915512647445,Skoda,Fabia,2003,Diesel,Manual,101,230000,2300.0,https://www.mobile.bg/obiava-11787915512647445-skoda-fabia-hechbek
11790615479718606,Skoda,Fabia,2009,Petrol,Manual,86,196000,2300.0,https://www.mobile.bg/obiava-11790615479718606-skoda-fabia-1-4-benzin-86-k-s
11789326855483132,Skoda,Fabia,2007,Petrol,Manual,69,176000,2300.0,https://www.mobile.bg/obiava-11789326855483132-skoda-fabia
11727978374991314,Skoda,Fabia,2004,Petrol,Manual,64,126600,2300.0,https://www.mobile.bg/obiava-11727978374991314-skoda-fabia
11662895906608082,Skoda,Fabia,2002,Diesel,Manual,101,290000,2300.0,https://www.mobile.bg/obiava-11662895906608082-skoda-fabia-1
11758361002535016,Skoda,Fabia,2010,Petrol,Manual,70,176000,2300.0,https://www.mobile.bg/obiava-11758361002535016-skoda-fabia-1-2i-htp
11788252663810654,Skoda,Fabia,2001,Petrol,Manual,101,126000,2400.0,https://www.mobile.bg/obiava-11788252663810654-skoda-fabia-1-4i-16v-126-000km
11770887652957103,Skoda,Fabia,2002,Diesel,Manual,101,230000,2000.0,https://www.mobile.bg/obiava-11770887652957103-skoda-fabia-1-9td
11775034784059726,Skoda,Fabia,2006,Diesel,Manual,76,167000,2400.0,https://www.mobile.bg/obiava-11775034784059726-skoda-fabia
11786705155359093,Skoda,Fabia,2008,Petrol,Manual,80,180400,2490.0,https://www.mobile.bg/obiava-11786705155359093-skoda-fabia-1-4i-vrs
11785845365167837,Skoda,Fabia,2009,Petrol,Manual,105,190000,2492.0,https://www.mobile.bg/obiava-11785845365167837-skoda-fabia-1-6i-105ks-2009g-topsastoyanie
11781759452041037,Skoda,Fabia,2010,Diesel,Manual,82,240000,2499.0,https://www.mobile.bg/obiava-11781759452041037-skoda-fabia
11780007114553547,Skoda,Fabia,2003,Gas/LPG,Manual,64,267000,2499.0,https://www.mobile.bg/obiava-11780007114553547-skoda-fabia-1-2-benzin-lpg
11787995642218990,Skoda,Fabia,2010,Petrol,Manual,56,139000,2500.0,https://www.mobile.bg/obiava-11787995642218990-skoda-fabia
11789402545520908,Skoda,Fabia,2010,Petrol,Manual,60,289890,2500.0,https://www.mobile.bg/obiava-11789402545520908-skoda-fabia-1-2-benzin-gaz
11785049004653765,Skoda,Fabia,2004,Diesel,Manual,101,265000,2500.0,https://www.mobile.bg/obiava-11785049004653765-skoda-fabia
11774674252405028,Skoda,Fabia,2011,Diesel,Manual,85,224000,2600.0,https://www.mobile.bg/obiava-11774674252405028-skoda-fabia-1-4-tdi
11789841014242569,Skoda,Fabia,2008,Petrol,Manual,77,166773,2600.0,https://www.mobile.bg/obiava-11789841014242569-skoda-fabia-1-6
11772882202216607,Skoda,Fabia,2009,Diesel,Manual,75,180000,2650.0,https://www.mobile.bg/obiava-11772882202216607-skoda-fabia
11772907091680787,Skoda,Fabia,2013,Diesel,Manual,75,254000,2700.0,https://www.mobile.bg/obiava-11772907091680787-skoda-fabia-green-line
11764540545007523,Skoda,Fabia,2012,Diesel,Manual,90,210000,2720.0,https://www.mobile.bg/obiava-11764540545007523-skoda-fabia
11763665082166310,Skoda,Fabia,2011,Diesel,Manual,75,182000,2755.0,https://www.mobile.bg/obiava-11763665082166310-skoda-fabia-1-2tdi-2011
11787321113161301,Skoda,Fabia,2008,Petrol,Manual,85,212000,2799.0,https://www.mobile.bg/obiava-11787321113161301-skoda-fabia-1-4i-rs-klimatronik-podgrev-85ks
11789500371065074,Skoda,Fabia,2012,Petrol,Manual,69,254000,2799.0,https://www.mobile.bg/obiava-11789500371065074-skoda-fabia-htp-1-2-brc-gaz-germaniya-novi-zimni-gumi
11739287561428369,Skoda,Fabia,2011,Petrol,Manual,70,123900,2800.0,https://www.mobile.bg/obiava-11739287561428369-skoda-fabia-123000km
11786087498623004,Skoda,Fabia,2009,Diesel,Manual,75,290000,2800.0,https://www.mobile.bg/obiava-11786087498623004-skoda-fabia-1-4-tdi-perfektna
11788955796434983,Skoda,Fabia,2014,Petrol,Manual,70,161000,2800.0,https://www.mobile.bg/obiava-11788955796434983-skoda-fabia-1-2-klimatik-realni-kilometri
11685031706957385,Skoda,Fabia,2010,Petrol,Manual,60,224683,2800.0,https://www.mobile.bg/obiava-11685031706957385-skoda-fabia
11790347431882174,Skoda,Fabia,2008,Petrol,Manual,70,213000,2800.0,https://www.mobile.bg/obiava-11790347431882174-skoda-fabia-1-2i
11764946080095853,Skoda,Fabia,2009,Petrol,Manual,60,166197,2815.0,https://www.mobile.bg/obiava-11764946080095853-skoda-fabia-1-2i
11789742861824486,Skoda,Fabia,2013,Diesel,Manual,75,235000,2900.0,https://www.mobile.bg/obiava-11789742861824486-skoda-fabia-1-2tdi
11760460550753528,Skoda,Fabia,2007,Diesel,Manual,70,117000,2950.0,https://www.mobile.bg/obiava-11760460550753528-skoda-fabia-1-4hdi
11789651847023240,Skoda,Fabia,2010,Diesel,Manual,75,210000,2950.0,https://www.mobile.bg/obiava-11789651847023240-skoda-fabia-1-4tdi
11786458687656014,Skoda,Fabia,2008,Diesel,Manual,80,229800,2990.0,https://www.mobile.bg/obiava-11786458687656014-skoda-fabia-combi-1-4tdi-80ps
11785948955260883,Skoda,Fabia,2007,Petrol,Manual,70,118000,3000.0,https://www.mobile.bg/obiava-11785948955260883-skoda-fabia-1-2-mpi
11788616718293735,Skoda,Fabia,2003,Diesel,Manual,100,126611,3000.0,https://www.mobile.bg/obiava-11788616718293735-skoda-fabia-1-9-tdi
11789582029707162,Skoda,Fabia,2011,Diesel,Manual,75,270000,3100.0,https://www.mobile.bg/obiava-11789582029707162-skoda-fabia
11789404068108823,Skoda,Fabia,2011,Diesel,Manual,75,270000,3100.0,https://www.mobile.bg/obiava-11789404068108823-skoda-fabia-kombi
11787813865682891,Skoda,Fabia,2014,Petrol,Manual,70,200000,3200.0,https://www.mobile.bg/obiava-11787813865682891-skoda-fabia-1-2-mpi
11773066213535063,Skoda,Fabia,2011,Petrol,Automatic,105,159398,3200.0,https://www.mobile.bg/obiava-11773066213535063-skoda-fabia-1-6i-automatic
11788794331678665,Skoda,Fabia,2010,Petrol,Manual,75,142520,3200.0,https://www.mobile.bg/obiava-11788794331678665-skoda-fabia
11756199495938259,Skoda,Fabia,2013,Diesel,Manual,90,434721,3256.0,https://www.mobile.bg/obiava-11756199495938259-skoda-fabia
11789323178913312,Skoda,Fabia,2011,Diesel,Manual,90,122000,3300.0,https://www.mobile.bg/obiava-11789323178913312-skoda-fabia
11789484174500979,Skoda,Fabia,2013,Petrol,Manual,86,171551,3300.0,https://www.mobile.bg/obiava-11789484174500979-skoda-fabia-1-2i-lizing-realni-kilometri-servizni-dokument
11785940720746852,Skoda,Fabia,2011,Petrol,Manual,69,165000,3300.0,https://www.mobile.bg/obiava-11785940720746852-skoda-fabia-1-2i-klimatik
11788808888708436,Skoda,Fabia,2013,Diesel,Manual,75,318000,3333.0,https://www.mobile.bg/obiava-11788808888708436-skoda-fabia-1-2tdi
11788352804058184,Skoda,Fabia,2011,Diesel,Manual,105,153000,3333.0,https://www.mobile.bg/obiava-11788352804058184-skoda-fabia-1-6-dizel
11778220196933907,Skoda,Fabia,2009,Diesel,Manual,101,166000,3445.0,https://www.mobile.bg/obiava-11778220196933907-skoda-fabia-tdi
11768914319513545,Skoda,Fabia,2007,Petrol,Automatic,75,171751,3476.0,https://www.mobile.bg/obiava-11768914319513545-skoda-fabia-nov-vnos-ot-germaniya-avtomat
11787392269384130,Skoda,Fabia,2009,Gas/LPG,Manual,70,146000,3500.0,https://www.mobile.bg/obiava-11787392269384130-skoda-fabia
11780823852388099,Skoda,Fabia,2014,Diesel,Manual,90,145000,3500.0,https://www.mobile.bg/obiava-11780823852388099-skoda-fabia-1-6-tdi
11744883831370104,Skoda,Fabia,2009,Petrol,Manual,86,152000,3500.0,https://www.mobile.bg/obiava-11744883831370104-skoda-fabia-1-4i-gazov-inzhektsion-italiya
11774007668932001,Skoda,Fabia,2009,Diesel,Manual,105,183000,3500.0,https://www.mobile.bg/obiava-11774007668932001-skoda-fabia-1-9tdi-105ps-183000km
11694424456355252,Skoda,Fabia,2011,Diesel,Manual,75,195000,3527.91,https://www.mobile.bg/obiava-11694424456355252-skoda-fabia-1-6d
11789539910057792,Skoda,Fabia,2012,Petrol,Manual,86,165550,3650.0,https://www.mobile.bg/obiava-11789539910057792-skoda-fabia
11781449707050336,Skoda,Fabia,2008,Petrol,Manual,86,155000,3690.0,https://www.mobile.bg/obiava-11781449707050336-skoda-fabia
11755675834864320,Skoda,Fabia,2010,Diesel,Manual,90,220000,3699.0,https://www.mobile.bg/obiava-11755675834864320-skoda-fabia-1-6-tdi
11779960260214180,Skoda,Fabia,2007,Petrol,Manual,60,181000,3700.0,https://www.mobile.bg/obiava-11779960260214180-skoda-fabia-1-2-60-k-s-2007g-1-vi-sobstvenik
11786519972118809,Skoda,Fabia,2014,Diesel,Automatic,90,267000,3700.0,https://www.mobile.bg/obiava-11786519972118809-skoda-fabia-1-6-tdi-dsg
11762378055101136,Skoda,Fabia,2011,Petrol,Manual,60,192764,3730.0,https://www.mobile.bg/obiava-11762378055101136-skoda-fabia-gaz
11756318366942173,Skoda,Fabia,2005,Diesel,Manual,131,262000,3800.0,https://www.mobile.bg/obiava-11756318366942173-skoda-fabia
11777461021380823,Skoda,Fabia,2012,Diesel,Manual,89,199470,3800.0,https://www.mobile.bg/obiava-11777461021380823-skoda-fabia
11789126295888112,Skoda,Fabia,2012,Petrol,Manual,86,236000,3850.0,https://www.mobile.bg/obiava-11789126295888112-skoda-fabia
11789665104355385,Skoda,Fabia,2008,Petrol,Manual,105,206000,3890.0,https://www.mobile.bg/obiava-11789665104355385-skoda-fabia-1-6i
11786195936303790,Skoda,Fabia,2008,Diesel,Manual,80,157000,3900.0,https://www.mobile.bg/obiava-11786195936303790-skoda-fabia
11788283081270540,Skoda,Fabia,2013,Petrol,Manual,70,206000,3999.0,https://www.mobile.bg/obiava-11788283081270540-skoda-fabia-1-2-htp-70-facelift
11745352648391304,Skoda,Fabia,2009,Petrol,Manual,75,165000,3999.0,https://www.mobile.bg/obiava-11745352648391304-skoda-fabia-1-2-75-k-s-gazov-inzhektsion
11783656695665650,Skoda,Fabia,2014,Diesel,Manual,75,199999,3999.0,https://www.mobile.bg/obiava-11783656695665650-skoda-fabia-1-6-tdi-75-kc
11788778812750643,Skoda,Fabia,2014,Diesel,Manual,105,191000,4000.0,https://www.mobile.bg/obiava-11788778812750643-skoda-fabia-1-6tdi-facelift
11778736108315298,Skoda,Fabia,2012,Petrol,Manual,60,224400,4098.0,https://www.mobile.bg/obiava-11778736108315298-skoda-fabia-1-2i-face-euro-5
11752761052790390,Skoda,Fabia,2015,Diesel,Manual,90,326000,4199.0,https://www.mobile.bg/obiava-11752761052790390-skoda-fabia
11789196684319617,Skoda,Fabia,2013,Petrol,Manual,86,350000,4200.0,https://www.mobile.bg/obiava-11789196684319617-skoda-fabia-1-2-tsi-86k-s
11649581521937943,Skoda,Fabia,2012,Diesel,Manual,90,198000,4450.0,https://www.mobile.bg/obiava-11649581521937943-skoda-fabia-1-6-tdi
11782580507303146,Skoda,Fabia,2015,Diesel,Manual,90,207000,4455.0,https://www.mobile.bg/obiava-11782580507303146-skoda-fabia-1-4tdi-90k-s-klima
11778850895777855,Skoda,Fabia,2016,Diesel,Manual,105,280000,4500.0,https://www.mobile.bg/obiava-11778850895777855-skoda-fabia-1-4-tdi
11785937836670840,Skoda,Fabia,2016,Petrol,Manual,75,278000,4500.0,https://www.mobile.bg/obiava-11785937836670840-skoda-fabia
11787973512403981,Skoda,Fabia,2012,Diesel,Manual,75,145000,3800.0,https://www.mobile.bg/obiava-11787973512403981-skoda-fabia
11777120812224259,Skoda,Fabia,2013,Diesel,Manual,105,113600,4600.0,https://www.mobile.bg/obiava-11777120812224259-skoda-fabia-1-6tdi
11764055312333227,Skoda,Fabia,2016,Diesel,Manual,75,147000,4650.0,https://www.mobile.bg/obiava-11764055312333227-skoda-fabia-1-4-tdi-klimatik-nov-vnos
11764327816061826,Skoda,Fabia,2013,Diesel,Manual,90,173000,4699.0,https://www.mobile.bg/obiava-11764327816061826-skoda-fabia-montecarlo-1-6tdi
11788349799595835,Skoda,Fabia,2015,Diesel,Manual,90,230000,4700.0,https://www.mobile.bg/obiava-11788349799595835-skoda-fabia-1-4-tdi
11786737467892698,Skoda,Fabia,2004,Diesel,Manual,131,266400,4700.0,https://www.mobile.bg/obiava-11786737467892698-skoda-fabia-vrs-1-9-tdi
11780854488674891,Skoda,Fabia,2015,Petrol,Manual,60,167000,4790.0,https://www.mobile.bg/obiava-11780854488674891-skoda-fabia
11782635030757160,Skoda,Fabia,2014,Diesel,Manual,75,150000,4800.0,https://www.mobile.bg/obiava-11782635030757160-skoda-fabia
11777011791580587,Skoda,Fabia,2018,Petrol,Manual,60,140000,4800.0,https://www.mobile.bg/obiava-11777011791580587-skoda-fabia
11764768099607100,Skoda,Fabia,2014,Petrol,Automatic,110,217000,4800.0,https://www.mobile.bg/obiava-11764768099607100-skoda-fabia-monte-carlo
11774006036391639,Skoda,Fabia,2014,Diesel,Manual,75,156575,4900.0,https://www.mobile.bg/obiava-11774006036391639-skoda-fabia-1-6-tdi
11784884999307642,Skoda,Fabia,2015,Petrol,Manual,75,205000,4900.0,https://www.mobile.bg/obiava-11784884999307642-skoda-fabia-n1-tovaren-3-1
11789437505235294,Skoda,Fabia,2017,Diesel,Manual,98,212348,4999.0,https://www.mobile.bg/obiava-11789437505235294-skoda-fabia-1-4tdi-98kc
11789982742954959,Skoda,Fabia,2015,Diesel,Manual,90,206000,5000.0,https://www.mobile.bg/obiava-11789982742954959-skoda-fabia
11790182471114486,Skoda,Fabia,2014,Diesel,Manual,75,198000,5100.0,https://www.mobile.bg/obiava-11790182471114486-skoda-fabia-monte-carlo
11790100456838951,Skoda,Fabia,2018,Diesel,Manual,105,280000,5200.0,https://www.mobile.bg/obiava-11790100456838951-skoda-fabia-1-4-td
11789995679305031,Skoda,Fabia,2014,Diesel,Manual,75,186000,5200.0,https://www.mobile.bg/obiava-11789995679305031-skoda-fabia-1-6tdi-monte-carlo
11785789880626500,Skoda,Fabia,2016,Petrol,Manual,90,141000,5290.0,https://www.mobile.bg/obiava-11785789880626500-skoda-fabia-1-2tsi-navi
11781714677759650,Skoda,Fabia,2015,Petrol,Manual,75,197570,5300.0,https://www.mobile.bg/obiava-11781714677759650-skoda-fabia-ambition
11779541703163848,Skoda,Fabia,2016,Petrol,Manual,60,350000,5300.0,https://www.mobile.bg/obiava-11779541703163848-skoda-fabia-1-0
11727590917543248,Skoda,Fabia,2015,Petrol,Manual,90,161000,5300.0,https://www.mobile.bg/obiava-11727590917543248-skoda-fabia-1-2-lpg
11788165177109979,Skoda,Fabia,2017,Petrol,Manual,90,170000,5300.0,https://www.mobile.bg/obiava-11788165177109979-skoda-fabia-1-2
11787789107167820,Skoda,Fabia,2018,Diesel,Manual,90,16800,5400.0,https://www.mobile.bg/obiava-11787789107167820-skoda-fabia
11790795199630788,Skoda,Fabia,2012,Petrol,Automatic,105,115871,5500.0,https://www.mobile.bg/obiava-11790795199630788-skoda-fabia
11789565151364341,Skoda,Fabia,2016,Diesel,Manual,90,198000,5500.0,https://www.mobile.bg/obiava-11789565151364341-skoda-fabia
11790247716350356,Skoda,Fabia,2016,Diesel,Manual,90,290000,5600.0,https://www.mobile.bg/obiava-11790247716350356-skoda-fabia
11775804208171096,Skoda,Fabia,2017,Petrol,Manual,75,110000,5650.0,https://www.mobile.bg/obiava-11775804208171096-skoda-fabia-1-0mpi-brc-gas
11778096731218600,Skoda,Fabia,2017,Diesel,Manual,90,233000,5699.0,https://www.mobile.bg/obiava-11778096731218600-skoda-fabia-1-4tdi
11786365612821984,Skoda,Fabia,2018,Petrol,Manual,75,178500,5899.0,https://www.mobile.bg/obiava-11786365612821984-skoda-fabia-1-0-mpi
11753945293458583,Skoda,Fabia,2014,Diesel,Manual,90,185200,5899.0,https://www.mobile.bg/obiava-11753945293458583-skoda-fabia-1-6-tdi
11696781908113382,Skoda,Fabia,2017,Diesel,Manual,90,192000,5900.0,https://www.mobile.bg/obiava-11696781908113382-skoda-fabia-1-4tdi-90-k-s-kato-nova
11786474983663169,Skoda,Fabia,2018,Petrol,Manual,95,176000,5900.0,https://www.mobile.bg/obiava-11786474983663169-skoda-fabia-1-0-tsi
11790323868404830,Skoda,Fabia,2012,Petrol,Automatic,105,131574,5900.0,https://www.mobile.bg/obiava-11790323868404830-skoda-fabia
11773392896194986,Skoda,Fabia,2016,Diesel,Manual,75,169999,5999.0,https://www.mobile.bg/obiava-11773392896194986-skoda-fabia-1-4-tdi
11789934413052440,Skoda,Fabia,2012,Petrol,Manual,86,313000,6000.0,https://www.mobile.bg/obiava-11789934413052440-skoda-fabia-1-4-mpi-16v-gi
11782234534886507,Skoda,Fabia,2017,Petrol,Manual,110,164000,6100.0,https://www.mobile.bg/obiava-11782234534886507-skoda-fabia-1-2-tsi-110-k-s
11788096499146247,Skoda,Fabia,2017,Petrol,Manual,75,200000,6100.0,https://www.mobile.bg/obiava-11788096499146247-skoda-fabia-1-0-mpi
11790860737475454,Skoda,Fabia,2015,Diesel,Manual,105,200000,6199.0,https://www.mobile.bg/obiava-11790860737475454-skoda-fabia-1-4-tdi-105-k-s-top
11771175197679322,Skoda,Fabia,2013,Petrol,Automatic,105,46300,6200.0,https://www.mobile.bg/obiava-11771175197679322-skoda-fabia-1-2-tsi
11782803589247656,Skoda,Fabia,2015,Petrol,Manual,66,171000,6200.0,https://www.mobile.bg/obiava-11782803589247656-skoda-fabia
11777030214362093,Skoda,Fabia,2011,Petrol,Automatic,180,191457,6390.0,https://www.mobile.bg/obiava-11777030214362093-skoda-fabia-1-4t-rs-avtomatik-shveytsariya-limited-edition
11659211519148147,Skoda,Fabia,2016,Diesel,Manual,90,87000,6400.0,https://www.mobile.bg/obiava-11659211519148147-skoda-fabia-1-4tdi-euro6-kato-nova
11762326500812855,Skoda,Fabia,2012,Petrol,Automatic,180,149000,6500.0,https://www.mobile.bg/obiava-11762326500812855-skoda-fabia-vrs-180kc-swiss
11766527932809352,Skoda,Fabia,2016,Petrol,Manual,90,149500,6500.0,https://www.mobile.bg/obiava-11766527932809352-skoda-fabia-1-2-tsi-active-nj3
11787839575520192,Skoda,Fabia,2019,Petrol,Manual,95,270860,6500.0,https://www.mobile.bg/obiava-11787839575520192-skoda-fabia-1-0-tsi-95k-s
11789810550879526,Skoda,Fabia,2015,Petrol,Manual,110,269488,6500.0,https://www.mobile.bg/obiava-11789810550879526-skoda-fabia-1-2tsi-4-tsilindara
11774877000355380,Skoda,Fabia,2018,Petrol,Manual,75,99000,6500.0,https://www.mobile.bg/obiava-11774877000355380-skoda-fabia
11787768176440795,Skoda,Fabia,2011,Petrol,Automatic,180,193660,6500.0,https://www.mobile.bg/obiava-11787768176440795-skoda-fabia-vrs-1-4t-dsg-180hp-limitededition-66-110
11789362221763253,Skoda,Fabia,2017,Petrol,Manual,90,78000,6699.0,https://www.mobile.bg/obiava-11789362221763253-skoda-fabia-1-2-tsi-90-p-s-ot-balgariya
11786218240577052,Skoda,Fabia,2014,Petrol,Manual,70,120500,6700.0,https://www.mobile.bg/obiava-11786218240577052-skoda-fabia-benzin-gaz
11789501969371985,Skoda,Fabia,2016,Petrol,Manual,110,138000,6800.0,https://www.mobile.bg/obiava-11789501969371985-skoda-fabia-1-2-4-tsilindara
11745842369579700,Skoda,Fabia,2018,Petrol,Manual,94,183426,6800.0,https://www.mobile.bg/obiava-11745842369579700-skoda-fabia
11787309573737239,Skoda,Fabia,2016,Petrol,Manual,90,112700,6800.0,https://www.mobile.bg/obiava-11787309573737239-skoda-fabia
11786363489508433,Skoda,Fabia,2019,Petrol,Manual,75,141000,6899.0,https://www.mobile.bg/obiava-11786363489508433-skoda-fabia-1-0-mpi
11738841321322506,Skoda,Fabia,2018,Petrol,Manual,75,126095,6900.0,https://www.mobile.bg/obiava-11738841321322506-skoda-fabia-2018g-euro-6
11776423130923058,Skoda,Fabia,2015,Diesel,Manual,90,137100,6900.0,https://www.mobile.bg/obiava-11776423130923058-skoda-fabia-3-ambition-1-4-tdi-combi
11765641563591225,Skoda,Fabia,2019,Petrol,Manual,75,161000,6950.0,https://www.mobile.bg/obiava-11765641563591225-skoda-fabia-1-0mpi-brc-gasfacelift
11790787732318066,Skoda,Fabia,2019,Petrol,Manual,75,92000,7000.0,https://www.mobile.bg/obiava-11790787732318066-skoda-fabia
11790758093398259,Skoda,Fabia,2019,Gas/LPG,Manual,75,240000,7000.0,https://www.mobile.bg/obiava-11790758093398259-skoda-fabia-1-0-mpi
11634213804550483,Skoda,Fabia,2016,Petrol,Manual,60,177000,7055.32,https://www.mobile.bg/obiava-11634213804550483-skoda-fabia-1-0-mpi-bezuprechna
11728569293219988,Skoda,Fabia,2018,Petrol,Manual,75,173802,5900.0,https://www.mobile.bg/obiava-11728569293219988-skoda-fabia-n1-varnat-ot-lizing-euro-6b
11787830136318371,Skoda,Fabia,2017,Petrol,Manual,75,81000,7150.0,https://www.mobile.bg/obiava-11787830136318371-skoda-fabia-1-0
11790842334406288,Skoda,Fabia,2019,Petrol,Manual,95,204000,7300.0,https://www.mobile.bg/obiava-11790842334406288-skoda-fabia-tsi
11780214068854650,Skoda,Fabia,2018,Diesel,Manual,75,181300,7300.0,https://www.mobile.bg/obiava-11780214068854650-skoda-fabia-montecarlo-camera-distronic-obsluzhen
11729148001425069,Skoda,Fabia,2018,Petrol,Manual,75,142750,6084.37,https://www.mobile.bg/obiava-11729148001425069-skoda-fabia-1-0-euro-6b-n1
11751454449614687,Skoda,Fabia,2015,Diesel,Manual,93,80000,7500.0,https://www.mobile.bg/obiava-11751454449614687-skoda-fabia-monte-karlo-turbo
11789825965316856,Skoda,Fabia,2018,Petrol,Manual,75,116216,7600.0,https://www.mobile.bg/obiava-11789825965316856-skoda-fabia-monte-carlo
11780137432309147,Skoda,Fabia,2021,Petrol,Manual,95,187340,7800.0,https://www.mobile.bg/obiava-11780137432309147-skoda-fabia
11782103269551701,Skoda,Fabia,2019,Petrol,Manual,75,50000,7800.0,https://www.mobile.bg/obiava-11782103269551701-skoda-fabia
11778051795302250,Skoda,Fabia,2018,Gas/LPG,Manual,99,243000,7800.0,https://www.mobile.bg/obiava-11778051795302250-skoda-fabia
11787813016304376,Skoda,Fabia,2018,Petrol,Manual,75,93000,7990.0,https://www.mobile.bg/obiava-11787813016304376-skoda-fabia-1-0-gaz-93000km
11778572791506623,Skoda,Fabia,2021,Petrol,Manual,60,63000,7999.0,https://www.mobile.bg/obiava-11778572791506623-skoda-fabia-1-0
11749747398465239,Skoda,Fabia,2017,Diesel,Automatic,90,158000,7999.0,https://www.mobile.bg/obiava-11749747398465239-skoda-fabia-1-4tdi
11787994915818869,Skoda,Fabia,2018,Petrol,Manual,75,115600,8000.0,https://www.mobile.bg/obiava-11787994915818869-skoda-fabia-1-0-mpi
11770818094697277,Skoda,Fabia,2016,Diesel,Automatic,90,76263,8295.0,https://www.mobile.bg/obiava-11770818094697277-skoda-fabia-1-4tdi-dsg-bicolor-ambition
11790845636605289,Skoda,Fabia,2021,Petrol,Manual,70,103000,8400.0,https://www.mobile.bg/obiava-11790845636605289-skoda-fabia-1-0-mri-facelift
11788247100165418,Skoda,Fabia,2020,Petrol,Manual,60,92347,8499.0,https://www.mobile.bg/obiava-11788247100165418-skoda-fabia
11788698069262864,Skoda,Fabia,2019,Petrol,Manual,75,129600,8500.0,https://www.mobile.bg/obiava-11788698069262864-skoda-fabia-mpi-lpg
11782824211741375,Skoda,Fabia,2021,Petrol,Manual,95,98420,8600.0,https://www.mobile.bg/obiava-11782824211741375-skoda-fabia-1-0tsi
11790420647944376,Skoda,Fabia,2016,Petrol,Manual,90,102160,8700.0,https://www.mobile.bg/obiava-11790420647944376-skoda-fabia-joy
11790229534500040,Skoda,Fabia,2019,Petrol,Automatic,110,120000,8900.0,https://www.mobile.bg/obiava-11790229534500040-skoda-fabia-1-0-tsi-automatic-dsg-active
11735853696857097,Skoda,Fabia,2018,Petrol,Automatic,110,76000,8999.0,https://www.mobile.bg/obiava-11735853696857097-skoda-fabia-avtomat
11785427537455116,Skoda,Fabia,2016,Petrol,Manual,75,240000,9000.0,https://www.mobile.bg/obiava-11785427537455116-skoda-fabia
11784105044425048,Skoda,Fabia,2022,Petrol,Automatic,95,176502,9000.0,https://www.mobile.bg/obiava-11784105044425048-skoda-fabia-1-0tsi-95k-c-business-dsg
11745841115980924,Skoda,Fabia,2019,Petrol,Manual,94,98457,9200.0,https://www.mobile.bg/obiava-11745841115980924-skoda-fabia
11790252387635847,Skoda,Fabia,2019,Petrol,Automatic,110,170000,9300.0,https://www.mobile.bg/obiava-11790252387635847-skoda-fabia
11787746038988194,Skoda,Fabia,2021,Petrol,Manual,95,91540,9500.0,https://www.mobile.bg/obiava-11787746038988194-skoda-fabia-1-0-tsi-70-kw-95-k-s-5m
11752166488534529,Skoda,Fabia,2018,Petrol,Manual,75,91000,9500.0,https://www.mobile.bg/obiava-11752166488534529-skoda-fabia-1-0-mpi-lpg
11782634876531762,Skoda,Fabia,2019,Petrol,Manual,75,3490,9650.0,https://www.mobile.bg/obiava-11782634876531762-skoda-fabia-1-0i-3490-km-nova
11731404600989660,Skoda,Fabia,2019,Petrol,Automatic,110,96000,9900.0,https://www.mobile.bg/obiava-11731404600989660-skoda-fabia-dsg-eco-keyless-led-podgrev-kato-nova
11788447374935732,Skoda,Fabia,2016,Petrol,Manual,110,95000,9999.0,https://www.mobile.bg/obiava-11788447374935732-skoda-fabia-1-2-tsi-110hp-6sk
11782901193625971,Skoda,Fabia,2019,Petrol,Manual,110,51000,10000.0,https://www.mobile.bg/obiava-11782901193625971-skoda-fabia-combi
11738007240379782,Skoda,Fabia,2021,Petrol,Manual,60,55000,10500.0,https://www.mobile.bg/obiava-11738007240379782-skoda-fabia
11787035124595614,Skoda,Fabia,2022,Petrol,Manual,95,104112,10500.0,https://www.mobile.bg/obiava-11787035124595614-skoda-fabia-kombi-ambishan-1-0-tsi-70-kw-95-k-s-5m
11788258853036794,Skoda,Fabia,2022,Petrol,Automatic,95,114100,10600.0,https://www.mobile.bg/obiava-11788258853036794-skoda-fabia-ambition-1-0tsi-95k-c-7at
11789023390278208,Skoda,Fabia,2023,Petrol,Manual,80,7000,11000.0,https://www.mobile.bg/obiava-11789023390278208-skoda-fabia-10000
11789570395221064,Skoda,Fabia,2022,Petrol,Automatic,95,114000,11200.0,https://www.mobile.bg/obiava-11789570395221064-skoda-fabia-ambition-1-0tsi-95k-c-7at
11789734315060007,Skoda,Fabia,2022,Petrol,Automatic,95,108000,11400.0,https://www.mobile.bg/obiava-11789734315060007-skoda-fabia-ambition-1-0tsi-95k-c-7at
11789738575835778,Skoda,Fabia,2022,Petrol,Automatic,95,109400,11400.0,https://www.mobile.bg/obiava-11789738575835778-skoda-fabia-ambition-1-0tsi-95k-c-7at
11788605174022050,Skoda,Fabia,2022,Petrol,Automatic,95,109000,11500.0,https://www.mobile.bg/obiava-11788605174022050-skoda-fabia-ambition-1-0tsi-95k-c-7at
11779794598680596,Skoda,Fabia,2022,Petrol,Manual,73,118600,11500.0,https://www.mobile.bg/obiava-11779794598680596-skoda-fabia-2022g-gaz-benzin-1-0-tsi-73k
11733770549154776,Skoda,Fabia,2021,Petrol,Manual,60,116000,9714.55,https://www.mobile.bg/obiava-11733770549154776-skoda-fabia-1-0-mpi
11788605054572558,Skoda,Fabia,2022,Petrol,Automatic,95,101500,11900.0,https://www.mobile.bg/obiava-11788605054572558-skoda-fabia-ambition-1-0tsi-95k-c-7at
11728567861932963,Skoda,Fabia,2021,Petrol,Automatic,95,157905,12500.0,https://www.mobile.bg/obiava-11728567861932963-skoda-fabia-1-0-tsi
11788605234543429,Skoda,Fabia,2022,Petrol,Automatic,95,97200,12500.0,https://www.mobile.bg/obiava-11788605234543429-skoda-fabia-ambition-1-0tsi-95k-c-7at
11785148301293371,Skoda,Fabia,2023,Petrol,Manual,65,17800,12800.0,https://www.mobile.bg/obiava-11785148301293371-skoda-fabia
11790765213685075,Skoda,Fabia,2022,Petrol,Automatic,95,56378,12900.0,https://www.mobile.bg/obiava-11790765213685075-skoda-fabia-1-0-tce-95hp-avtomatik
11788958503697599,Skoda,Fabia,2022,Petrol,Automatic,95,90214,12990.0,https://www.mobile.bg/obiava-11788958503697599-skoda-fabia-1-0-tce-95hp-edc
11790840780419476,Skoda,Fabia,2022,Petrol,Manual,95,135831,13500.0,https://www.mobile.bg/obiava-11790840780419476-skoda-fabia-1-0-tsi-evo-ambition-matrix-distr-135hil-km
11778741408111448,Skoda,Fabia,2022,Petrol,Automatic,110,67000,13999.0,https://www.mobile.bg/obiava-11778741408111448-skoda-fabia-1-0tsi-67000km-avtomat-gaz-benzin-zavodska
11788157208739967,Skoda,Fabia,2023,Gas/LPG,Manual,110,162000,14300.0,https://www.mobile.bg/obiava-11788157208739967-skoda-fabia-1-0-tsi
11787935488929155,Skoda,Fabia,2022,Petrol,Manual,80,25000,14499.0,https://www.mobile.bg/obiava-11787935488929155-skoda-fabia
11789944049883137,Skoda,Fabia,2022,Petrol,Manual,110,22000,14500.0,https://www.mobile.bg/obiava-11789944049883137-skoda-fabia-edition
11787984862115103,Skoda,Fabia,2025,Petrol,Manual,82,4300,15000.0,https://www.mobile.bg/obiava-11787984862115103-skoda-fabia-style
11759828119444299,Skoda,Fabia,2020,Petrol,Manual,95,35000,15000.0,https://www.mobile.bg/obiava-11759828119444299-skoda-fabia-ambitious-1-0-tsi-95-pa-35000km
11783682147238724,Skoda,Fabia,2023,Petrol,Automatic,150,42000,19500.0,https://www.mobile.bg/obiava-11783682147238724-skoda-fabia-monte-carlo
11790610862784006,Skoda,Superb,2013,Diesel,Manual,115,315000,4500.0,https://www.mobile.bg/obiava-11790610862784006-skoda-superb
11790340496433429,Skoda,Superb,2008,Diesel,Automatic,170,276000,5900.0,https://www.mobile.bg/obiava-11790340496433429-skoda-superb
11772791854490073,Skoda,Superb,2017,Diesel,Automatic,150,247000,9999.0,https://www.mobile.bg/obiava-11772791854490073-skoda-superb-2-0tdi-150-ks-sobstven-lizing
11786355001005368,Skoda,Superb,2020,Diesel,Manual,150,265000,10900.0,https://www.mobile.bg/obiava-11786355001005368-skoda-superb-led-top-tsena-2-0tdi-perfekten
11788853322290593,Skoda,Superb,2019,Diesel,Manual,150,285000,14600.0,https://www.mobile.bg/obiava-11788853322290593-skoda-superb-superb-3-laurin-klement
11784233766298991,Skoda,Superb,2015,Diesel,Automatic,190,157000,15900.0,https://www.mobile.bg/obiava-11784233766298991-skoda-superb-2-0tdi-190ks-laurent-klement-dsg-panorama
11790487269774196,Skoda,Superb,2022,Diesel,Automatic,150,157000,16000.0,https://www.mobile.bg/obiava-11790487269774196-skoda-superb-2-0tdi-virtual-keyless-kamera
11788238639368603,Skoda,Superb,2017,Diesel,Automatic,190,181000,16899.0,https://www.mobile.bg/obiava-11788238639368603-skoda-superb-2-0-tdi
11771590452674884,Skoda,Superb,2018,Diesel,Automatic,190,187044,16900.0,https://www.mobile.bg/obiava-11771590452674884-skoda-superb-2-0-tdi-4x4-automatic
11769360113234012,Skoda,Superb,2021,Diesel,Automatic,150,206000,17600.0,https://www.mobile.bg/obiava-11769360113234012-skoda-superb
11789243206241349,Skoda,Superb,2018,Diesel,Automatic,150,94000,16399.0,https://www.mobile.bg/obiava-11789243206241349-skoda-superb-obsluzhena
11768061271411394,Skoda,Superb,2018,Diesel,Automatic,190,167000,19900.0,https://www.mobile.bg/obiava-11768061271411394-skoda-superb-2-0tdi-dsg-parkpilot-4x4-aircare-podgrev
11790264669236411,Skoda,Superb,2019,Diesel,Automatic,190,215000,19999.0,https://www.mobile.bg/obiava-11790264669236411-skoda-superb-2-0-tdi-l-k-4x4-bez-analog-unikat
11766032536260321,Skoda,Superb,2020,Diesel,Automatic,190,229000,19999.0,https://www.mobile.bg/obiava-11766032536260321-skoda-superb-2-0tdi-sportline-alcantara-distronic-obsluzhena
11784832130021067,Skoda,Superb,2019,Diesel,Manual,150,94500,21500.0,https://www.mobile.bg/obiava-11784832130021067-skoda-superb-2-0tdi-94x-km-euro6
11786365132936975,Skoda,Superb,2022,Diesel,Automatic,150,115000,21800.0,https://www.mobile.bg/obiava-11786365132936975-skoda-superb-sportline-2-0-tdi-alcantara
11783604413839099,Skoda,Superb,2020,Diesel,Automatic,190,160078,22360.0,https://www.mobile.bg/obiava-11783604413839099-skoda-superb-l-k-a-t-190ks
11783698525508962,Skoda,Superb,2020,Diesel,Automatic,190,176500,23900.0,https://www.mobile.bg/obiava-11783698525508962-skoda-superb-2-0tdi-4x4-scout-dsg-podgrev-kamera-virtual-distro
11763309836694037,Skoda,Superb,2022,Diesel,Automatic,200,122500,24900.0,https://www.mobile.bg/obiava-11763309836694037-skoda-superb-2-0tdi-4x4-aircare-podgrev-distronik-ambition
11763309860441233,Skoda,Superb,2022,Diesel,Automatic,200,122500,24900.0,https://www.mobile.bg/obiava-11763309860441233-skoda-superb-2-0tdi-4x4-aircare-podgrev-distronik-ambition
11785326578448000,Skoda,Superb,2021,Diesel,Automatic,150,71990,24995.0,https://www.mobile.bg/obiava-11785326578448000-skoda-superb-2-0tdi-facelift-laurin-klement
11770969201404105,Skoda,Superb,2020,Diesel,Automatic,200,128000,25000.0,https://www.mobile.bg/obiava-11770969201404105-skoda-superb
11768978882678963,Skoda,Superb,2020,Diesel,Automatic,190,70000,26500.0,https://www.mobile.bg/obiava-11768978882678963-skoda-superb-l-k-2-0tdi-190ks-kombi
11744304007224639,Skoda,Superb,2021,Diesel,Automatic,200,117501,26760.0,https://www.mobile.bg/obiava-11744304007224639-skoda-superb-s-garantsiya-2-0tdi-a-t-200ks
11786808998315533,Skoda,Superb,2021,Diesel,Automatic,200,128000,27900.0,https://www.mobile.bg/obiava-11786808998315533-skoda-superb-2-0tdi-dsg-4x4-virtual-ambient-kamera-memory
11765980346256176,Skoda,Superb,2025,Hybrid,Automatic,204,13348,34700.0,https://www.mobile.bg/obiava-11765980346256176-skoda-superb-1-5tsi-p-hev-iv-204ps
11763022714034601,Skoda,Superb,2011,Diesel,Automatic,170,111111,1900.0,https://www.mobile.bg/obiava-11763022714034601-skoda-superb-2-0-tdi-170-hp-sport
11781101628577013,Skoda,Superb,2010,Diesel,Manual,170,138000,3200.0,https://www.mobile.bg/obiava-11781101628577013-skoda-superb-138000km-2-0d-170hp
11790766979627624,Skoda,Superb,2009,Petrol,Automatic,160,202321,3500.0,https://www.mobile.bg/obiava-11790766979627624-skoda-superb
11776864216308588,Skoda,Superb,2008,Petrol,Manual,125,210000,3600.0,https://www.mobile.bg/obiava-11776864216308588-skoda-superb-ambishan-1-4-tsi
11788951419508424,Skoda,Superb,2011,Diesel,Manual,140,237000,4500.0,https://www.mobile.bg/obiava-11788951419508424-skoda-superb-2-0-140
11777539651932445,Skoda,Superb,2010,Diesel,Automatic,170,215000,4600.0,https://www.mobile.bg/obiava-11777539651932445-skoda-superb-2-0tdi-170kc-dsg-pechka-podgrev
11779728094389440,Skoda,Superb,2011,Diesel,Automatic,170,218000,4999.0,https://www.mobile.bg/obiava-11779728094389440-skoda-superb-2-0-tdi
11784527047634613,Skoda,Superb,2011,Diesel,Manual,170,265000,5000.0,https://www.mobile.bg/obiava-11784527047634613-skoda-superb-4x4-2-0-170
11780850141839141,Skoda,Superb,2009,Diesel,Automatic,170,220000,5200.0,https://www.mobile.bg/obiava-11780850141839141-skoda-superb-2-0tdi-dsg-170k
11786356921669108,Skoda,Superb,2012,Diesel,Automatic,140,209000,5350.0,https://www.mobile.bg/obiava-11786356921669108-skoda-superb-2-0tdi-140kc-4x4-fullll-automat
11774526709598269,Skoda,Superb,2014,Diesel,Manual,140,161043,5400.0,https://www.mobile.bg/obiava-11774526709598269-skoda-superb-2-0tdi-140kc-bixenon-euro5b-kozha
11789539683295598,Skoda,Superb,2010,Diesel,Automatic,170,218000,5400.0,https://www.mobile.bg/obiava-11789539683295598-skoda-superb-2-0tdi-170hp-dsg-navi-xenon
11782818898388322,Skoda,Superb,2012,Diesel,Automatic,140,251000,5600.0,https://www.mobile.bg/obiava-11782818898388322-skoda-superb-2-0tdi-140kc-4x4-ch-dsg
11786195584493268,Skoda,Superb,2012,Diesel,Automatic,140,216153,6000.0,https://www.mobile.bg/obiava-11786195584493268-skoda-superb-2-004x4dizel
11482384381567916,Skoda,Superb,2012,Diesel,Automatic,140,171500,6000.0,https://www.mobile.bg/obiava-11482384381567916-skoda-superb-2-0tdi-140k-s-dsg-koja-unikat
11785929308017217,Skoda,Superb,2012,Diesel,Manual,140,237532,6100.0,https://www.mobile.bg/obiava-11785929308017217-skoda-superb-2-0-tdi-cr
11788869083171070,Skoda,Superb,2008,Diesel,Automatic,140,280669,6150.0,https://www.mobile.bg/obiava-11788869083171070-skoda-superb-2-0tdi-140konya-dsg-avtomatik
11783955331346965,Skoda,Superb,2013,Diesel,Manual,140,227000,6600.0,https://www.mobile.bg/obiava-11783955331346965-skoda-superb-2-0-tdi
11756108443667883,Skoda,Superb,2009,Petrol,Automatic,260,152000,6600.0,https://www.mobile.bg/obiava-11756108443667883-skoda-superb-3-6-v6-4x4-dsg-navi
11780496009096214,Skoda,Superb,2017,Diesel,Manual,150,328000,6800.0,https://www.mobile.bg/obiava-11780496009096214-skoda-superb-2-0tdi-150hp
11790424774710689,Skoda,Superb,2016,Diesel,Manual,140,220000,6800.0,https://www.mobile.bg/obiava-11790424774710689-skoda-superb-2-0tdi-140ks-navi-led-top
11771349816682683,Skoda,Superb,2014,Diesel,Automatic,170,218059,6999.0,https://www.mobile.bg/obiava-11771349816682683-skoda-superb-2-0-170k-s-4h4-avtomatik-vsichki-ekstri
11780130557717889,Skoda,Superb,2017,Diesel,Manual,150,367000,7200.0,https://www.mobile.bg/obiava-11780130557717889-skoda-superb-obsluzhena
11741521874801233,Skoda,Superb,2011,Diesel,Manual,140,206000,7299.0,https://www.mobile.bg/obiava-11741521874801233-skoda-superb-2-0tdi-140k-s-evro-5-unikalna
11733137426948102,Skoda,Superb,2011,Petrol,Automatic,260,188064,7899.0,https://www.mobile.bg/obiava-11733137426948102-skoda-superb-3-6-i-4x4
11785215493069002,Skoda,Superb,2015,Diesel,Automatic,140,197000,8000.0,https://www.mobile.bg/obiava-11785215493069002-skoda-superb-2-0tdi-140ks-dsg-navi-led-top
11790604624823261,Skoda,Superb,2014,Diesel,Automatic,170,248400,8400.0,https://www.mobile.bg/obiava-11790604624823261-skoda-superb-2-0-tdi-170k-s-4x4-dsg
11670853379394534,Skoda,Superb,2014,Diesel,Automatic,140,134000,8800.0,https://www.mobile.bg/obiava-11670853379394534-skoda-superb-2-0tdi-140k-s-pamet-navigatsiya-kozha-start-stop
11773492542687341,Skoda,Superb,2015,Diesel,Automatic,120,198000,8990.0,https://www.mobile.bg/obiava-11773492542687341-skoda-superb-distronic-dsg-navi-camera
11775145310432925,Skoda,Superb,2016,Diesel,Automatic,150,194000,9490.0,https://www.mobile.bg/obiava-11775145310432925-skoda-superb-2-0tdi-led-cristal-dsg6-kozha-keyless-memo
11790680228644728,Skoda,Superb,2016,Petrol,Manual,150,278317,9500.0,https://www.mobile.bg/obiava-11790680228644728-skoda-superb-1-5tsi-euro6-navi
11765481458079316,Skoda,Superb,2017,Diesel,Automatic,150,211000,9500.0,https://www.mobile.bg/obiava-11765481458079316-skoda-superb-2-0tdi-dsg-distronic
11778001431904046,Skoda,Superb,2016,Diesel,Manual,120,224248,9500.0,https://www.mobile.bg/obiava-11778001431904046-skoda-superb-topp-lizing
11767178459440286,Skoda,Superb,2018,Diesel,Automatic,150,170000,9900.0,https://www.mobile.bg/obiava-11767178459440286-skoda-superb-2-0tdi-automatic-150k-c-e6b
11784671614021805,Skoda,Superb,2015,Diesel,Automatic,140,209000,9999.0,https://www.mobile.bg/obiava-11784671614021805-skoda-superb-scout-6dsg-kasko-vinetka-obsluzhen
11782160584650971,Skoda,Superb,2018,Diesel,Automatic,120,200000,9999.0,https://www.mobile.bg/obiava-11782160584650971-skoda-superb-1-6-tdi-120-ks-sobstven-lizing
11790337044990810,Skoda,Superb,2016,Diesel,Automatic,190,320000,10500.0,https://www.mobile.bg/obiava-11790337044990810-skoda-superb-2-0-190ks-4h4-avtomatik
11789746779286322,Skoda,Superb,2015,Diesel,Automatic,190,256000,10500.0,https://www.mobile.bg/obiava-11789746779286322-skoda-superb-2-0-tdi-190ks-full-koja-navi-led-distronic
11790343169666602,Skoda,Superb,2016,Diesel,Manual,150,221744,10500.0,https://www.mobile.bg/obiava-11790343169666602-skoda-superb-2-0tdi-alkanatara-el-pamet
11729510020492069,Skoda,Superb,2016,Diesel,Automatic,120,175000,10500.0,https://www.mobile.bg/obiava-11729510020492069-skoda-superb-dsg
11789473016176594,Skoda,Superb,2016,Diesel,Manual,150,197163,10700.0,https://www.mobile.bg/obiava-11789473016176594-skoda-superb-2-0tdi-facelift-4x4-150ps-panorama
11779701016064715,Skoda,Superb,2017,Diesel,Automatic,190,177000,10900.0,https://www.mobile.bg/obiava-11779701016064715-skoda-superb-2-0-190ks-4x4
11763362019104372,Skoda,Superb,2017,Diesel,Manual,190,195000,11000.0,https://www.mobile.bg/obiava-11763362019104372-skoda-superb-2-0-d-190k-s-navi
11789971719688816,Skoda,Superb,2016,Diesel,Automatic,190,223231,11200.0,https://www.mobile.bg/obiava-11789971719688816-skoda-superb-4x4-l-k-190kc
11788533767289267,Skoda,Superb,2017,Diesel,Automatic,190,240000,11900.0,https://www.mobile.bg/obiava-11788533767289267-skoda-superb-2-0tdi-190k-c-full
11786024636633149,Skoda,Superb,2019,Diesel,Automatic,150,198000,11999.0,https://www.mobile.bg/obiava-11786024636633149-skoda-superb-2-0tdi-dsg-150k-s-top-sastoyanie
11790356061539628,Skoda,Superb,2017,Diesel,Automatic,190,201000,11999.0,https://www.mobile.bg/obiava-11790356061539628-skoda-superb-2-0-tdi-190-k-s-4x4-automatic-2017-g
11789415708067811,Skoda,Superb,2017,Diesel,Automatic,190,201000,12000.0,https://www.mobile.bg/obiava-11789415708067811-skoda-superb-2-0tdi-4x4
11785864760600981,Skoda,Superb,2018,Diesel,Automatic,150,278000,12000.0,https://www.mobile.bg/obiava-11785864760600981-skoda-superb-2-0tdi-dsg
11768060715646255,Skoda,Superb,2016,Diesel,Automatic,150,184000,12200.0,https://www.mobile.bg/obiava-11768060715646255-skoda-superb-2-0tdi-150kc-led-navi-d-g-top
11765363187608977,Skoda,Superb,2021,Diesel,Automatic,122,279000,12600.0,https://www.mobile.bg/obiava-11765363187608977-skoda-superb-2-0-tdi
11753533551554737,Skoda,Superb,2018,Diesel,Automatic,150,178500,12990.0,https://www.mobile.bg/obiava-11753533551554737-skoda-superb-2-0tdi-dsg-navi-led-xenon
11789635136938114,Skoda,Superb,2016,Diesel,Automatic,190,244000,12999.0,https://www.mobile.bg/obiava-11789635136938114-skoda-superb-190k-s-4x4-distronic-keyless-obduhvane-garantsiya
11785409574276250,Skoda,Superb,2016,Diesel,Automatic,150,235000,12999.0,https://www.mobile.bg/obiava-11785409574276250-skoda-superb-2-0tdi-150k-s-climaseats-blindspot
11780391702690828,Skoda,Superb,2016,Diesel,Automatic,190,246000,12999.0,https://www.mobile.bg/obiava-11780391702690828-skoda-superb-3-4x4-ot-parvi-sobstvenik-realni-km-i-obsluzhv
11789721975287258,Skoda,Superb,2017,Diesel,Automatic,190,289561,13099.0,https://www.mobile.bg/obiava-11789721975287258-skoda-superb-2-0-tdi
11778054767736368,Skoda,Superb,2016,Petrol,Automatic,180,218000,13250.0,https://www.mobile.bg/obiava-11778054767736368-skoda-superb-1-8tsi-180kc-fulll-topp
11790281637992361,Skoda,Superb,2017,Petrol,Automatic,180,193721,13499.0,https://www.mobile.bg/obiava-11790281637992361-skoda-superb-1-8i-avtomatik
11788457002058333,Skoda,Superb,2019,Diesel,Automatic,190,256000,13500.0,https://www.mobile.bg/obiava-11788457002058333-skoda-superb-2-0-tdi-4x4-190-k-s
11781377446353753,Skoda,Superb,2016,Diesel,Automatic,190,240000,13600.0,https://www.mobile.bg/obiava-11781377446353753-skoda-superb-2-0tdi-4x4-dsg-laurin-klement
11789734462303619,Skoda,Superb,2022,Diesel,Automatic,150,261224,13800.0,https://www.mobile.bg/obiava-11789734462303619-skoda-superb-2-0tdi-dsg
11789559787471816,Skoda,Superb,2016,Petrol,Automatic,280,278000,13900.0,https://www.mobile.bg/obiava-11789559787471816-skoda-superb
11789892764864155,Skoda,Superb,2021,Diesel,Automatic,150,221000,13900.0,https://www.mobile.bg/obiava-11789892764864155-skoda-superb-2-0-tdi-150-combi-dsg7-my2021
11756486987583322,Skoda,Superb,2019,Diesel,Automatic,190,195300,14300.0,https://www.mobile.bg/obiava-11756486987583322-skoda-superb-190k-s-4h4-keyless-facelift
11785249720988856,Skoda,Superb,2021,Diesel,Automatic,122,246000,14500.0,https://www.mobile.bg/obiava-11785249720988856-skoda-superb-facelift-2-0tdi-digital-navi-podgrev-full-service
11786975942140717,Skoda,Superb,2020,Diesel,Automatic,150,213000,14500.0,https://www.mobile.bg/obiava-11786975942140717-skoda-superb-2-0tdi-avtomatik
11779123990240119,Skoda,Superb,2015,Petrol,Automatic,280,152000,15350.0,https://www.mobile.bg/obiava-11779123990240119-skoda-superb-2-0tsi-280ks-4x4-vnos-ot-shveytsariya-perfektna
11779530058895125,Skoda,Superb,2016,Petrol,Automatic,280,236394,15390.0,https://www.mobile.bg/obiava-11779530058895125-skoda-superb-2-0tsi-280k-c-4h4-panorama-rvm-pdc-aac-kozha-navi
11785657003970300,Skoda,Superb,2017,Diesel,Automatic,190,193278,15499.0,https://www.mobile.bg/obiava-11785657003970300-skoda-superb-2-0-tdi-4-h-4-distronic-keyless-shveytsariya
11731822445993814,Skoda,Superb,2019,Petrol,Automatic,150,200000,15500.0,https://www.mobile.bg/obiava-11731822445993814-skoda-superb-sportline
11788718280214278,Skoda,Superb,2019,Diesel,Automatic,150,255900,15900.0,https://www.mobile.bg/obiava-11788718280214278-skoda-superb-2-0tdi-dsg-150ks-lizing
11787003577661236,Skoda,Superb,2017,Diesel,Automatic,190,199798,15900.0,https://www.mobile.bg/obiava-11787003577661236-skoda-superb-2-0tdi-190k-s-4h4-sportline-canton-carplay-acc
11783529130830075,Skoda,Superb,2016,Diesel,Automatic,190,244000,15900.0,https://www.mobile.bg/obiava-11783529130830075-skoda-superb-2-0tdi-4h4-laurin-klement-lizing
11788894030589385,Skoda,Superb,2018,Diesel,Automatic,190,228000,15900.0,https://www.mobile.bg/obiava-11788894030589385-skoda-superb-2-0tdi-dsg-4x4-sport-line
11790431616628265,Skoda,Superb,2018,Diesel,Automatic,190,248000,16500.0,https://www.mobile.bg/obiava-11790431616628265-skoda-superb
11789412828656231,Skoda,Superb,2017,Diesel,Automatic,190,185000,16700.0,https://www.mobile.bg/obiava-11789412828656231-skoda-superb-l-k-2-0d-190
11768944572200747,Skoda,Superb,2016,Diesel,Automatic,190,120300,17000.0,https://www.mobile.bg/obiava-11768944572200747-skoda-superb-namalena-tsena-canton-panorama-obsluzhena
11756750830641807,Skoda,Superb,2022,Diesel,Automatic,150,181202,17400.0,https://www.mobile.bg/obiava-11756750830641807-skoda-superb-2-0-tdi-dsg-facelift-full-led
11779910306544108,Skoda,Superb,2018,Diesel,Automatic,190,146930,17400.0,https://www.mobile.bg/obiava-11779910306544108-skoda-superb-l-k2-0tdi-190kc-4x4-avtomat-panorama-navi-kamera
11789848208189507,Skoda,Superb,2020,Diesel,Automatic,190,187000,17600.0,https://www.mobile.bg/obiava-11789848208189507-skoda-superb-laurin-klement-full
11783772669311560,Skoda,Superb,2023,Diesel,Automatic,150,201752,17600.0,https://www.mobile.bg/obiava-11783772669311560-skoda-superb-2-0-tdi-style-palna-servizna-istoriya
11743021007840362,Skoda,Superb,2022,Diesel,Automatic,150,197000,17700.0,https://www.mobile.bg/obiava-11743021007840362-skoda-superb-2-0d-22g
11790578047643854,Skoda,Superb,2021,Diesel,Automatic,150,217000,18300.0,https://www.mobile.bg/obiava-11790578047643854-skoda-superb-2-0tdi-shveytsariya
11779451437055298,Skoda,Superb,2016,Petrol,Automatic,280,207000,15300.0,https://www.mobile.bg/obiava-11779451437055298-skoda-superb
11790014178803187,Skoda,Superb,2021,Diesel,Automatic,190,178000,18590.0,https://www.mobile.bg/obiava-11790014178803187-skoda-superb-laurint-klement-full-dsg-4x4
11790617186890216,Skoda,Superb,2020,Diesel,Automatic,150,190120,18900.0,https://www.mobile.bg/obiava-11790617186890216-skoda-superb-sportline-facelift-digital
11762881805808545,Skoda,Superb,2020,Diesel,Automatic,190,230058,18900.0,https://www.mobile.bg/obiava-11762881805808545-skoda-superb-2-0tdi-190k-s-sportline-digital-germany
11781868064494198,Skoda,Superb,2018,Diesel,Automatic,190,103000,18999.0,https://www.mobile.bg/obiava-11781868064494198-skoda-superb-2-0tdi-4x4-laurin-klement-automat-navi-kamera-n1
11746271168377691,Skoda,Superb,2018,Diesel,Automatic,190,140000,19000.0,https://www.mobile.bg/obiava-11746271168377691-skoda-superb-skoda-superb-2-0-tdi-4x4-7dsg
11785429522371057,Skoda,Superb,2019,Diesel,Automatic,190,171000,20999.0,https://www.mobile.bg/obiava-11785429522371057-skoda-superb-sportline-2-0tdi-4x4-190hp
11782548210278703,Skoda,Superb,2022,Hybrid,Automatic,218,158000,20999.0,https://www.mobile.bg/obiava-11782548210278703-skoda-superb-top-top
11790688919726345,Skoda,Superb,2019,Diesel,Automatic,190,148000,21500.0,https://www.mobile.bg/obiava-11790688919726345-skoda-superb-4x4-190kc-l-k
11778055532859344,Skoda,Superb,2022,Petrol,Automatic,150,95000,22000.0,https://www.mobile.bg/obiava-11778055532859344-skoda-superb-1-5-tsi-digital-95000km-parvi-sobstvenik
11788848954180826,Skoda,Superb,2019,Diesel,Automatic,190,108400,22500.0,https://www.mobile.bg/obiava-11788848954180826-skoda-superb-laurin-klement-l-k
11787665413562638,Skoda,Superb,2021,Diesel,Automatic,200,133050,22500.0,https://www.mobile.bg/obiava-11787665413562638-skoda-superb-2-0tdi-4x4-dsg-l-k
11743005029824230,Skoda,Superb,2022,Diesel,Automatic,200,164000,22999.0,https://www.mobile.bg/obiava-11743005029824230-skoda-superb-l-k-2-0tdi-200k-s-4x4
11790278396808422,Skoda,Superb,2022,Diesel,Automatic,200,89000,23700.0,https://www.mobile.bg/obiava-11790278396808422-skoda-superb-4x4-200k-s-v-garantsiya
11781974161940459,Skoda,Superb,2023,Diesel,Automatic,200,132726,23800.0,https://www.mobile.bg/obiava-11781974161940459-skoda-superb-scout-euratek-garantsiya
11790855690161003,Skoda,Superb,2023,Diesel,Automatic,200,210000,24500.0,https://www.mobile.bg/obiava-11790855690161003-skoda-superb-2-0tdi-sportline-4x4
11787470191764524,Skoda,Superb,2022,Diesel,Automatic,150,70050,24850.0,https://www.mobile.bg/obiava-11787470191764524-skoda-superb-2-0
11757924794986676,Skoda,Superb,2024,Diesel,Automatic,150,45212,24999.0,https://www.mobile.bg/obiava-11757924794986676-skoda-superb-2-0tdi-digital-2024g-45000km-kamera-matrix-g
11786510232679239,Skoda,Superb,2022,Diesel,Automatic,150,67500,25500.0,https://www.mobile.bg/obiava-11786510232679239-skoda-superb-style-plus-facelift
11764011811112057,Skoda,Superb,2021,Hybrid,Automatic,218,120000,25500.0,https://www.mobile.bg/obiava-11764011811112057-skoda-superb-218-k-s
11758545932726005,Skoda,Superb,2022,Petrol,Automatic,150,62000,21950.0,https://www.mobile.bg/obiava-11758545932726005-skoda-superb-67000km-dsg-facelift-1-5-benzin-2022g
11787162388849133,Skoda,Superb,2021,Diesel,Automatic,200,100000,26500.0,https://www.mobile.bg/obiava-11787162388849133-skoda-superb-scout
11787493962789839,Skoda,Superb,2023,Diesel,Automatic,200,110300,26900.0,https://www.mobile.bg/obiava-11787493962789839-skoda-superb-zakupen-ot-balgariya-garantsiya-laurent-klement-4
11790101688030569,Skoda,Superb,2023,Diesel,Automatic,200,65000,28200.0,https://www.mobile.bg/obiava-11790101688030569-skoda-superb-2-0tdi-7dsg-4x4-200k-s
11774090998639469,Skoda,Superb,2025,Petrol,Automatic,150,19803,29990.0,https://www.mobile.bg/obiava-11774090998639469-skoda-superb-1-5tsi-m-hev
11789756754704519,Skoda,Superb,2022,Petrol,Automatic,280,84000,29990.0,https://www.mobile.bg/obiava-11789756754704519-skoda-superb-scout-2-0-tsi-4x4-mesechna-vnoska-ot-399
11789458678522013,Skoda,Superb,2024,Diesel,Automatic,200,46600,26600.0,https://www.mobile.bg/obiava-11789458678522013-skoda-superb-l-k-4x4-matrix-2-0-tdi-garantsiya
11787336969646650,Skoda,Superb,2023,Diesel,Automatic,200,69400,32000.0,https://www.mobile.bg/obiava-11787336969646650-skoda-superb-scout-4x4
11787770111213902,Skoda,Superb,2023,Petrol,Automatic,280,120000,35000.0,https://www.mobile.bg/obiava-11787770111213902-skoda-superb-skoda-superb-l-k-280-k-s-4x4-garantsiya-do-28
11782497063365443,Skoda,Superb,2024,Petrol,Automatic,265,16000,37999.0,https://www.mobile.bg/obiava-11782497063365443-skoda-superb-laurin-klement-4-x-4-garantsiya
11774980926443452,Skoda,Superb,2003,Diesel,Manual,131,350000,1299.0,https://www.mobile.bg/obiava-11774980926443452-skoda-superb-1-9-tdi
11788017958506076,Skoda,Superb,2004,Diesel,Manual,163,480000,1500.0,https://www.mobile.bg/obiava-11788017958506076-skoda-superb
11787052486282040,Skoda,Superb,2007,Diesel,Automatic,163,256687,1600.0,https://www.mobile.bg/obiava-11787052486282040-skoda-superb
11783874788473728,Skoda,Superb,2002,Diesel,Manual,155,298000,1600.0,https://www.mobile.bg/obiava-11783874788473728-skoda-superb
11784785101599230,Skoda,Superb,2007,Diesel,Manual,131,398000,1699.0,https://www.mobile.bg/obiava-11784785101599230-skoda-superb
11788111823296211,Skoda,Superb,2003,Diesel,Manual,90,363913,1900.0,https://www.mobile.bg/obiava-11788111823296211-skoda-superb-1-9-tdi
11787295372709496,Skoda,Superb,2010,Diesel,Automatic,130,223145,1950.0,https://www.mobile.bg/obiava-11787295372709496-skoda-superb-1-9tdi-130-awx
11788694201502740,Skoda,Superb,2006,Diesel,Manual,131,444000,1990.0,https://www.mobile.bg/obiava-11788694201502740-skoda-superb-1-9
11788510602050464,Skoda,Superb,2012,Petrol,Automatic,160,270000,2350.0,https://www.mobile.bg/obiava-11788510602050464-skoda-superb-1-8-tsi-7-dsg-skasan-saedenitel
11786515623748141,Skoda,Superb,2007,Diesel,Manual,105,263100,2400.0,https://www.mobile.bg/obiava-11786515623748141-skoda-superb-1-9-tdi
11785529525286988,Skoda,Superb,2007,Diesel,Manual,140,290000,2500.0,https://www.mobile.bg/obiava-11785529525286988-skoda-superb
11771713701251642,Skoda,Superb,2010,Diesel,Manual,140,317305,2800.0,https://www.mobile.bg/obiava-11771713701251642-skoda-superb-2-0tdi-140hp-navi-euro-5
11788859183287642,Skoda,Superb,2004,Petrol,Manual,115,191000,2800.0,https://www.mobile.bg/obiava-11788859183287642-skoda-superb-2-0-115
11789390300141279,Skoda,Superb,2010,Diesel,Manual,167,429500,2800.0,https://www.mobile.bg/obiava-11789390300141279-skoda-superb-elegance
11788188796396295,Skoda,Superb,2005,Petrol,Automatic,193,348000,2800.0,https://www.mobile.bg/obiava-11788188796396295-skoda-superb
11789389870717436,Skoda,Superb,2010,Diesel,Manual,167,429500,2800.0,https://www.mobile.bg/obiava-11789389870717436-skoda-superb-elegance
11789549697683185,Skoda,Superb,2007,Diesel,Automatic,163,379000,3000.0,https://www.mobile.bg/obiava-11789549697683185-skoda-superb-facelift
11786777044610288,Skoda,Superb,2003,Diesel,Manual,131,289540,3199.0,https://www.mobile.bg/obiava-11786777044610288-skoda-superb-superb-1-9-131
11784713660783877,Skoda,Superb,2009,Petrol,Manual,125,320000,3200.0,https://www.mobile.bg/obiava-11784713660783877-skoda-superb-2
11789577601726261,Skoda,Superb,2005,Petrol,Automatic,193,261200,3250.0,https://www.mobile.bg/obiava-11789577601726261-skoda-superb-suparb1
11779363995074309,Skoda,Superb,2004,Petrol,Automatic,193,259000,3300.0,https://www.mobile.bg/obiava-11779363995074309-skoda-superb-2-8-v6-gaz-benzin
11770707161434112,Skoda,Superb,2009,Petrol,Manual,160,278000,3400.0,https://www.mobile.bg/obiava-11770707161434112-skoda-superb
11789628050238687,Skoda,Superb,2006,Diesel,Automatic,163,174000,3450.0,https://www.mobile.bg/obiava-11789628050238687-skoda-superb-2-5-tdi-edition
11790422674305518,Skoda,Superb,2008,Petrol,Manual,160,233333,3500.0,https://www.mobile.bg/obiava-11790422674305518-skoda-superb-sedan
11788629340404182,Skoda,Superb,2010,Diesel,Manual,170,240626,3600.0,https://www.mobile.bg/obiava-11788629340404182-skoda-superb
11788255173251500,Skoda,Superb,2009,Petrol,Manual,125,166999,3600.0,https://www.mobile.bg/obiava-11788255173251500-skoda-superb-1-4tsi-125-ks
11790075599071994,Skoda,Superb,2005,Diesel,Manual,131,202000,3800.0,https://www.mobile.bg/obiava-11790075599071994-skoda-superb-edition-100
11736521963914642,Skoda,Superb,2009,Petrol,Manual,160,226000,3900.0,https://www.mobile.bg/obiava-11736521963914642-skoda-superb-lizig
11789048847664301,Skoda,Superb,2009,Diesel,Automatic,140,289000,3999.0,https://www.mobile.bg/obiava-11789048847664301-skoda-superb-2-0tdi-140k-s
11782972041532114,Skoda,Superb,2007,Diesel,Manual,147,357125,4000.0,https://www.mobile.bg/obiava-11782972041532114-skoda-superb-lk
11788449601928307,Skoda,Superb,2009,Diesel,Automatic,140,348000,4000.0,https://www.mobile.bg/obiava-11788449601928307-skoda-superb-2-0tdi-bmp
11769605095420713,Skoda,Superb,2009,Diesel,Manual,105,199000,4200.0,https://www.mobile.bg/obiava-11769605095420713-skoda-superb-1-9-tdi-105-kc
11768133271489894,Skoda,Superb,2009,Petrol,Automatic,160,267000,4300.0,https://www.mobile.bg/obiava-11768133271489894-skoda-superb
11760117972800669,Skoda,Superb,2009,Diesel,Manual,140,243000,4300.0,https://www.mobile.bg/obiava-11760117972800669-skoda-superb-2-0-tdi
11769850077728254,Skoda,Superb,2013,Diesel,Manual,140,181000,4300.0,https://www.mobile.bg/obiava-11769850077728254-skoda-superb-2-0-tdi-140ks-klimatron
11781280117450896,Skoda,Superb,2015,Diesel,Automatic,140,292000,4300.0,https://www.mobile.bg/obiava-11781280117450896-skoda-superb-2-0tdi-140k-s-dsg
11758127483292835,Skoda,Superb,2011,Diesel,Manual,105,170000,4300.0,https://www.mobile.bg/obiava-11758127483292835-skoda-superb-1-6tdi-105hp
11790834400907949,Skoda,Superb,2009,Diesel,Manual,140,310000,4400.0,https://www.mobile.bg/obiava-11790834400907949-skoda-superb-2-0tdi
11790683590433552,Skoda,Superb,2009,Petrol,Manual,160,235000,4500.0,https://www.mobile.bg/obiava-11790683590433552-skoda-superb-4x4-dsg-tsi-obsluzhena
11765994009684352,Skoda,Superb,2009,Petrol,Manual,160,229750,4500.0,https://www.mobile.bg/obiava-11765994009684352-skoda-superb
11780237381303301,Skoda,Superb,2004,Petrol,Automatic,193,280000,4500.0,https://www.mobile.bg/obiava-11780237381303301-skoda-superb-2-8-v6
11724918799729837,Skoda,Superb,2012,Diesel,Automatic,140,223827,4550.0,https://www.mobile.bg/obiava-11724918799729837-skoda-superb-2-0-tdi
11786512497007207,Skoda,Superb,2013,Diesel,Automatic,140,260184,4600.0,https://www.mobile.bg/obiava-11786512497007207-skoda-superb-2-0-tdi-dsg
11743858606766076,Skoda,Superb,2010,Petrol,Automatic,260,200000,4700.0,https://www.mobile.bg/obiava-11743858606766076-skoda-superb-260k-c
11789420905671997,Skoda,Superb,2009,Petrol,Automatic,160,270000,4700.0,https://www.mobile.bg/obiava-11789420905671997-skoda-superb-1-8-tsi-dsg
11774762346631286,Skoda,Superb,2011,Diesel,Manual,140,222000,4800.0,https://www.mobile.bg/obiava-11774762346631286-skoda-superb
11786294846383544,Skoda,Superb,2009,Petrol,Automatic,160,235000,4999.0,https://www.mobile.bg/obiava-11786294846383544-skoda-superb-1-8tsi
11760370443689652,Skoda,Superb,2011,Diesel,Manual,105,209256,5000.0,https://www.mobile.bg/obiava-11760370443689652-skoda-superb-1-6tdi-105hp-promo
11788816790098236,Skoda,Superb,2011,Diesel,Automatic,140,189825,5000.0,https://www.mobile.bg/obiava-11788816790098236-skoda-superb
11763846788790981,Skoda,Superb,2011,Diesel,Manual,140,324000,5099.0,https://www.mobile.bg/obiava-11763846788790981-skoda-superb-kombi
11789724222738537,Skoda,Superb,2010,Diesel,Manual,170,290000,5200.0,https://www.mobile.bg/obiava-11789724222738537-skoda-superb
11777372169196754,Skoda,Superb,2010,Petrol,Manual,160,195000,5250.0,https://www.mobile.bg/obiava-11777372169196754-skoda-superb-1-8t-4x4
11790316043254463,Skoda,Superb,2012,Diesel,Manual,105,230000,5300.0,https://www.mobile.bg/obiava-11790316043254463-skoda-superb-kombi
11767708212964571,Skoda,Superb,2010,Diesel,Automatic,170,190000,5400.0,https://www.mobile.bg/obiava-11767708212964571-skoda-superb-2-0tdi-170ks
11789411895764499,Skoda,Superb,2013,Diesel,Manual,140,330000,5500.0,https://www.mobile.bg/obiava-11789411895764499-skoda-superb-2-0-tdi
11779391997413682,Skoda,Superb,2012,Petrol,Manual,200,282786,5500.0,https://www.mobile.bg/obiava-11779391997413682-skoda-superb-1-8-tsi-softuer-gaz-benzin-podarak-multimediya
11770460231693493,Skoda,Superb,2008,Diesel,Automatic,170,294105,5500.0,https://www.mobile.bg/obiava-11770460231693493-skoda-superb-dizel-2-00
11789658697794393,Skoda,Superb,2008,Diesel,Automatic,170,266390,5500.0,https://www.mobile.bg/obiava-11789658697794393-skoda-superb
11777320979723614,Skoda,Superb,2010,Diesel,Manual,170,225000,5500.0,https://www.mobile.bg/obiava-11777320979723614-skoda-superb-2-0tdi-170ks-4x4
11688183965028729,Skoda,Superb,2009,Diesel,Manual,140,155000,5680.0,https://www.mobile.bg/obiava-11688183965028729-skoda-superb
11790354994193291,Skoda,Superb,2011,Diesel,Automatic,170,234000,5800.0,https://www.mobile.bg/obiava-11790354994193291-skoda-superb-2-0tdi
11775201622903327,Skoda,Superb,2009,Diesel,Manual,140,253700,5899.0,https://www.mobile.bg/obiava-11775201622903327-skoda-superb-2-0-tdi
11769182403396478,Skoda,Superb,2016,Diesel,Automatic,120,294000,5999.0,https://www.mobile.bg/obiava-11769182403396478-skoda-superb-1-6tdi-avtomat-navi-euro-6
11783146336089591,Skoda,Superb,2010,Diesel,Automatic,140,201000,5999.0,https://www.mobile.bg/obiava-11783146336089591-skoda-superb-2-0tdi-dsg
11783138989577972,Skoda,Superb,2015,Diesel,Manual,105,366000,6000.0,https://www.mobile.bg/obiava-11783138989577972-skoda-superb
11788799369001215,Skoda,Superb,2011,Petrol,Automatic,160,235406,6000.0,https://www.mobile.bg/obiava-11788799369001215-skoda-superb
11770293260390317,Skoda,Superb,2012,Diesel,Automatic,138,245000,6000.0,https://www.mobile.bg/obiava-11770293260390317-skoda-superb
11780594828190736,Skoda,Superb,2011,Diesel,Manual,170,260000,6199.0,https://www.mobile.bg/obiava-11780594828190736-skoda-superb
11789584770246681,Skoda,Superb,2010,Petrol,Automatic,160,132404,6200.0,https://www.mobile.bg/obiava-11789584770246681-skoda-superb
11785755099709938,Skoda,Superb,2013,Diesel,Manual,140,188800,6200.0,https://www.mobile.bg/obiava-11785755099709938-skoda-superb-2-0-tdi
11787156204697994,Skoda,Superb,2011,Diesel,Manual,170,260000,6206.0,https://www.mobile.bg/obiava-11787156204697994-skoda-superb
11784465244481913,Skoda,Superb,2011,Diesel,Automatic,140,196000,6300.0,https://www.mobile.bg/obiava-11784465244481913-skoda-superb
11758623245274324,Skoda,Superb,2009,Diesel,Manual,140,191000,6400.0,https://www.mobile.bg/obiava-11758623245274324-skoda-superb
11778750145456726,Skoda,Superb,2011,Diesel,Automatic,170,327000,6450.0,https://www.mobile.bg/obiava-11778750145456726-skoda-superb-2-0tdi-170hp-dsg-pamet-keyless-ozvuchenie-top
11785492995494528,Skoda,Superb,2008,Petrol,Automatic,150,139000,6500.0,https://www.mobile.bg/obiava-11785492995494528-skoda-superb-1-8
11789918557836984,Skoda,Superb,2012,Diesel,Manual,170,380000,6500.0,https://www.mobile.bg/obiava-11789918557836984-skoda-superb
11778094883532756,Skoda,Superb,2011,Petrol,Manual,160,279800,6500.0,https://www.mobile.bg/obiava-11778094883532756-skoda-superb
11785135467440682,Skoda,Superb,2012,Petrol,Manual,160,260000,6500.0,https://www.mobile.bg/obiava-11785135467440682-skoda-superb-1-8-tsi
11777617643132969,Skoda,Superb,2012,Diesel,Automatic,140,218000,6799.0,https://www.mobile.bg/obiava-11777617643132969-skoda-superb-2-0tdi-garantsiya-za-dsg
11765192667716150,Skoda,Superb,2013,Diesel,Manual,105,168380,6800.0,https://www.mobile.bg/obiava-11765192667716150-skoda-superb-lek-avtomobil
11785932516598963,Skoda,Superb,2011,Diesel,Automatic,140,247000,6800.0,https://www.mobile.bg/obiava-11785932516598963-skoda-superb-2-0-tdi-4x4-keyless
11786519199101105,Skoda,Superb,2013,Diesel,Automatic,170,180000,6900.0,https://www.mobile.bg/obiava-11786519199101105-skoda-superb
11789380049071671,Skoda,Superb,2012,Diesel,Automatic,140,260000,6900.0,https://www.mobile.bg/obiava-11789380049071671-skoda-superb
11754141240871791,Skoda,Superb,2012,Diesel,Automatic,140,261254,6900.0,https://www.mobile.bg/obiava-11754141240871791-skoda-superb-avtomatik-4h4
11790258647038765,Skoda,Superb,2009,Diesel,Automatic,170,285000,6999.0,https://www.mobile.bg/obiava-11790258647038765-skoda-superb-2-0-tdi-dsg-170
11786029869767664,Skoda,Superb,2012,Petrol,Manual,125,167000,6999.0,https://www.mobile.bg/obiava-11786029869767664-skoda-superb-1-4i-realen-probeg-smeneni-verigi-sedan-face
11781073430917646,Skoda,Superb,2013,Diesel,Manual,140,236000,6999.0,https://www.mobile.bg/obiava-11781073430917646-skoda-superb-2-0-tdi
11760780627923304,Skoda,Superb,2014,Diesel,Automatic,140,268191,7000.0,https://www.mobile.bg/obiava-11760780627923304-skoda-superb-2-0tdi
11777310590970158,Skoda,Superb,2010,Petrol,Manual,200,205000,7000.0,https://www.mobile.bg/obiava-11777310590970158-skoda-superb-211-kc
11774296055401283,Skoda,Superb,2010,Diesel,Manual,170,202500,7050.0,https://www.mobile.bg/obiava-11774296055401283-skoda-superb-4h4-unikat
11786117275478723,Skoda,Superb,2010,Diesel,Automatic,140,247320,7150.0,https://www.mobile.bg/obiava-11786117275478723-skoda-superb
11768588576520447,Skoda,Superb,2013,Diesel,Manual,140,202088,7288.0,https://www.mobile.bg/obiava-11768588576520447-skoda-superb
11779724673766824,Skoda,Superb,2012,Diesel,Automatic,170,225000,7300.0,https://www.mobile.bg/obiava-11779724673766824-skoda-superb-2-0tdi-170k-s-kozha
11780857831017898,Skoda,Superb,2014,Diesel,Manual,140,230000,7300.0,https://www.mobile.bg/obiava-11780857831017898-skoda-superb-2-0tdi
11789405733360579,Skoda,Superb,2008,Diesel,Automatic,140,386000,7300.0,https://www.mobile.bg/obiava-11789405733360579-skoda-superb-elegance-140-hp-pd
11788348361101158,Skoda,Superb,2015,Diesel,Manual,130,285000,7400.0,https://www.mobile.bg/obiava-11788348361101158-skoda-superb-1-6tdi-obsluzhena-chip-servizna-ist-otlichno-sast
11785070265593178,Skoda,Superb,2013,Diesel,Automatic,170,205000,7500.0,https://www.mobile.bg/obiava-11785070265593178-skoda-superb-2-0tdi-170
11787645748932909,Skoda,Superb,2013,Diesel,Manual,140,274700,7500.0,https://www.mobile.bg/obiava-11787645748932909-skoda-superb-2-0-tdi-140-k-s
11677489823858265,Skoda,Superb,2009,Diesel,Automatic,140,240000,7500.0,https://www.mobile.bg/obiava-11677489823858265-skoda-superb-2-0tdi-at-navi
11770900046800638,Skoda,Superb,2012,Diesel,Automatic,140,231023,7600.0,https://www.mobile.bg/obiava-11770900046800638-skoda-superb-scout-2012g-4x4-2-0-tdi-avtomat
11777520776485978,Skoda,Superb,2010,Diesel,Automatic,170,252000,7700.0,https://www.mobile.bg/obiava-11777520776485978-skoda-superb
11788190322175169,Skoda,Superb,2014,Diesel,Automatic,170,189700,7750.0,https://www.mobile.bg/obiava-11788190322175169-skoda-superb
11757529142195964,Skoda,Superb,2012,Diesel,Automatic,140,217500,7775.0,https://www.mobile.bg/obiava-11757529142195964-skoda-superb
11776607615918683,Skoda,Superb,2014,Diesel,Automatic,170,278000,7777.0,https://www.mobile.bg/obiava-11776607615918683-skoda-superb-2-otdi-170hp-4x4-6dsg
11784961292764258,Skoda,Superb,2015,Diesel,Automatic,170,211000,7800.0,https://www.mobile.bg/obiava-11784961292764258-skoda-superb-2-0tdi-dsg
11695741839341421,Skoda,Superb,2014,Diesel,Automatic,140,260567,7800.0,https://www.mobile.bg/obiava-11695741839341421-skoda-superb-2-0tdi-140k-s-dsg-pamet-navigatsiya-kozha-start-stop
11789990932762220,Skoda,Superb,2013,Diesel,Automatic,170,258000,7900.0,https://www.mobile.bg/obiava-11789990932762220-skoda-superb-2-0tdi-170k-s-full-full-full
11761131022425651,Skoda,Superb,2017,Diesel,Manual,120,394500,7900.0,https://www.mobile.bg/obiava-11761131022425651-skoda-superb-1-6tdi-obsluzhena-servizna-istoriya-realni-km
11788941387282464,Skoda,Superb,2013,Diesel,Automatic,170,321500,8100.0,https://www.mobile.bg/obiava-11788941387282464-skoda-superb
11586956333982945,Skoda,Superb,2014,Diesel,Automatic,170,405000,6800.0,https://www.mobile.bg/obiava-11586956333982945-skoda-superb-2-0-tdi
11790802153223064,Skoda,Superb,2010,Petrol,Automatic,160,259000,8200.0,https://www.mobile.bg/obiava-11790802153223064-skoda-superb
11781704077319261,Skoda,Superb,2016,Diesel,Automatic,120,371224,8200.0,https://www.mobile.bg/obiava-11781704077319261-skoda-superb
11775643025624550,Skoda,Superb,2018,Diesel,Manual,120,255000,8250.0,https://www.mobile.bg/obiava-11775643025624550-skoda-superb
11773334890806175,Skoda,Superb,2014,Diesel,Automatic,170,252000,6899.0,https://www.mobile.bg/obiava-11773334890806175-skoda-superb-2000-tdi-4x4-170-k-s-dsg
11789406807159397,Skoda,Superb,2011,Diesel,Automatic,140,334000,7000.0,https://www.mobile.bg/obiava-11789406807159397-skoda-superb-tdi-cr
11772463729920481,Skoda,Superb,2017,Diesel,Manual,150,205766,8400.0,https://www.mobile.bg/obiava-11772463729920481-skoda-superb-2-0tdi-150ks-distronik
11778612496392036,Skoda,Superb,2014,Petrol,Manual,160,232560,8450.0,https://www.mobile.bg/obiava-11778612496392036-skoda-superb-1-8tsi-4x4-ambition
11785159453035615,Skoda,Superb,2017,Petrol,Automatic,150,270500,8499.0,https://www.mobile.bg/obiava-11785159453035615-skoda-superb
11770744126746747,Skoda,Superb,2011,Petrol,Manual,160,128946,8500.0,https://www.mobile.bg/obiava-11770744126746747-skoda-superb
11651762299389979,Skoda,Superb,2016,Diesel,Automatic,120,269438,8500.0,https://www.mobile.bg/obiava-11651762299389979-skoda-superb-1-6-tdi-promotsiya-germany
11762616627646410,Skoda,Superb,2014,Diesel,Automatic,140,159300,8599.0,https://www.mobile.bg/obiava-11762616627646410-skoda-superb-2-0tdi-dsg-navi-kozha
11790611500198775,Skoda,Superb,2013,Diesel,Automatic,177,187000,8800.0,https://www.mobile.bg/obiava-11790611500198775-skoda-superb
11681502231895961,Skoda,Superb,2015,Petrol,Automatic,160,203767,8999.0,https://www.mobile.bg/obiava-11681502231895961-skoda-superb-1-8i-face-panorama-avtomatik-navi-shveytsariya
11790749066118839,Skoda,Superb,2013,Diesel,Automatic,140,223000,9000.0,https://www.mobile.bg/obiava-11790749066118839-skoda-superb
11758221590165857,Skoda,Superb,2010,Diesel,Manual,170,296000,9100.0,https://www.mobile.bg/obiava-11758221590165857-skoda-superb-2-0-tdi
11784140032153844,Skoda,Superb,2014,Petrol,Manual,160,329000,9100.0,https://www.mobile.bg/obiava-11784140032153844-skoda-superb
11788690582172592,Skoda,Superb,2013,Petrol,Automatic,160,105000,9200.0,https://www.mobile.bg/obiava-11788690582172592-skoda-superb-ii-facelift-1-8-tsi-dsg
11779689935828550,Skoda,Superb,2016,Diesel,Automatic,150,262500,9400.0,https://www.mobile.bg/obiava-11779689935828550-skoda-superb-led-dynamic-distronic-kozha-keyless-dsg
11787637878030849,Skoda,Superb,2016,Diesel,Manual,120,257000,9499.0,https://www.mobile.bg/obiava-11787637878030849-skoda-superb-combi
11788956203055468,Skoda,Superb,2015,Diesel,Manual,140,211000,9600.0,https://www.mobile.bg/obiava-11788956203055468-skoda-superb
11784615986347349,Skoda,Superb,2014,Diesel,Automatic,170,220000,9600.0,https://www.mobile.bg/obiava-11784615986347349-skoda-superb
11688485802850893,Skoda,Superb,2011,Petrol,Automatic,300,1000,8000.0,https://www.mobile.bg/obiava-11688485802850893-skoda-superb-3-6-v6-4x4
11779367731667883,Skoda,Superb,2015,Petrol,Automatic,260,155000,9600.0,https://www.mobile.bg/obiava-11779367731667883-skoda-superb
11790254491879040,Skoda,Superb,2016,Diesel,Manual,120,223400,9700.0,https://www.mobile.bg/obiava-11790254491879040-skoda-superb
21790605148960727,Skoda,Superb,2016,Diesel,Manual,120,172000,9999.0,https://www.mobile.bg/obiava-21790605148960727-skoda-superb
11786998959255567,Skoda,Superb,2016,Diesel,Automatic,150,213000,9999.0,https://www.mobile.bg/obiava-11786998959255567-skoda-superb-2-0tdi-dsg
11779435037374295,Skoda,Superb,2017,Diesel,Automatic,150,293000,9999.0,https://www.mobile.bg/obiava-11779435037374295-skoda-superb-2-0-tdi
11789206392153964,Skoda,Superb,2016,Diesel,Manual,150,265682,10000.0,https://www.mobile.bg/obiava-11789206392153964-skoda-superb
11770449839875427,Skoda,Superb,2018,Diesel,Automatic,120,340000,10000.0,https://www.mobile.bg/obiava-11770449839875427-skoda-superb-1-6
11787689438089546,Skoda,Superb,2013,Petrol,Automatic,260,198000,10000.0,https://www.mobile.bg/obiava-11787689438089546-skoda-superb-vr6
11776850777845061,Skoda,Superb,2015,Diesel,Automatic,170,230000,10500.0,https://www.mobile.bg/obiava-11776850777845061-skoda-superb-4x4
11772695663595058,Skoda,Superb,2015,Diesel,Automatic,170,272032,10650.0,https://www.mobile.bg/obiava-11772695663595058-skoda-superb
11779097073631968,Skoda,Superb,2017,Diesel,Automatic,150,259300,10800.0,https://www.mobile.bg/obiava-11779097073631968-skoda-superb-2-0tdi-dsg-distronic
11788985727570406,Skoda,Superb,2016,Diesel,Automatic,150,174000,10999.0,https://www.mobile.bg/obiava-11788985727570406-skoda-superb-2-0tdi-distronic-kozha-memory-camera-garantsiya
11789061548060139,Skoda,Superb,2017,Diesel,Automatic,120,208000,10999.0,https://www.mobile.bg/obiava-11789061548060139-skoda-superb-1-6-tdi-dsg
11756041317339803,Skoda,Superb,2016,Diesel,Automatic,190,263000,11000.0,https://www.mobile.bg/obiava-11756041317339803-skoda-superb-2-0-tdi-4x4
11762945983813854,Skoda,Superb,2018,Diesel,Automatic,150,235000,11000.0,https://www.mobile.bg/obiava-11762945983813854-skoda-superb
11713640519901534,Skoda,Superb,2014,Diesel,Automatic,170,275500,11000.0,https://www.mobile.bg/obiava-11713640519901534-skoda-superb-2-0-tdi
11790008306305556,Skoda,Superb,2016,Diesel,Automatic,120,270000,11000.0,https://www.mobile.bg/obiava-11790008306305556-skoda-superb-1-6-tdi
11678972768223171,Skoda,Superb,2017,Diesel,Automatic,150,141489,11300.0,https://www.mobile.bg/obiava-11678972768223171-skoda-superb-2-0-tdi-150k-s-parktronik-navi-el-bagazhnik-euro6
11788455570682718,Skoda,Superb,2018,Diesel,Automatic,190,386809,11500.0,https://www.mobile.bg/obiava-11788455570682718-skoda-superb-4x4-dsg-l-k
11788529441266824,Skoda,Superb,2016,Diesel,Manual,150,174000,11500.0,https://www.mobile.bg/obiava-11788529441266824-skoda-superb
11784130356437458,Skoda,Superb,2015,Diesel,Automatic,190,224000,11599.0,https://www.mobile.bg/obiava-11784130356437458-skoda-superb-4x4-2-0-tdi-all-extras
11787730900023565,Skoda,Superb,2018,Diesel,Manual,150,183555,11599.0,https://www.mobile.bg/obiava-11787730900023565-skoda-superb-4x4-style-panorama
11760082410140902,Skoda,Superb,2017,Diesel,Manual,150,220000,11600.0,https://www.mobile.bg/obiava-11760082410140902-skoda-superb-business-edition
11782979385307356,Skoda,Superb,2016,Diesel,Automatic,150,298000,11699.0,https://www.mobile.bg/obiava-11782979385307356-skoda-superb-euratek-auto
11784538871878396,Skoda,Superb,2016,Diesel,Automatic,150,270400,11800.0,https://www.mobile.bg/obiava-11784538871878396-skoda-superb-2-0tdi-ambition
11787601342264121,Skoda,Superb,2016,Diesel,Automatic,150,230000,11900.0,https://www.mobile.bg/obiava-11787601342264121-skoda-superb
11761134142701433,Skoda,Superb,2016,Diesel,Automatic,190,233500,11999.0,https://www.mobile.bg/obiava-11761134142701433-skoda-superb-2-0-tdi-190-k-s-panorama-full-extri-bez-kozha
11781164619166770,Skoda,Superb,2015,Diesel,Automatic,190,250000,12000.0,https://www.mobile.bg/obiava-11781164619166770-skoda-superb-matrix-full
11789797832519346,Skoda,Superb,2019,Diesel,Automatic,150,244385,12100.0,https://www.mobile.bg/obiava-11789797832519346-skoda-superb-2-0tdi-150ks-digital-panorama-memory-keyless-f
11773056914754475,Skoda,Superb,2017,Diesel,Manual,150,234000,12250.0,https://www.mobile.bg/obiava-11773056914754475-skoda-superb-2-0-tdi
11779984279113596,Skoda,Superb,2015,Diesel,Automatic,170,221000,12299.0,https://www.mobile.bg/obiava-11779984279113596-skoda-superb-2-0-tdi-170k-c-4x4-business-facelift
11790277504019457,Skoda,Superb,2019,Diesel,Automatic,150,244322,12499.0,https://www.mobile.bg/obiava-11790277504019457-skoda-superb-2-0tdi-executive-digital
11789969152542832,Skoda,Superb,2016,Diesel,Automatic,190,296000,12500.0,https://www.mobile.bg/obiava-11789969152542832-skoda-superb-lauren-klemen
11741861824918139,Skoda,Superb,2016,Diesel,Automatic,150,205650,12700.0,https://www.mobile.bg/obiava-11741861824918139-skoda-superb-2-0-tdi
11769866685047686,Skoda,Superb,2022,Petrol,Automatic,150,138000,12800.0,https://www.mobile.bg/obiava-11769866685047686-skoda-superb-2-br-1-5-turbo-150-k-s-automat-7g
11780901812196345,Skoda,Superb,2017,Petrol,Manual,150,184000,12800.0,https://www.mobile.bg/obiava-11780901812196345-skoda-superb
11788903441709594,Skoda,Superb,2015,Diesel,Automatic,150,310000,12899.0,https://www.mobile.bg/obiava-11788903441709594-skoda-superb-2-0-dsg
11780038759846490,Skoda,Superb,2019,Diesel,Automatic,150,263506,12900.0,https://www.mobile.bg/obiava-11780038759846490-skoda-superb-ambition
11790516950095812,Skoda,Superb,2015,Diesel,Automatic,190,249000,12900.0,https://www.mobile.bg/obiava-11790516950095812-skoda-superb-2-0tdi-190hp-euro-6
11787390078095058,Skoda,Superb,2017,Diesel,Automatic,150,229000,12999.0,https://www.mobile.bg/obiava-11787390078095058-skoda-superb-2-0-tdi-150ks-dsg
11790163220085082,Skoda,Superb,2019,Diesel,Automatic,190,288888,13000.0,https://www.mobile.bg/obiava-11790163220085082-skoda-superb-combi-2-0tdi-4x4-dsg-led
11786592674686302,Skoda,Superb,2016,Diesel,Automatic,190,302500,13000.0,https://www.mobile.bg/obiava-11786592674686302-skoda-superb-l-k-4x4
11778424818105652,Skoda,Superb,2015,Diesel,Automatic,170,91000,13000.0,https://www.mobile.bg/obiava-11778424818105652-skoda-superb
11779572683409233,Skoda,Superb,2017,Diesel,Automatic,150,245000,13000.0,https://www.mobile.bg/obiava-11779572683409233-skoda-superb-2-0tdi-memory-distronic
11761064628304327,Skoda,Superb,2015,Petrol,Automatic,220,172000,13100.0,https://www.mobile.bg/obiava-11761064628304327-skoda-superb
11771948436443344,Skoda,Superb,2017,Diesel,Automatic,150,232000,13100.0,https://www.mobile.bg/obiava-11771948436443344-skoda-superb-2-0-tdi
11790219944000509,Skoda,Superb,2019,Diesel,Automatic,190,321755,13350.0,https://www.mobile.bg/obiava-11790219944000509-skoda-superb-2-0-tdi-style-190kc
11583844860621729,Skoda,Superb,2018,Petrol,Automatic,180,161000,13500.0,https://www.mobile.bg/obiava-11583844860621729-skoda-superb-1-8-tsi
11691180163215207,Skoda,Superb,2017,Diesel,Automatic,150,228170,13500.0,https://www.mobile.bg/obiava-11691180163215207-skoda-superb-2-0-tdi-euro-6-dsg
11784731553998025,Skoda,Superb,2013,Diesel,Manual,170,230000,13500.0,https://www.mobile.bg/obiava-11784731553998025-skoda-superb
11788792192634861,Skoda,Superb,2018,Diesel,Automatic,150,200000,13500.0,https://www.mobile.bg/obiava-11788792192634861-skoda-superb-2-0-tdi-dsg
11765266898703758,Skoda,Superb,2021,Diesel,Automatic,122,247000,13500.0,https://www.mobile.bg/obiava-11765266898703758-skoda-superb-2-0-tdi-digital-acc-podgr-lizing-carplay
11775728113575944,Skoda,Superb,2017,Diesel,Automatic,150,220000,13600.0,https://www.mobile.bg/obiava-11775728113575944-skoda-superb-2-0tdi-dsg
11786374080178266,Skoda,Superb,2016,Diesel,Automatic,190,292020,13700.0,https://www.mobile.bg/obiava-11786374080178266-skoda-superb-laurin-klement-4x4
11710769232575334,Skoda,Superb,2017,Diesel,Automatic,190,188044,13800.0,https://www.mobile.bg/obiava-11710769232575334-skoda-superb-4x4-sport-line
11758624575711429,Skoda,Superb,2016,Diesel,Automatic,190,210386,13900.0,https://www.mobile.bg/obiava-11758624575711429-skoda-superb-iii-2-0tdi-4x4-190hp
11770744111393672,Skoda,Superb,2018,Diesel,Automatic,190,230000,13900.0,https://www.mobile.bg/obiava-11770744111393672-skoda-superb-4h4-2-0tdi
11769357470864491,Skoda,Superb,2020,Diesel,Automatic,120,295000,13900.0,https://www.mobile.bg/obiava-11769357470864491-skoda-superb-1-6-tdi
11788853417359571,Skoda,Superb,2016,Diesel,Automatic,150,250000,13900.0,https://www.mobile.bg/obiava-11788853417359571-skoda-superb-laurin-klement-2-0-tdi-150-ks
11693843390434989,Skoda,Superb,2014,Petrol,Automatic,260,213000,13900.0,https://www.mobile.bg/obiava-11693843390434989-skoda-superb-3-6-v6-4x4-laurin-klement
11779520161819842,Skoda,Superb,2018,Diesel,Automatic,190,211444,13900.0,https://www.mobile.bg/obiava-11779520161819842-skoda-superb-2-0-tdi
11787773635888442,Skoda,Superb,2022,Diesel,Automatic,150,180000,13999.0,https://www.mobile.bg/obiava-11787773635888442-skoda-superb-promo-tsena-do-29-09-2-0-tdi-business
11778653408006231,Skoda,Superb,2018,Diesel,Automatic,190,256081,13999.0,https://www.mobile.bg/obiava-11778653408006231-skoda-superb-2-0tdi-190-sportline-dsg-4x4-realen-probeg
11703415892401670,Skoda,Superb,2017,Diesel,Automatic,190,196000,13999.0,https://www.mobile.bg/obiava-11703415892401670-skoda-superb-2-0tdi-190ps-4x4
11790354545708028,Skoda,Superb,2017,Diesel,Automatic,190,221000,13999.0,https://www.mobile.bg/obiava-11790354545708028-skoda-superb-2-0tdi-style-4x4-190k-s
11782824210458232,Skoda,Superb,2018,Diesel,Automatic,190,216000,14000.0,https://www.mobile.bg/obiava-11782824210458232-skoda-superb-2-0-tdi-4h4
11774528980190134,Skoda,Superb,2016,Diesel,Automatic,150,238000,14000.0,https://www.mobile.bg/obiava-11774528980190134-skoda-superb
11764586513572564,Skoda,Superb,2020,Diesel,Automatic,122,236000,14000.0,https://www.mobile.bg/obiava-11764586513572564-skoda-superb-2-0-tdi-kato-nova
11775040208625158,Skoda,Superb,2018,Diesel,Automatic,190,205000,14100.0,https://www.mobile.bg/obiava-11775040208625158-skoda-superb-2-0-tdi-190-ps-4x4-avtomat
11785576035880724,Skoda,Superb,2016,Diesel,Automatic,190,164000,14200.0,https://www.mobile.bg/obiava-11785576035880724-skoda-superb-2-0-tdi-190k-s
11787803521660713,Skoda,Superb,2021,Diesel,Automatic,150,320000,14300.0,https://www.mobile.bg/obiava-11787803521660713-skoda-superb-digital-acc
11766510721957827,Skoda,Superb,2018,Diesel,Automatic,190,246000,14300.0,https://www.mobile.bg/obiava-11766510721957827-skoda-superb-2-0tdi-4x4-sport-line
11785147236692308,Skoda,Superb,2017,Diesel,Manual,190,211665,14400.0,https://www.mobile.bg/obiava-11785147236692308-skoda-superb-2-0tdi-n1
11784973977665468,Skoda,Superb,2020,Petrol,Automatic,150,212000,14500.0,https://www.mobile.bg/obiava-11784973977665468-skoda-superb-1-5-tsi-act-dsg-oshte-10dni-e-na-tazi-tsena
11757489805179751,Skoda,Superb,2015,Diesel,Automatic,190,135000,14500.0,https://www.mobile.bg/obiava-11757489805179751-skoda-superb
11772733368622874,Skoda,Superb,2016,Diesel,Manual,190,218000,14500.0,https://www.mobile.bg/obiava-11772733368622874-skoda-superb
11782921403974948,Skoda,Superb,2017,Diesel,Automatic,190,280000,14599.0,https://www.mobile.bg/obiava-11782921403974948-skoda-superb-sportline
11785236819348518,Skoda,Superb,2020,Diesel,Automatic,190,168000,14600.0,https://www.mobile.bg/obiava-11785236819348518-skoda-superb-2-0tdi-190k-s-4h4-dsg7
11783527883609792,Skoda,Superb,2018,Petrol,Automatic,280,140000,14800.0,https://www.mobile.bg/obiava-11783527883609792-skoda-superb-2-0tsi-4x4-sportline-led-navi-parktr-full
11753283679745332,Skoda,Superb,2016,Diesel,Automatic,190,200200,14800.0,https://www.mobile.bg/obiava-11753283679745332-skoda-superb-2-0tdi-dsg-style
11787315174044365,Skoda,Superb,2018,Diesel,Automatic,150,168689,14900.0,https://www.mobile.bg/obiava-11787315174044365-skoda-superb-2-0tdi
11773322798365479,Skoda,Superb,2015,Diesel,Automatic,150,252000,14900.0,https://www.mobile.bg/obiava-11773322798365479-skoda-superb-2-0-tdi-150-hp
11787665163735974,Skoda,Superb,2018,Diesel,Automatic,150,101131,14999.0,https://www.mobile.bg/obiava-11787665163735974-skoda-superb-sportline
11759332689230679,Skoda,Superb,2017,Diesel,Automatic,190,218000,14999.0,https://www.mobile.bg/obiava-11759332689230679-skoda-superb-laurin-klement
11790078583173966,Skoda,Superb,2021,Diesel,Automatic,150,136800,14999.0,https://www.mobile.bg/obiava-11790078583173966-skoda-superb-2-0tdi-150k-c-abtomat-habi-led-facelift-evro
11787718161913092,Skoda,Superb,2016,Diesel,Manual,150,175000,15000.0,https://www.mobile.bg/obiava-11787718161913092-skoda-superb-2-0-tdi-style-4x4
11785830663801016,Skoda,Superb,2016,Diesel,Manual,150,216436,15000.0,https://www.mobile.bg/obiava-11785830663801016-skoda-superb-2-0tdi-4x4-6mt-n1
11778607422946757,Skoda,Superb,2019,Diesel,Automatic,150,161200,15150.0,https://www.mobile.bg/obiava-11778607422946757-skoda-superb-2-0tdi
11735313454861270,Skoda,Superb,2019,Diesel,Automatic,150,173000,15287.63,https://www.mobile.bg/obiava-11735313454861270-skoda-superb-2-0-tdi
11785147817949753,Skoda,Superb,2018,Diesel,Automatic,190,206321,15300.0,https://www.mobile.bg/obiava-11785147817949753-skoda-superb-2-0tdi-laurin-klement-190ks-aut-full-4x4-liz
11773810410716371,Skoda,Superb,2021,Petrol,Automatic,150,156500,12800.0,https://www.mobile.bg/obiava-11773810410716371-skoda-superb-1-5-turbo-150-k-s-7gtronik
11742140580918325,Skoda,Superb,2020,Diesel,Automatic,150,176000,15400.0,https://www.mobile.bg/obiava-11742140580918325-skoda-superb-2-0-tdi-dsg
11773740063151634,Skoda,Superb,2019,Petrol,Automatic,190,205000,15499.0,https://www.mobile.bg/obiava-11773740063151634-skoda-superb-2-0-tsi
11786288989720963,Skoda,Superb,2016,Diesel,Automatic,190,224000,15499.0,https://www.mobile.bg/obiava-11786288989720963-skoda-superb-2-0-tdi
11790091116011375,Skoda,Superb,2016,Diesel,Automatic,190,309000,15499.0,https://www.mobile.bg/obiava-11790091116011375-skoda-superb-2-0tdi-190hp-4x4-laurin-klement-parvi-sobstvenik
11775977283861305,Skoda,Superb,2018,Diesel,Automatic,190,260000,15500.0,https://www.mobile.bg/obiava-11775977283861305-skoda-superb-2-0-tdi-190-4x4
11787314704685319,Skoda,Superb,2018,Diesel,Manual,150,180655,15700.0,https://www.mobile.bg/obiava-11787314704685319-skoda-superb-2-0-tdi-4x4-ambition
11786958096831553,Skoda,Superb,2021,Diesel,Automatic,150,176700,15750.0,https://www.mobile.bg/obiava-11786958096831553-skoda-superb-edition
11787206420458346,Skoda,Superb,2020,Diesel,Manual,150,235000,15750.0,https://www.mobile.bg/obiava-11787206420458346-skoda-superb-2-0-tdi
11599903062563124,Skoda,Superb,2016,Diesel,Automatic,190,140600,15800.0,https://www.mobile.bg/obiava-11599903062563124-skoda-superb-euratek-biznes-oborudvane
11769618051072661,Skoda,Superb,2018,Diesel,Automatic,190,218000,15800.0,https://www.mobile.bg/obiava-11769618051072661-skoda-superb-2-0tdi-4x4-sport-line
11788621375079859,Skoda,Superb,2016,Diesel,Automatic,190,245000,15800.0,https://www.mobile.bg/obiava-11788621375079859-skoda-superb
11786015439470878,Skoda,Superb,2019,Diesel,Automatic,190,275731,15900.0,https://www.mobile.bg/obiava-11786015439470878-skoda-superb-2-0tdi-l-k-4x4-dsg-keygo-canton-acc-blind-ahk-lane
11763108367191455,Skoda,Superb,2016,Diesel,Automatic,190,190000,15900.0,https://www.mobile.bg/obiava-11763108367191455-skoda-superb-2-0tdi-190hp-laurin-klement-4x4
11789126328503628,Skoda,Superb,2018,Diesel,Automatic,190,225000,15900.0,https://www.mobile.bg/obiava-11789126328503628-skoda-superb-laurin-klement
11765711890348633,Skoda,Superb,2018,Petrol,Automatic,280,229000,15900.0,https://www.mobile.bg/obiava-11765711890348633-skoda-superb
11712911523810576,Skoda,Superb,2017,Diesel,Automatic,190,225000,16000.0,https://www.mobile.bg/obiava-11712911523810576-skoda-superb-4x4-dsg
11783441514406448,Skoda,Superb,2015,Diesel,Automatic,190,230000,16000.0,https://www.mobile.bg/obiava-11783441514406448-skoda-superb-l-k
11784053779050560,Skoda,Superb,2019,Diesel,Automatic,190,260000,16000.0,https://www.mobile.bg/obiava-11784053779050560-skoda-superb
11788443646490103,Skoda,Superb,2018,Diesel,Automatic,190,173657,16000.0,https://www.mobile.bg/obiava-11788443646490103-skoda-superb-2-0-tdi-7dsg-4x4
11763061409515302,Skoda,Superb,2017,Diesel,Automatic,150,306000,16100.0,https://www.mobile.bg/obiava-11763061409515302-skoda-superb-2-0tdi-dsg
11789387106932713,Skoda,Superb,2018,Diesel,Automatic,190,205000,16400.0,https://www.mobile.bg/obiava-11789387106932713-skoda-superb-l-k-4h4-7dsg
11788252986253159,Skoda,Superb,2017,Diesel,Automatic,190,296650,16400.0,https://www.mobile.bg/obiava-11788252986253159-skoda-superb-sportline-2-0-tdi-190hp-dsg-canton-columbus
11788164172713833,Skoda,Superb,2016,Diesel,Automatic,150,137000,16500.0,https://www.mobile.bg/obiava-11788164172713833-skoda-superb-2-0
11786547902408112,Skoda,Superb,2020,Diesel,Automatic,190,199085,16500.0,https://www.mobile.bg/obiava-11786547902408112-skoda-superb-2-0tdi-190-l-k
11790605641779075,Skoda,Superb,2018,Diesel,Automatic,150,145000,16500.0,https://www.mobile.bg/obiava-11790605641779075-skoda-superb-2-0-tdi
11785845624315184,Skoda,Superb,2019,Diesel,Manual,150,134000,16500.0,https://www.mobile.bg/obiava-11785845624315184-skoda-superb
11788987565264180,Skoda,Superb,2020,Diesel,Automatic,200,270000,16500.0,https://www.mobile.bg/obiava-11788987565264180-skoda-superb-scout
11694346494285136,Skoda,Superb,2019,Diesel,Automatic,150,180900,16867.0,https://www.mobile.bg/obiava-11694346494285136-skoda-superb-2-0d-unikalen
11766909059848922,Skoda,Superb,2016,Diesel,Automatic,190,165734,16900.0,https://www.mobile.bg/obiava-11766909059848922-skoda-superb-190k-s-4h4-l-k-canton-servizna-istoriya
11773847639277096,Skoda,Superb,2018,Diesel,Automatic,150,139000,16900.0,https://www.mobile.bg/obiava-11773847639277096-skoda-superb
11780129868270600,Skoda,Superb,2019,Petrol,Automatic,272,187000,16900.0,https://www.mobile.bg/obiava-11780129868270600-skoda-superb-2-0-tsi-l-k-272-ps
11789901891835059,Skoda,Superb,2018,Diesel,Automatic,190,220000,16900.0,https://www.mobile.bg/obiava-11789901891835059-skoda-superb
11784909183285127,Skoda,Superb,2019,Diesel,Automatic,190,422000,16901.0,https://www.mobile.bg/obiava-11784909183285127-skoda-superb-napalno-obsluzhena-molya-prochetete-tsyaloto-opisanie
11786964822623465,Skoda,Superb,2019,Petrol,Automatic,150,105000,16950.0,https://www.mobile.bg/obiava-11786964822623465-skoda-superb-1-5-tsi-facelift
11784974525899927,Skoda,Superb,2020,Diesel,Automatic,190,224000,16999.0,https://www.mobile.bg/obiava-11784974525899927-skoda-superb-2-0-tdi-4x4
11760710559971281,Skoda,Superb,2018,Diesel,Automatic,150,170350,16999.0,https://www.mobile.bg/obiava-11760710559971281-skoda-superb-2-0-tdi-sportline-dcc-7-dsg-keramika
11708176067048267,Skoda,Superb,2015,Diesel,Automatic,150,129000,17000.0,https://www.mobile.bg/obiava-11708176067048267-skoda-superb-2-0-tdi
11745846781820484,Skoda,Superb,2017,Diesel,Automatic,190,229838,17383.41,https://www.mobile.bg/obiava-11745846781820484-skoda-superb-iii-2-0-tdi-l-k
11772984850513558,Skoda,Superb,2020,Hybrid,Automatic,218,178000,17400.0,https://www.mobile.bg/obiava-11772984850513558-skoda-superb-laurin-klement-iv
11761806318232256,Skoda,Superb,2020,Diesel,Automatic,150,192000,17450.0,https://www.mobile.bg/obiava-11761806318232256-skoda-superb-2-0-tdi
11782902462248458,Skoda,Superb,2019,Diesel,Automatic,190,136000,17500.0,https://www.mobile.bg/obiava-11782902462248458-skoda-superb-2-0-tdi-190-kc-4x4-l-k
11773594039544577,Skoda,Superb,2016,Diesel,Automatic,190,200000,17500.0,https://www.mobile.bg/obiava-11773594039544577-skoda-superb-l-k-2-0-190ks
11777295664247279,Skoda,Superb,2019,Diesel,Automatic,190,257000,17500.0,https://www.mobile.bg/obiava-11777295664247279-skoda-superb-sport-line
11785414556222856,Skoda,Superb,2021,Petrol,Automatic,150,193000,17500.0,https://www.mobile.bg/obiava-11785414556222856-skoda-superb-1-5-tsi-busines-edition-plus
11785841260021737,Skoda,Superb,2023,Diesel,Automatic,150,187130,17550.0,https://www.mobile.bg/obiava-11785841260021737-skoda-superb-2-0-tdi
11789129072686231,Skoda,Superb,2016,Diesel,Automatic,190,298000,17700.0,https://www.mobile.bg/obiava-11789129072686231-skoda-superb
11788078037119630,Skoda,Superb,2019,Diesel,Automatic,150,125117,17700.0,https://www.mobile.bg/obiava-11788078037119630-skoda-superb-sportline
11780990120135206,Skoda,Superb,2021,Hybrid,Automatic,218,179933,17700.0,https://www.mobile.bg/obiava-11780990120135206-skoda-superb-plugin-hybrid-218ks-distronik-dcc-led-memory
11773327645234176,Skoda,Superb,2021,Diesel,Manual,150,290000,17990.0,https://www.mobile.bg/obiava-11773327645234176-skoda-superb
11780602262069486,Skoda,Superb,2019,Petrol,Automatic,150,107800,17999.0,https://www.mobile.bg/obiava-11780602262069486-skoda-superb-1-5-tsi
11787833546723812,Skoda,Superb,2018,Diesel,Automatic,190,196500,14999.0,https://www.mobile.bg/obiava-11787833546723812-skoda-superb-l-k
11789735052379109,Skoda,Superb,2020,Diesel,Automatic,190,145000,17999.0,https://www.mobile.bg/obiava-11789735052379109-skoda-superb-2-0
11789500657989326,Skoda,Superb,2019,Diesel,Automatic,190,241620,17999.0,https://www.mobile.bg/obiava-11789500657989326-skoda-superb-2-0-tdi-l-k-obduhvane-distronik-pamet-istoriya
11789539265860478,Skoda,Superb,2019,Diesel,Automatic,150,218000,18000.0,https://www.mobile.bg/obiava-11789539265860478-skoda-superb-2-0tdi-150-7dsg-business
11742894293301159,Skoda,Superb,2017,Diesel,Automatic,190,211000,18000.0,https://www.mobile.bg/obiava-11742894293301159-skoda-superb-190k-s-laurin-klement
11776402960857404,Skoda,Superb,2018,Petrol,Automatic,150,165000,18000.0,https://www.mobile.bg/obiava-11776402960857404-skoda-superb
11784614972361956,Skoda,Superb,2016,Diesel,Manual,150,166036,18000.0,https://www.mobile.bg/obiava-11784614972361956-skoda-superb-l-k
11789204128860895,Skoda,Superb,2020,Diesel,Automatic,150,174000,18000.0,https://www.mobile.bg/obiava-11789204128860895-skoda-superb
11767522259185113,Skoda,Superb,2019,Petrol,Automatic,280,261000,18100.0,https://www.mobile.bg/obiava-11767522259185113-skoda-superb-2-0tsi-280hp-sportline
11790171746144665,Skoda,Superb,2022,Diesel,Manual,150,81833,18195.0,https://www.mobile.bg/obiava-11790171746144665-skoda-superb-2-0-crtdi-navi-led-leather
11789710902423264,Skoda,Superb,2021,Hybrid,Automatic,218,97676,18195.0,https://www.mobile.bg/obiava-11789710902423264-skoda-superb-combi-1-4-tsi-iv-160kw-dsg6-navi-leather
11780565769280471,Skoda,Superb,2020,Diesel,Automatic,190,144383,18400.0,https://www.mobile.bg/obiava-11780565769280471-skoda-superb-2-0-tdi-190k-s
11742195655984819,Skoda,Superb,2020,Diesel,Automatic,190,170000,18406.51,https://www.mobile.bg/obiava-11742195655984819-skoda-superb-laurin-klement-4x4
11750084295737499,Skoda,Superb,2018,Diesel,Automatic,150,184679,18406.51,https://www.mobile.bg/obiava-11750084295737499-skoda-superb-2-0
11790603148593921,Skoda,Superb,2023,Petrol,Automatic,150,179581,18500.0,https://www.mobile.bg/obiava-11790603148593921-skoda-superb-matrix-digital-dash-dsg
11731332917601915,Skoda,Superb,2019,Diesel,Automatic,190,130648,18500.0,https://www.mobile.bg/obiava-11731332917601915-skoda-superb-2-0-tdi-7dsg-4x4
11790263894857504,Skoda,Superb,2022,Diesel,Automatic,200,204732,18590.0,https://www.mobile.bg/obiava-11790263894857504-skoda-superb-l-k-4x4-2-0tdi-full
11787397643887545,Skoda,Superb,2018,Diesel,Automatic,190,198000,15500.0,https://www.mobile.bg/obiava-11787397643887545-skoda-superb-l-k-full-190-n1
11781938372749821,Skoda,Superb,2018,Diesel,Automatic,190,288373,18699.0,https://www.mobile.bg/obiava-11781938372749821-skoda-superb-2000tdi-190-k-s-4x4-ds-sportline
11734978207678298,Skoda,Superb,2017,Petrol,Automatic,358,172000,18800.0,https://www.mobile.bg/obiava-11734978207678298-skoda-superb-sportline
11765982444548664,Skoda,Superb,2019,Petrol,Automatic,150,148000,18800.0,https://www.mobile.bg/obiava-11765982444548664-skoda-superb
11777324929251642,Skoda,Superb,2022,Diesel,Automatic,200,188200,18900.0,https://www.mobile.bg/obiava-11777324929251642-skoda-superb-2-0-tdi-4x4-premium-edition-kozha-masazh-obduhvane
11788200309904339,Skoda,Superb,2019,Diesel,Automatic,190,300000,18900.0,https://www.mobile.bg/obiava-11788200309904339-skoda-superb
11790729498967498,Skoda,Superb,2019,Petrol,Automatic,150,96400,19000.0,https://www.mobile.bg/obiava-11790729498967498-skoda-superb
11780223482009359,Skoda,Superb,2019,Diesel,Automatic,190,212000,19000.0,https://www.mobile.bg/obiava-11780223482009359-skoda-superb-sportline
11778266305790783,Skoda,Superb,2021,Diesel,Automatic,200,177000,19000.0,https://www.mobile.bg/obiava-11778266305790783-skoda-superb-l-k-4x4-200hp
11772714705052969,Skoda,Superb,2022,Diesel,Automatic,150,181304,19000.0,https://www.mobile.bg/obiava-11772714705052969-skoda-superb-ambition-plus-2-0-tdi
11777465890049135,Skoda,Superb,2023,Diesel,Automatic,150,133999,19000.0,https://www.mobile.bg/obiava-11777465890049135-skoda-superb-2-0-camera-face-distronic-lizing
11785347371218990,Skoda,Superb,2018,Diesel,Automatic,190,139000,19000.0,https://www.mobile.bg/obiava-11785347371218990-skoda-superb-l-k
11781896581757853,Skoda,Superb,2021,Diesel,Automatic,200,179000,19000.0,https://www.mobile.bg/obiava-11781896581757853-skoda-superb-l-k-200hp-4x4
11694691556335469,Skoda,Superb,2017,Diesel,Automatic,190,190000,19100.0,https://www.mobile.bg/obiava-11694691556335469-skoda-superb-2-0
11788155124395280,Skoda,Superb,2018,Diesel,Automatic,190,245000,15999.0,https://www.mobile.bg/obiava-11788155124395280-skoda-superb
11694694070322771,Skoda,Superb,2017,Diesel,Automatic,190,190000,19200.0,https://www.mobile.bg/obiava-11694694070322771-skoda-superb-2-0
11790188761461820,Skoda,Superb,2018,Petrol,Automatic,272,266000,19500.0,https://www.mobile.bg/obiava-11790188761461820-skoda-superb-2-0tsi-sportline-4x4-full-nardo-grey
11790796128251747,Skoda,Superb,2019,Diesel,Automatic,190,156000,19500.0,https://www.mobile.bg/obiava-11790796128251747-skoda-superb
11777661142108712,Skoda,Superb,2021,Diesel,Automatic,150,140000,19700.0,https://www.mobile.bg/obiava-11777661142108712-skoda-superb-2-0-tdi-edition
11785937565689303,Skoda,Superb,2019,Diesel,Automatic,190,125500,19900.0,https://www.mobile.bg/obiava-11785937565689303-skoda-superb-4x4
11788938686842484,Skoda,Superb,2021,Diesel,Automatic,200,110000,19900.0,https://www.mobile.bg/obiava-11788938686842484-skoda-superb-4x4
11768061303468583,Skoda,Superb,2018,Diesel,Automatic,190,167000,19900.0,https://www.mobile.bg/obiava-11768061303468583-skoda-superb-2-0tdi-dsg-parkpilot-4x4-aircare-podgrev
11779721869159168,Skoda,Superb,2020,Hybrid,Automatic,218,220000,19900.0,https://www.mobile.bg/obiava-11779721869159168-skoda-superb-sportline-iv-1-4-tsi-phev-160-kw
11786022203029584,Skoda,Superb,2022,Petrol,Automatic,150,133488,19910.0,https://www.mobile.bg/obiava-11786022203029584-skoda-superb-1-5tsi-150k-s
11771853975066755,Skoda,Superb,2020,Diesel,Automatic,190,249745,19990.0,https://www.mobile.bg/obiava-11771853975066755-skoda-superb-combi-sport-line-2-0-tdi-4x4-dsg
11778660133678300,Skoda,Superb,2020,Petrol,Automatic,190,181400,19990.0,https://www.mobile.bg/obiava-11778660133678300-skoda-superb-2-0-tsi
11784920884387188,Skoda,Superb,2019,Diesel,Automatic,150,92100,19997.0,https://www.mobile.bg/obiava-11784920884387188-skoda-superb-dsg-sportline
11735473452486119,Skoda,Superb,2020,Diesel,Automatic,150,90000,20000.0,https://www.mobile.bg/obiava-11735473452486119-skoda-superb
11785927079481827,Skoda,Superb,2019,Petrol,Automatic,150,203213,20000.0,https://www.mobile.bg/obiava-11785927079481827-skoda-superb-sportline
11788201951943588,Skoda,Superb,2019,Diesel,Automatic,150,98500,20000.0,https://www.mobile.bg/obiava-11788201951943588-skoda-superb
11785917571114331,Skoda,Superb,2023,Diesel,Automatic,150,171000,20099.0,https://www.mobile.bg/obiava-11785917571114331-skoda-superb-matrix-150hp-dsg-crystal-navi-memo-cplay-569q
11748780853410705,Skoda,Superb,2017,Diesel,Manual,190,171103,20200.0,https://www.mobile.bg/obiava-11748780853410705-skoda-superb-2-0-tdi-laurin-klement
11753450540600871,Skoda,Superb,2020,Diesel,Automatic,150,176000,20450.0,https://www.mobile.bg/obiava-11753450540600871-skoda-superb-skoda-superb-l-k-2020-facelift-smenen-angrenazh
11777020215383067,Skoda,Superb,2022,Diesel,Automatic,150,187000,20500.0,https://www.mobile.bg/obiava-11777020215383067-skoda-superb-combi-2-0-tdi-dsg-150hp
11785398115217482,Skoda,Superb,2017,Diesel,Automatic,190,98000,20800.0,https://www.mobile.bg/obiava-11785398115217482-skoda-superb-2-0-tdi-sportline-4x4
11789032870018851,Skoda,Superb,2020,Diesel,Automatic,190,215731,20900.0,https://www.mobile.bg/obiava-11789032870018851-skoda-superb-2-0-tdi-l-k-face-4x4-acc-panocanton-kam-sth-icarbg
11736156588121860,Skoda,Superb,2019,Diesel,Automatic,190,104475,20900.0,https://www.mobile.bg/obiava-11736156588121860-skoda-superb-2-0-tdi-l-k-4x4-digital
11790852768147917,Skoda,Superb,2020,Petrol,Automatic,190,139000,20999.0,https://www.mobile.bg/obiava-11790852768147917-skoda-superb
11764077225677803,Skoda,Superb,2020,Diesel,Automatic,190,179000,20999.0,https://www.mobile.bg/obiava-11764077225677803-skoda-superb-l-k
11787645263070092,Skoda,Superb,2021,Hybrid,Automatic,218,172000,20999.0,https://www.mobile.bg/obiava-11787645263070092-skoda-superb-1-4-tsi-plug-in-hybrid-218-k-c
11789650713486575,Skoda,Superb,2022,Diesel,Automatic,200,178000,21000.0,https://www.mobile.bg/obiava-11789650713486575-skoda-superb-combi-scout-2-0-tdi-147-kw-7dsg-4x4
11790782918174633,Skoda,Superb,2018,Diesel,Automatic,190,222895,21000.0,https://www.mobile.bg/obiava-11790782918174633-skoda-superb-iii
11780673010917843,Skoda,Superb,2020,Petrol,Automatic,150,116000,21000.0,https://www.mobile.bg/obiava-11780673010917843-skoda-superb
11783500818137357,Skoda,Superb,2022,Petrol,Automatic,218,94000,21000.0,https://www.mobile.bg/obiava-11783500818137357-skoda-superb-ambition-p-hev-dsg-1-4tsi-160-kw-218-k-s
11779979707005031,Skoda,Superb,2021,Diesel,Automatic,200,101656,21400.0,https://www.mobile.bg/obiava-11779979707005031-skoda-superb
11774448060998005,Skoda,Superb,2020,Petrol,Automatic,272,350000,21500.0,https://www.mobile.bg/obiava-11774448060998005-skoda-superb-scout-2-0-tsi-4x4
11786457531123166,Skoda,Superb,2022,Diesel,Automatic,200,173900,21500.0,https://www.mobile.bg/obiava-11786457531123166-skoda-superb-style-2-0tdi-200k-c-7at-4x4
11782150527881688,Skoda,Superb,2020,Diesel,Manual,150,215000,18000.0,https://www.mobile.bg/obiava-11782150527881688-skoda-superb-lauren-klement
11784981853042781,Skoda,Superb,2020,Diesel,Automatic,150,82000,21700.0,https://www.mobile.bg/obiava-11784981853042781-skoda-superb-2-0-tdi-150hp-laurin
11764085219016022,Skoda,Superb,2016,Petrol,Automatic,280,117011,21725.0,https://www.mobile.bg/obiava-11764085219016022-skoda-superb-4x4-280ps-panoramen-pokriv
11783500172026383,Skoda,Superb,2021,Hybrid,Automatic,218,142000,21900.0,https://www.mobile.bg/obiava-11783500172026383-skoda-superb-sportline-plug-in-germany
11788432400859279,Skoda,Superb,2019,Diesel,Automatic,190,106011,21900.0,https://www.mobile.bg/obiava-11788432400859279-skoda-superb-2-0-tdi-dsg-4x4-laurin-kllement
11788821152363461,Skoda,Superb,2022,Diesel,Automatic,200,180000,21999.0,https://www.mobile.bg/obiava-11788821152363461-skoda-superb-2-0tdi-200ks-4x4-sportline-panorama-facelift
11788187307012208,Skoda,Superb,2020,Diesel,Manual,150,94000,22000.0,https://www.mobile.bg/obiava-11788187307012208-skoda-superb-l-k
11783500982104773,Skoda,Superb,2022,Petrol,Automatic,218,70500,22000.0,https://www.mobile.bg/obiava-11783500982104773-skoda-superb-ambition-p-hev-dsg-1-4tsi-160-kw-218-k-s
11787119598258455,Skoda,Superb,2020,Diesel,Automatic,150,77508,22000.0,https://www.mobile.bg/obiava-11787119598258455-skoda-superb
11766239651350481,Skoda,Superb,2022,Hybrid,Automatic,211,36500,22000.0,https://www.mobile.bg/obiava-11766239651350481-skoda-superb-plug-in-hybrid
11774859800932829,Skoda,Superb,2019,Petrol,Automatic,272,99000,22000.0,https://www.mobile.bg/obiava-11774859800932829-skoda-superb-tsi
11781010003706247,Skoda,Superb,2020,Diesel,Automatic,190,116013,22500.0,https://www.mobile.bg/obiava-11781010003706247-skoda-superb-l-k-2-0tdi-190k-c-7at-4x4
11789988464172363,Skoda,Superb,2022,Diesel,Automatic,200,220000,22500.0,https://www.mobile.bg/obiava-11789988464172363-skoda-superb
11773084658988665,Skoda,Superb,2023,Diesel,Automatic,150,107000,22500.0,https://www.mobile.bg/obiava-11773084658988665-skoda-superb-style-plus-150-hp-autom-dsg-cam-led-navi-lizing
11732118394068489,Skoda,Superb,2020,Diesel,Automatic,190,154328,22660.0,https://www.mobile.bg/obiava-11732118394068489-skoda-superb-s-garantsiya2-0tdi-a-t-190ks
11780662886479934,Skoda,Superb,2023,Diesel,Automatic,200,99500,22700.0,https://www.mobile.bg/obiava-11780662886479934-skoda-superb-fece-4x4-200ks-99h-km-shveytsariya-palna-serv-ist
11780421529812928,Skoda,Superb,2020,Diesel,Manual,150,92843,22860.0,https://www.mobile.bg/obiava-11780421529812928-skoda-superb-l-k-2-0-tdi-m-t
11773828845952829,Skoda,Superb,2021,Petrol,Automatic,272,207731,22900.0,https://www.mobile.bg/obiava-11773828845952829-skoda-superb-2-0tsi-4x4-l-k-massage-pano-kam-keygo-obduhv-canto
11786716408540386,Skoda,Superb,2020,Diesel,Automatic,190,143938,22900.0,https://www.mobile.bg/obiava-11786716408540386-skoda-superb-2-0-tdi-7dsg-4x4
11786460764089316,Skoda,Superb,2019,Diesel,Automatic,190,229000,22999.0,https://www.mobile.bg/obiava-11786460764089316-skoda-superb-laurin-klement-top
11789398622484859,Skoda,Superb,2020,Diesel,Automatic,190,240000,23000.0,https://www.mobile.bg/obiava-11789398622484859-skoda-superb-2-0tdi-190cc-dsg7
11781961457446854,Skoda,Superb,2018,Diesel,Automatic,190,123800,23000.0,https://www.mobile.bg/obiava-11781961457446854-skoda-superb-l-k-2-0tdi-190k-c-7at-4x4-n1
11784044786234943,Skoda,Superb,2021,Diesel,Automatic,150,192000,23000.0,https://www.mobile.bg/obiava-11784044786234943-skoda-superb-face-lift-matrix-bi-led
11741688402835004,Skoda,Superb,2018,Diesel,Automatic,190,75000,23000.0,https://www.mobile.bg/obiava-11741688402835004-skoda-superb-2-0-tdi-190k-s-n1-4h4
11782115302048924,Skoda,Superb,2021,Diesel,Automatic,200,105200,23500.0,https://www.mobile.bg/obiava-11782115302048924-skoda-superb-suparb-skaut
11782979519974685,Skoda,Superb,2022,Petrol,Manual,150,83000,23500.0,https://www.mobile.bg/obiava-11782979519974685-skoda-superb-1-5-tsi-110-kw-150-k-s-6m
11775469977739744,Skoda,Superb,2020,Hybrid,Automatic,224,75000,23500.0,https://www.mobile.bg/obiava-11775469977739744-skoda-superb-iv
11780340133286398,Skoda,Superb,2018,Diesel,Automatic,190,91000,23500.0,https://www.mobile.bg/obiava-11780340133286398-skoda-superb-laurin-klement
11777469048514851,Skoda,Superb,2022,Diesel,Automatic,200,155841,23800.0,https://www.mobile.bg/obiava-11777469048514851-skoda-superb-style-2-0-tdi-200-k-s
11790255358687080,Skoda,Superb,2016,Petrol,Automatic,280,158000,19900.0,https://www.mobile.bg/obiava-11790255358687080-skoda-superb
11783926659927808,Skoda,Superb,2020,Diesel,Automatic,190,206700,23900.0,https://www.mobile.bg/obiava-11783926659927808-skoda-superb-2-0tdi-dsg-4x4-sportline-unikat
11783698499539808,Skoda,Superb,2020,Diesel,Automatic,190,176500,23900.0,https://www.mobile.bg/obiava-11783698499539808-skoda-superb-2-0tdi-4x4-scout-dsg-podgrev-kamera-virtual-distro
11743060907621927,Skoda,Superb,2019,Petrol,Automatic,272,170181,24200.0,https://www.mobile.bg/obiava-11743060907621927-skoda-superb-l-k
11773058419752744,Skoda,Superb,2022,Diesel,Automatic,150,136700,24400.0,https://www.mobile.bg/obiava-11773058419752744-skoda-superb-style-2-0-tdi-110kw-dg6
11788581648496643,Skoda,Superb,2022,Petrol,Automatic,280,159000,24500.0,https://www.mobile.bg/obiava-11788581648496643-skoda-superb
11786697804277392,Skoda,Superb,2020,Diesel,Manual,150,90000,24500.0,https://www.mobile.bg/obiava-11786697804277392-skoda-superb-2-0-150
11775204670148981,Skoda,Superb,2022,Diesel,Automatic,200,116000,20600.0,https://www.mobile.bg/obiava-11775204670148981-skoda-superb-4x4
11786105100786930,Skoda,Superb,2022,Diesel,Automatic,200,189000,25000.0,https://www.mobile.bg/obiava-11786105100786930-skoda-superb-2-0d-4x4-avtomatik
11788696039948667,Skoda,Superb,2019,Diesel,Automatic,190,140500,25490.0,https://www.mobile.bg/obiava-11788696039948667-skoda-superb-l-k-2-0-tdi-4x4-kombi-avtomatik-kozhen-salon
11789117903782589,Skoda,Superb,2021,Diesel,Automatic,200,160000,25500.0,https://www.mobile.bg/obiava-11789117903782589-skoda-superb-sportline-200ps
11781169829115278,Skoda,Superb,2022,Diesel,Automatic,200,97455,25500.0,https://www.mobile.bg/obiava-11781169829115278-skoda-superb-2-0-tdi-147-kw-200-k-s-7dsg-4x4
11785064468045525,Skoda,Superb,2022,Diesel,Automatic,150,103599,25660.0,https://www.mobile.bg/obiava-11785064468045525-skoda-superb-digital-s-garantsiya-2-0tdi-a-t
11776781448384440,Skoda,Superb,2020,Diesel,Automatic,190,102500,25799.0,https://www.mobile.bg/obiava-11776781448384440-skoda-superb-2-0tdi-190hp-l-k-canton-memo-ahk-navi-led-192q
11789839279199427,Skoda,Superb,2021,Diesel,Manual,150,79000,25900.0,https://www.mobile.bg/obiava-11789839279199427-skoda-superb
11782311768772943,Skoda,Superb,2020,Diesel,Automatic,150,72500,25900.0,https://www.mobile.bg/obiava-11782311768772943-skoda-superb-bussines
11762285486799997,Skoda,Superb,2020,Hybrid,Automatic,218,108740,21600.0,https://www.mobile.bg/obiava-11762285486799997-skoda-superb-1-4tsi-218k-s-l-k-plug-in-hybrid-matrixled
11779271971045342,Skoda,Superb,2022,Diesel,Manual,150,36000,26000.0,https://www.mobile.bg/obiava-11779271971045342-skoda-superb-2-0tdi-36000km
11786390632715036,Skoda,Superb,2021,Diesel,Automatic,200,130000,26000.0,https://www.mobile.bg/obiava-11786390632715036-skoda-superb-l-k-2-0tdi-4x4
11785342582093386,Skoda,Superb,2023,Diesel,Automatic,150,65000,26000.0,https://www.mobile.bg/obiava-11785342582093386-skoda-superb-2-0-tdi-7dsg
11737993393288333,Skoda,Superb,2021,Diesel,Automatic,150,108288,26260.0,https://www.mobile.bg/obiava-11737993393288333-skoda-superb-s-garantsiya-2-0tdi-a-t
11790837547388255,Skoda,Superb,2018,Petrol,Automatic,280,145000,26500.0,https://www.mobile.bg/obiava-11790837547388255-skoda-superb-l-k-2-0-tsi-280hp-4x4
11785227559560554,Skoda,Superb,2022,Diesel,Automatic,200,46350,26500.0,https://www.mobile.bg/obiava-11785227559560554-skoda-superb
11789023609140792,Skoda,Superb,2022,Diesel,Automatic,190,84000,26500.0,https://www.mobile.bg/obiava-11789023609140792-skoda-superb-scout-4h4
11782739758470145,Skoda,Superb,2023,Diesel,Automatic,200,71604,26500.0,https://www.mobile.bg/obiava-11782739758470145-skoda-superb-style-2-0-tdi-200-k-s-7dsg
11787232686270945,Skoda,Superb,2022,Diesel,Automatic,200,92300,26700.0,https://www.mobile.bg/obiava-11787232686270945-skoda-superb-skaut-2-0-tdi-200-k-s-7dsg-4h4
11790099546095312,Skoda,Superb,2021,Diesel,Automatic,195,86000,26900.0,https://www.mobile.bg/obiava-11790099546095312-skoda-superb-scout
11786516667111070,Skoda,Superb,2019,Diesel,Automatic,190,123000,27000.0,https://www.mobile.bg/obiava-11786516667111070-skoda-superb-2-0-tdi-dsg-laurin-klement
11785923790064665,Skoda,Superb,2022,Petrol,Automatic,190,49000,27000.0,https://www.mobile.bg/obiava-11785923790064665-skoda-superb-2-0-benzin
11789884790496967,Skoda,Superb,2019,Diesel,Automatic,190,265000,22500.0,https://www.mobile.bg/obiava-11789884790496967-skoda-superb-2-0-dsg-matrix-led-virtual-cockpit-sport-line
11785163695400902,Skoda,Superb,2021,Diesel,Automatic,150,87368,27500.0,https://www.mobile.bg/obiava-11785163695400902-skoda-superb-2-0-tdi-150-k-s-7dsg
11786110945708146,Skoda,Superb,2018,Diesel,Automatic,190,92000,23000.0,https://www.mobile.bg/obiava-11786110945708146-skoda-superb-l-k-n1
11786809027471330,Skoda,Superb,2021,Diesel,Automatic,200,128000,27900.0,https://www.mobile.bg/obiava-11786809027471330-skoda-superb-2-0tdi-dsg-4x4-virtual-ambient-kamera-memory
11783779963322004,Skoda,Superb,2021,Diesel,Automatic,200,79500,27900.0,https://www.mobile.bg/obiava-11783779963322004-skoda-superb-l-k-2-0-tdi-4x4
11779740419067490,Skoda,Superb,2023,Diesel,Automatic,200,68000,27999.0,https://www.mobile.bg/obiava-11779740419067490-skoda-superb
11758978631956977,Skoda,Superb,2019,Petrol,Automatic,272,135000,28300.0,https://www.mobile.bg/obiava-11758978631956977-skoda-superb-2-0-tsi-sportline-4x4
11779287032733065,Skoda,Superb,2022,Diesel,Automatic,200,42144,28500.0,https://www.mobile.bg/obiava-11779287032733065-skoda-superb-2-0tdi-200k-s-dsg-4x4
11782128829968343,Skoda,Superb,2022,Diesel,Automatic,200,78550,28999.0,https://www.mobile.bg/obiava-11782128829968343-skoda-superb-l-k
11783596850724440,Skoda,Superb,2022,Diesel,Automatic,200,91760,29399.0,https://www.mobile.bg/obiava-11783596850724440-skoda-superb-2-0-200hp-sportline-cam-matrix-navi-571z
11783422280837189,Skoda,Superb,2024,Diesel,Automatic,150,69120,29400.0,https://www.mobile.bg/obiava-11783422280837189-skoda-superb-2-0-tdi-150-k-s
11784638897865533,Skoda,Superb,2024,Petrol,Automatic,150,55910,29500.0,https://www.mobile.bg/obiava-11784638897865533-skoda-superb-skoda-superb-combi-1-5-tsi-150-k-s-04-2024-58
11789747057230747,Skoda,Superb,2023,Diesel,Automatic,150,54982,29500.0,https://www.mobile.bg/obiava-11789747057230747-skoda-superb-combi-2000-kub-150-k-s
11756058599442265,Skoda,Superb,2019,Diesel,Manual,150,72000,29900.0,https://www.mobile.bg/obiava-11756058599442265-skoda-superb-l-k
11787554375251584,Skoda,Superb,2022,Diesel,Automatic,200,67571,29900.0,https://www.mobile.bg/obiava-11787554375251584-skoda-superb-2-0-tdi-147-kw-combi-edition-facelift
11769003911535403,Skoda,Superb,2023,Diesel,Automatic,150,78316,29900.0,https://www.mobile.bg/obiava-11769003911535403-skoda-superb-style-plus-2-0-tdi-150-k-s-7-stepenna-avtomatichn
11790690246649496,Skoda,Superb,2023,Diesel,Automatic,200,80000,29900.0,https://www.mobile.bg/obiava-11790690246649496-skoda-superb-l-k-v-garantsiya-80000km
11787842539399039,Skoda,Superb,2022,Diesel,Automatic,200,64000,30000.0,https://www.mobile.bg/obiava-11787842539399039-skoda-superb
11779288685813017,Skoda,Superb,2021,Diesel,Automatic,200,99890,30450.0,https://www.mobile.bg/obiava-11779288685813017-skoda-superb-2-0tdi-200k-s-dsg-4x4-l-k
11787135609560737,Skoda,Superb,2023,Diesel,Automatic,200,49000,30500.0,https://www.mobile.bg/obiava-11787135609560737-skoda-superb
11789572526623641,Skoda,Superb,2023,Diesel,Automatic,200,89772,31000.0,https://www.mobile.bg/obiava-11789572526623641-skoda-superb-2000kub-200-k-s-4x4
11779697352313072,Skoda,Superb,2020,Petrol,Automatic,272,172000,31000.0,https://www.mobile.bg/obiava-11779697352313072-skoda-superb-2-0tsi-4x4-l-k
11780411992724639,Skoda,Superb,2023,Diesel,Automatic,150,53498,31500.0,https://www.mobile.bg/obiava-11780411992724639-skoda-superb-2-0-tdi-7dsg
11773054269614795,Skoda,Superb,2024,Diesel,Automatic,150,140853,31900.0,https://www.mobile.bg/obiava-11773054269614795-skoda-superb-2-0tdi-7dsg
11782467296013794,Skoda,Superb,2023,Diesel,Automatic,200,51500,31999.0,https://www.mobile.bg/obiava-11782467296013794-skoda-superb-laurent-klement-4x4
11790837252919080,Skoda,Superb,2024,Diesel,Automatic,200,54000,32000.0,https://www.mobile.bg/obiava-11790837252919080-skoda-superb-2-0-tdi-4x4-laurin-klement
11763732122242653,Skoda,Superb,2021,Diesel,Automatic,200,27000,33333.0,https://www.mobile.bg/obiava-11763732122242653-skoda-superb-l-k-2-0-tdi-dsg-4x4-acc-full
11780391756760794,Skoda,Superb,2025,Diesel,Automatic,193,23280,34000.0,https://www.mobile.bg/obiava-11780391756760794-skoda-superb-2-0tdi-4x4-7dsg
11783611946819852,Skoda,Superb,2025,Diesel,Automatic,150,66600,34000.0,https://www.mobile.bg/obiava-11783611946819852-skoda-superb-massage-360
11765800755108440,Skoda,Superb,2025,Diesel,Automatic,150,26000,29000.0,https://www.mobile.bg/obiava-11765800755108440-skoda-superb-2-0tdi-dsg-essence-lizing-carplay-garantsiya
11789993866187370,Skoda,Superb,2024,Diesel,Automatic,150,51000,34900.0,https://www.mobile.bg/obiava-11789993866187370-skoda-superb-l-k-2-0tdi-7dsg
11787318880036731,Skoda,Superb,2025,Petrol,Automatic,204,8880,34900.0,https://www.mobile.bg/obiava-11787318880036731-skoda-superb-2-0-tsi-204-k-c-selection
11790014153518904,Skoda,Superb,2023,Diesel,Automatic,200,80000,36000.0,https://www.mobile.bg/obiava-11790014153518904-skoda-superb
11776162448418387,Skoda,Superb,2024,Diesel,Automatic,193,36078,36900.0,https://www.mobile.bg/obiava-11776162448418387-skoda-superb-2-0-tdi-7dsg-4x4
11783690260769858,Skoda,Superb,2025,Diesel,Automatic,190,11500,37000.0,https://www.mobile.bg/obiava-11783690260769858-skoda-superb-4h4
11780048888041475,Skoda,Superb,2025,Diesel,Automatic,150,23300,30980.0,https://www.mobile.bg/obiava-11780048888041475-skoda-superb-2-0-tdi-combi-dcc-camera-led-massage
11781464484015489,Skoda,Superb,2023,Diesel,Automatic,200,39000,37990.0,https://www.mobile.bg/obiava-11781464484015489-skoda-superb-laurent-klement-4x4
11704471259866133,Skoda,Superb,2020,Petrol,Automatic,272,90000,39500.0,https://www.mobile.bg/obiava-11704471259866133-skoda-superb-2-0-tsi-sportline
11780743221228259,Skoda,Superb,2025,Hybrid,Automatic,204,20000,39900.0,https://www.mobile.bg/obiava-11780743221228259-skoda-superb-l-k
11779419780185247,Skoda,Superb,2024,Diesel,Automatic,150,36000,39999.0,https://www.mobile.bg/obiava-11779419780185247-skoda-superb-2-0tdi-laurent-klement-headup-360-camera-full-ful
11763844342318313,Skoda,Superb,2024,Petrol,Automatic,280,15000,40000.0,https://www.mobile.bg/obiava-11763844342318313-skoda-superb-scout-2-0-tsi-4x4-280-k-s
11790069533342025,Skoda,Superb,2024,Diesel,Automatic,193,15000,40500.0,https://www.mobile.bg/obiava-11790069533342025-skoda-superb-l-k
11786646306272058,Skoda,Superb,2023,Petrol,Automatic,280,82500,41000.0,https://www.mobile.bg/obiava-11786646306272058-skoda-superb-scout-2-0tsi-280hp-4x4-garantsiya-do-2028-g
11783607257276384,Skoda,Superb,2023,Diesel,Automatic,200,63413,41699.0,https://www.mobile.bg/obiava-11783607257276384-skoda-superb-2-0-200hp-sportline-4x4-pano-acc-kless-360-576z
11779189207496159,Skoda,Superb,2023,Petrol,Automatic,280,15700,41750.0,https://www.mobile.bg/obiava-11779189207496159-skoda-superb-sport-line
11780050252880344,Skoda,Superb,2025,Diesel,Automatic,150,17500,34980.0,https://www.mobile.bg/obiava-11780050252880344-skoda-superb-2-0-tdi-led-camera-dsg-memory-carplay
11763462007889178,Skoda,Superb,2025,Diesel,Automatic,150,9500,35500.0,https://www.mobile.bg/obiava-11763462007889178-skoda-superb-2-0tdi-distr-360cam-led-carplay
11780052707240852,Skoda,Superb,2025,Diesel,Automatic,150,26600,35980.0,https://www.mobile.bg/obiava-11780052707240852-skoda-superb-2-0-tdi-l-k-canton-head-up-dcc-pano
11786548548863672,Skoda,Superb,2025,Diesel,Automatic,150,14030,36600.0,https://www.mobile.bg/obiava-11786548548863672-skoda-superb-2-0-tdi-l-k-canton-head-up-panorama-matrix-led
11763462543721073,Skoda,Superb,2025,Diesel,Automatic,150,9300,38000.0,https://www.mobile.bg/obiava-11763462543721073-skoda-superb-2-0tdi-distr-pano-head-up-led
11786459849731781,Skoda,Superb,2025,Petrol,Automatic,265,45480,38700.0,https://www.mobile.bg/obiava-11786459849731781-skoda-superb-2-0-tsi-4x4-sportline-canton-matrix-led-head-up
11786460683897859,Skoda,Superb,2025,Diesel,Automatic,193,28500,38900.0,https://www.mobile.bg/obiava-11786460683897859-skoda-superb-2-0-tdi-4x4-l-k-combi-head-up-matrix-led-canton
11762355408877717,Skoda,Superb,2024,Diesel,Automatic,193,8950,39999.0,https://www.mobile.bg/obiava-11762355408877717-skoda-superb-lk-4x4-led
11786461034484506,Skoda,Superb,2025,Diesel,Automatic,193,34000,41500.0,https://www.mobile.bg/obiava-11786461034484506-skoda-superb-2-0-tdi-4x4-sportline-camera-matrix-led
11786460339248948,Skoda,Superb,2025,Petrol,Automatic,265,17490,41500.0,https://www.mobile.bg/obiava-11786460339248948-skoda-superb-2-0-tsi-4x4-l-k-combi-360-cam-canton
11763465161761370,Skoda,Superb,2025,Petrol,Automatic,204,100,41800.0,https://www.mobile.bg/obiava-11763465161761370-skoda-superb-2-0tsi-distr-360cam-keyless
11755763135113156,Skoda,Superb,2024,Diesel,Automatic,193,50,41800.0,https://www.mobile.bg/obiava-11755763135113156-skoda-superb-2-0-tdi-4x4-l-k-canton-360-camera-head-up
11763468070744089,Skoda,Superb,2025,Petrol,Automatic,204,5000,42000.0,https://www.mobile.bg/obiava-11763468070744089-skoda-superb-2-0tsi-sport-line-distr-head-up-memory-canton
11763470262922037,Skoda,Superb,2025,Petrol,Automatic,265,100,43000.0,https://www.mobile.bg/obiava-11763470262922037-skoda-superb-2-0tsi-sport-line-4x4-distr-memory-canton-ca
11763468495100978,Skoda,Superb,2025,Petrol,Automatic,204,100,44200.0,https://www.mobile.bg/obiava-11763468495100978-skoda-superb-2-0tsi-sport-line-distr-memory-keyless-canton
11789463587318752,Skoda,Superb,2026,Petrol,Automatic,265,7000,52000.0,https://www.mobile.bg/obiava-11789463587318752-skoda-superb-sport-line-massage-canton-keyless-4x4
11779421843532202,Skoda,Rapid,2015,Petrol,Manual,86,151000,4799.0,https://www.mobile.bg/obiava-11779421843532202-skoda-rapid-1-2tsi-euro5-151000km
11784959774119189,Skoda,Rapid,2013,Petrol,Manual,86,141000,3800.0,https://www.mobile.bg/obiava-11784959774119189-skoda-rapid-1-2-i
11790077386739873,Skoda,Rapid,2015,Gas/LPG,Manual,75,500000,4200.0,https://www.mobile.bg/obiava-11790077386739873-skoda-rapid
11779084072866826,Skoda,Rapid,2014,Diesel,Manual,90,183000,4950.0,https://www.mobile.bg/obiava-11779084072866826-skoda-rapid-1-6tdi-90-ks-evro5v-klimatronik
11754656708899565,Skoda,Rapid,2015,Petrol,Manual,86,182000,5000.0,https://www.mobile.bg/obiava-11754656708899565-skoda-rapid-1-2tsi-ambition-euro-5b-lizing
11756711178344586,Skoda,Rapid,2014,Diesel,Manual,90,182536,5500.0,https://www.mobile.bg/obiava-11756711178344586-skoda-rapid-top
11786208127712282,Skoda,Rapid,2016,Petrol,Manual,90,187000,5500.0,https://www.mobile.bg/obiava-11786208127712282-skoda-rapid-sedan-fabrichno-gaz
11787898336107170,Skoda,Rapid,2017,Diesel,Manual,115,184000,5500.0,https://www.mobile.bg/obiava-11787898336107170-skoda-rapid
11761642051897446,Skoda,Rapid,2016,Diesel,Manual,90,119023,5799.0,https://www.mobile.bg/obiava-11761642051897446-skoda-rapid-1-4tdi-euro6-36m-h-191eur
11780576673599571,Skoda,Rapid,2016,Petrol,Manual,110,127322,5990.0,https://www.mobile.bg/obiava-11780576673599571-skoda-rapid-1-2i-110hp-pano-carplay-lane-assist
11785960590948025,Skoda,Rapid,2014,Diesel,Manual,105,146000,5990.0,https://www.mobile.bg/obiava-11785960590948025-skoda-rapid-1-6tdi-105k-s-perfektna
11771596723805904,Skoda,Rapid,2014,Diesel,Manual,105,225000,6499.0,https://www.mobile.bg/obiava-11771596723805904-skoda-rapid-elegance-1-6tdi-105k-c-navi-xenon
11787651653685424,Skoda,Rapid,2014,Diesel,Automatic,90,168567,6600.0,https://www.mobile.bg/obiava-11787651653685424-skoda-rapid-dizel-1600kb
11776265854251328,Skoda,Rapid,2015,Diesel,Automatic,90,198585,6699.0,https://www.mobile.bg/obiava-11776265854251328-skoda-rapid-1-6tdi-avtomat-klima-evro5
11765195479845442,Skoda,Rapid,2013,Petrol,Automatic,122,200000,6900.0,https://www.mobile.bg/obiava-11765195479845442-skoda-rapid-1-4tsi-avtomat-122k-s-200000km-shveytsariya
11790684353652473,Skoda,Rapid,2015,Diesel,Manual,90,218000,6999.0,https://www.mobile.bg/obiava-11790684353652473-skoda-rapid-1-6tdi-90k-s-evro5-avtomat-germaniya
11779874095907230,Skoda,Rapid,2019,Petrol,Manual,95,116000,7000.0,https://www.mobile.bg/obiava-11779874095907230-skoda-rapid-1-0-tsi-facelift
11781859667318575,Skoda,Rapid,2014,Petrol,Automatic,122,102305,7900.0,https://www.mobile.bg/obiava-11781859667318575-skoda-rapid-1-4-tsi-avtomatik
11691178629663266,Skoda,Rapid,2015,Diesel,Manual,90,187500,7990.0,https://www.mobile.bg/obiava-11691178629663266-skoda-rapid-monte-carlo-1-6tdi-sobstven-lizing
11773146682718860,Skoda,Rapid,2018,Diesel,Manual,116,98500,10500.0,https://www.mobile.bg/obiava-11773146682718860-skoda-rapid-1-6tdi-spaceback-facelift
11783756712003076,Skoda,Rapid,2010,Diesel,Manual,90,144000,1999.0,https://www.mobile.bg/obiava-11783756712003076-skoda-rapid-1-6tdi-90k-s
11786443754077876,Skoda,Rapid,2013,Petrol,Manual,75,250000,2500.0,https://www.mobile.bg/obiava-11786443754077876-skoda-rapid-1-2-gaz-2013-g-2500efro
11774864195819360,Skoda,Rapid,2015,Petrol,Manual,75,231000,3900.0,https://www.mobile.bg/obiava-11774864195819360-skoda-rapid-1-2-tsi-75-ks
11788517991362030,Skoda,Rapid,2014,Diesel,Manual,105,150962,3990.0,https://www.mobile.bg/obiava-11788517991362030-skoda-rapid
11790113150336723,Skoda,Rapid,2014,Diesel,Manual,90,286400,4000.0,https://www.mobile.bg/obiava-11790113150336723-skoda-rapid
11758274677854951,Skoda,Rapid,2014,Petrol,Manual,75,250000,4150.0,https://www.mobile.bg/obiava-11758274677854951-skoda-rapid
11790257588396400,Skoda,Rapid,2016,Diesel,Automatic,90,221900,4200.0,https://www.mobile.bg/obiava-11790257588396400-skoda-rapid-1-4-tdi
11780822711715817,Skoda,Rapid,2015,Petrol,Manual,86,161000,4250.0,https://www.mobile.bg/obiava-11780822711715817-skoda-rapid-1-2-klimatronik-panorama-evro-5
11776087362371819,Skoda,Rapid,2014,Diesel,Manual,90,289000,4500.0,https://www.mobile.bg/obiava-11776087362371819-skoda-rapid-1-6
11783865057132008,Skoda,Rapid,2016,Diesel,Manual,90,154000,4900.0,https://www.mobile.bg/obiava-11783865057132008-skoda-rapid-1-4-tdi
11788612247482344,Skoda,Rapid,2016,Diesel,Manual,115,195000,5100.0,https://www.mobile.bg/obiava-11788612247482344-skoda-rapid
11780311006514798,Skoda,Rapid,2016,Diesel,Manual,90,187000,5200.0,https://www.mobile.bg/obiava-11780311006514798-skoda-rapid-1-4tdi-perfektna
11719470204307967,Skoda,Rapid,2016,Diesel,Manual,116,198270,5419.69,https://www.mobile.bg/obiava-11719470204307967-skoda-rapid-1-6-gotova-za-taksi
11784396915553995,Skoda,Rapid,2014,Petrol,Manual,75,164000,5500.0,https://www.mobile.bg/obiava-11784396915553995-skoda-rapid-1-2-tsi
11784370709922176,Skoda,Rapid,2014,Petrol,Manual,105,184000,5500.0,https://www.mobile.bg/obiava-11784370709922176-skoda-rapid-1-6tdi-kupuvana-ot-balgariya
11784877162472984,Skoda,Rapid,2017,Diesel,Manual,90,175650,5500.0,https://www.mobile.bg/obiava-11784877162472984-skoda-rapid-1-4-tdi-kli-italia
11781344459300292,Skoda,Rapid,2014,Petrol,Manual,82,99000,5700.0,https://www.mobile.bg/obiava-11781344459300292-skoda-rapid
11777751456180388,Skoda,Rapid Spaceback,2015,Petrol,Manual,90,112319,5800.0,https://www.mobile.bg/obiava-11777751456180388-skoda-rapid-spaceback-1-2-tsi
11680580839937338,Skoda,Rapid,2013,Diesel,Manual,105,198000,5900.0,https://www.mobile.bg/obiava-11680580839937338-skoda-rapid-1-6-tdi-105-k-c-evro-5
11786787614259964,Skoda,Rapid,2014,Diesel,Manual,90,160000,5990.0,https://www.mobile.bg/obiava-11786787614259964-skoda-rapid-1-6-tdi
11786117317527509,Skoda,Rapid,2015,Diesel,Manual,105,179206,5999.0,https://www.mobile.bg/obiava-11786117317527509-skoda-rapid-1-6tdi-105ks
11790771662501780,Skoda,Rapid,2013,Petrol,Manual,105,171500,6000.0,https://www.mobile.bg/obiava-11790771662501780-skoda-rapid
11741763208058384,Skoda,Rapid,2017,Diesel,Manual,116,170000,6134.99,https://www.mobile.bg/obiava-11741763208058384-skoda-rapid-11-2017g-gotov-za-taksi
11767801288321503,Skoda,Rapid,2014,Diesel,Automatic,90,128000,6200.0,https://www.mobile.bg/obiava-11767801288321503-skoda-rapid-1-6-tdi-automat
11787528748264823,Skoda,Rapid,2015,Petrol,Manual,75,56500,6250.0,https://www.mobile.bg/obiava-11787528748264823-skoda-rapid
11755615513228221,Skoda,Rapid,2015,Diesel,Manual,95,232555,6288.89,https://www.mobile.bg/obiava-11755615513228221-skoda-rapid
11787644953020262,Skoda,Rapid,2015,Diesel,Automatic,90,118000,6300.0,https://www.mobile.bg/obiava-11787644953020262-skoda-rapid-1-4
11788332434024904,Skoda,Rapid,2015,Diesel,Manual,90,180389,6300.0,https://www.mobile.bg/obiava-11788332434024904-skoda-rapid-1-6tdilizing-common-rail-90-konski-sili
11774467154436591,Skoda,Rapid,2017,Diesel,Manual,90,124000,6300.0,https://www.mobile.bg/obiava-11774467154436591-skoda-rapid-1-4tdi
11790620492858133,Skoda,Rapid,2015,Diesel,Manual,105,170500,6500.0,https://www.mobile.bg/obiava-11790620492858133-skoda-rapid
11784281312057440,Skoda,Rapid,2017,Petrol,Manual,110,152400,6500.0,https://www.mobile.bg/obiava-11784281312057440-skoda-rapid-1-2-4-tsilindara
11786475703659844,Skoda,Rapid,2016,Diesel,Automatic,90,163258,6500.0,https://www.mobile.bg/obiava-11786475703659844-skoda-rapid-1-4-tdi-dsg
11760940748655786,Skoda,Rapid,2018,Diesel,Manual,116,160900,6600.0,https://www.mobile.bg/obiava-11760940748655786-skoda-rapid-ambition-1-6tdi-116k-n1
11772635199243680,Skoda,Rapid,2014,Petrol,Manual,75,234168,6699.0,https://www.mobile.bg/obiava-11772635199243680-skoda-rapid
11787221844137078,Skoda,Rapid Spaceback,2018,Petrol,Manual,110,112000,6700.0,https://www.mobile.bg/obiava-11787221844137078-skoda-rapid-spaceback
11789999158126942,Skoda,Rapid,2014,Diesel,Manual,105,194000,6700.0,https://www.mobile.bg/obiava-11789999158126942-skoda-rapid
11789916799039319,Skoda,Rapid,2017,Petrol,Manual,110,136553,6700.0,https://www.mobile.bg/obiava-11789916799039319-skoda-rapid-1-2-tsi
11788333220794941,Skoda,Rapid Spaceback,2015,Diesel,Manual,105,183000,6750.0,https://www.mobile.bg/obiava-11788333220794941-skoda-rapid-spaceback
11789925266476055,Skoda,Rapid,2014,Diesel,Manual,90,186000,6800.0,https://www.mobile.bg/obiava-11789925266476055-skoda-rapid
11790334756939032,Skoda,Rapid,2016,Petrol,Automatic,90,128000,6850.0,https://www.mobile.bg/obiava-11790334756939032-skoda-rapid-1-2
11786785810674135,Skoda,Rapid,2014,Petrol,Automatic,122,160380,6900.0,https://www.mobile.bg/obiava-11786785810674135-skoda-rapid-avtomatik-dsg-1-4-122ks-podgrev
11786636785591724,Skoda,Rapid,2016,Diesel,Automatic,90,128000,6900.0,https://www.mobile.bg/obiava-11786636785591724-skoda-rapid-1-4-tdi-avtomatik-7dsg-kupena-ot-bg
11787424911737283,Skoda,Rapid,2017,Diesel,Automatic,90,177000,6999.0,https://www.mobile.bg/obiava-11787424911737283-skoda-rapid-1-400tdi-euro6
11764761918424028,Skoda,Rapid,2015,Diesel,Manual,90,172000,6999.0,https://www.mobile.bg/obiava-11764761918424028-skoda-rapid-1-6-tdi-90ks
11782811325443611,Skoda,Rapid,2017,Petrol,Manual,90,120000,6999.0,https://www.mobile.bg/obiava-11782811325443611-skoda-rapid-1-2i-17g-m-carlo
11787937097267614,Skoda,Rapid,2019,Petrol,Manual,110,151000,7000.0,https://www.mobile.bg/obiava-11787937097267614-skoda-rapid
11785060807771107,Skoda,Rapid Spaceback,2015,Diesel,Automatic,90,101227,7000.0,https://www.mobile.bg/obiava-11785060807771107-skoda-rapid-spaceback
11789323810707844,Skoda,Rapid,2016,Petrol,Manual,90,118500,7100.0,https://www.mobile.bg/obiava-11789323810707844-skoda-rapid
11789157209698425,Skoda,Rapid,2015,Petrol,Manual,105,200000,7200.0,https://www.mobile.bg/obiava-11789157209698425-skoda-rapid
11779705094993746,Skoda,Rapid Spaceback,2015,Petrol,Manual,90,153000,7200.0,https://www.mobile.bg/obiava-11779705094993746-skoda-rapid-spaceback-monte-carlo-panorama
11787385568364786,Skoda,Rapid,2016,Diesel,Manual,90,174000,7250.0,https://www.mobile.bg/obiava-11787385568364786-skoda-rapid-1-4-tdi-spaceback-scout-line-navi-evro-6
11788450597804286,Skoda,Rapid,2018,Diesel,Manual,90,188000,7400.0,https://www.mobile.bg/obiava-11788450597804286-skoda-rapid-1-4-tdi
11765357892917934,Skoda,Rapid,2019,Petrol,Manual,95,117500,7400.0,https://www.mobile.bg/obiava-11765357892917934-skoda-rapid-1-0-tsi
11765784656905162,Skoda,Rapid,2018,Petrol,Manual,97,166000,7400.0,https://www.mobile.bg/obiava-11765784656905162-skoda-rapid
11749975068972866,Skoda,Rapid,2018,Petrol,Manual,110,119930,8000.0,https://www.mobile.bg/obiava-11749975068972866-skoda-rapid-ambition
11772630367411252,Skoda,Rapid,2018,Petrol,Manual,110,98000,8000.0,https://www.mobile.bg/obiava-11772630367411252-skoda-rapid-space-back
11764775602771653,Skoda,Rapid,2016,Petrol,Automatic,125,142000,8590.0,https://www.mobile.bg/obiava-11764775602771653-skoda-rapid-monte-carlo-avtomatik
11780047868895884,Skoda,Rapid,2015,Diesel,Automatic,90,230000,8600.0,https://www.mobile.bg/obiava-11780047868895884-skoda-rapid-monte-carlo-1-4tdi
11606064308738079,Skoda,Rapid,2016,Diesel,Manual,90,144000,9198.14,https://www.mobile.bg/obiava-11606064308738079-skoda-rapid-1-4-tdi
11741795349485497,Skoda,Rapid,2015,Diesel,Manual,116,251000,9203.0,https://www.mobile.bg/obiava-11741795349485497-skoda-rapid-1-6
11782386745817641,Skoda,Rapid,2016,Diesel,Manual,115,300000,9750.0,https://www.mobile.bg/obiava-11782386745817641-skoda-rapid
11704211399455595,Skoda,Rapid,2017,Diesel,Manual,115,82000,10200.0,https://www.mobile.bg/obiava-11704211399455595-skoda-rapid-1-6d
11771354646476976,Skoda,Rapid Spaceback,2016,Diesel,Manual,115,67000,11000.0,https://www.mobile.bg/obiava-11771354646476976-skoda-rapid-spaceback
11759227863595798,Skoda,Rapid,2018,Petrol,Automatic,122,82144,11146.0,https://www.mobile.bg/obiava-11759227863595798-skoda-rapid-1-4i-122k-s
11785785612935109,Skoda,Rapid,2017,Petrol,Automatic,90,130125,10500.0,https://www.mobile.bg/obiava-11785785612935109-skoda-rapid
11773604267123764,Skoda,Rapid,2019,Petrol,Manual,95,65000,13000.0,https://www.mobile.bg/obiava-11773604267123764-skoda-rapid
11789295753015826,Skoda,Rapid,2018,Diesel,Automatic,90,97369,14260.0,https://www.mobile.bg/obiava-11789295753015826-skoda-rapid-a-t-euro-6-tdi
11785856163432792,Skoda,Rapid,2021,Petrol,Automatic,110,78800,15300.0,https://www.mobile.bg/obiava-11785856163432792-skoda-rapid
11790357792835257,Skoda,Roomster,2010,Petrol,Manual,70,210000,1700.0,https://www.mobile.bg/obiava-11790357792835257-skoda-roomster-1-2-hpt
11779116032742440,Skoda,Roomster,2014,Diesel,Manual,105,179163,1999.0,https://www.mobile.bg/obiava-11779116032742440-skoda-roomster-1-6tdi-2014g-klima-germaniya
11781765631292167,Skoda,Roomster,2008,Petrol,Automatic,120,271000,2800.0,https://www.mobile.bg/obiava-11781765631292167-skoda-roomster-1-6-avtomat-gaz-barter
11790709317364963,Skoda,Roomster,2007,Petrol,Manual,86,210000,3000.0,https://www.mobile.bg/obiava-11790709317364963-skoda-roomster
11768221938549018,Skoda,Roomster,2007,Petrol,Manual,90,214000,2600.0,https://www.mobile.bg/obiava-11768221938549018-skoda-roomster-1-4-benzin
11749387304891582,Skoda,Roomster,2009,Petrol,Manual,105,290000,3300.0,https://www.mobile.bg/obiava-11749387304891582-skoda-roomster-1-6-benzin-105ps
11778180901345025,Skoda,Roomster,2007,Petrol,Manual,70,178000,3399.0,https://www.mobile.bg/obiava-11778180901345025-skoda-roomster-1-2i-gaz-70ks
11752685649262624,Skoda,Roomster,2007,Diesel,Manual,80,224754,3800.0,https://www.mobile.bg/obiava-11752685649262624-skoda-roomster-scout-1-4-klima-vsichko-plateno-top-barter
11790619388367273,Skoda,Roomster,2013,Petrol,Manual,86,171000,3990.0,https://www.mobile.bg/obiava-11790619388367273-skoda-roomster-1-4i-16v-gaz-benzin
11771531633011464,Skoda,Roomster,2008,Petrol,Manual,90,107000,4000.0,https://www.mobile.bg/obiava-11771531633011464-skoda-roomster-1-4-90kc-scout-gt-sport-107000-km
11703926513585942,Skoda,Roomster,2008,Diesel,Manual,80,163400,4050.0,https://www.mobile.bg/obiava-11703926513585942-skoda-roomster-scout-80-k-c-lizing
11768402553398664,Skoda,Roomster,2012,Diesel,Manual,90,166910,4600.0,https://www.mobile.bg/obiava-11768402553398664-skoda-roomster-1-6tdi-servizna-istoriya-lizing
11788195219687252,Skoda,Roomster,2006,Petrol,Manual,86,215000,1700.0,https://www.mobile.bg/obiava-11788195219687252-skoda-roomster-1-4-lpg
11775703583839248,Skoda,Roomster,2007,Diesel,Manual,105,208000,1800.0,https://www.mobile.bg/obiava-11775703583839248-skoda-roomster
11777947052579869,Skoda,Roomster,2007,Diesel,Manual,105,210000,1950.0,https://www.mobile.bg/obiava-11777947052579869-skoda-roomster-1-9tdi-105ks-6skorosti-klimatronik
11787680980158719,Skoda,Roomster,2014,Petrol,Manual,80,156000,2300.0,https://www.mobile.bg/obiava-11787680980158719-skoda-roomster-realni-kilometri-dokazuemi
11719317000687884,Skoda,Roomster,2007,Petrol,Manual,86,180000,1999.0,https://www.mobile.bg/obiava-11719317000687884-skoda-roomster-1-4i16v-86ps-cng-italia
11785217687565015,Skoda,Roomster,2009,Diesel,Manual,105,300000,2400.0,https://www.mobile.bg/obiava-11785217687565015-skoda-roomster
11744643777488474,Skoda,Roomster,2007,Diesel,Manual,80,111111,2500.0,https://www.mobile.bg/obiava-11744643777488474-skoda-roomster-1-4tdi-top-sastoyanie
11764242302464722,Skoda,Roomster,2007,Petrol,Manual,70,170000,2500.0,https://www.mobile.bg/obiava-11764242302464722-skoda-roomster-1-2-mpi-12v
11776940209362773,Skoda,Roomster,2009,Diesel,Manual,105,230000,2500.0,https://www.mobile.bg/obiava-11776940209362773-skoda-roomster-1-9tdi-105k-c
11789054864005490,Skoda,Roomster,2008,Petrol,Manual,105,197800,2550.0,https://www.mobile.bg/obiava-11789054864005490-skoda-roomster-1-6-105k-s
11767461215141488,Skoda,Roomster,2013,Diesel,Manual,75,243000,2600.0,https://www.mobile.bg/obiava-11767461215141488-skoda-roomster-1-2tdi
11782037792700123,Skoda,Roomster,2008,Diesel,Manual,105,300000,2600.0,https://www.mobile.bg/obiava-11782037792700123-skoda-roomster
11784184059912696,Skoda,Roomster,2010,Petrol,Manual,70,160000,2699.0,https://www.mobile.bg/obiava-11784184059912696-skoda-roomster-italiya-gaz-klimatik-feislift
11787929342548294,Skoda,Roomster,2011,Diesel,Manual,75,302015,2800.0,https://www.mobile.bg/obiava-11787929342548294-skoda-roomster
11774201596254569,Skoda,Roomster,2013,Petrol,Manual,105,228000,2900.0,https://www.mobile.bg/obiava-11774201596254569-skoda-roomster-1-2tsi-105ks-klimatronik-podgrev-shveytsariya
11784970744905723,Skoda,Roomster,2011,Diesel,Manual,90,174000,2900.0,https://www.mobile.bg/obiava-11784970744905723-skoda-roomster-1-6tdi
11769746172611218,Skoda,Roomster,2008,Petrol,Manual,105,252000,2900.0,https://www.mobile.bg/obiava-11769746172611218-skoda-roomster
11774641336758736,Skoda,Roomster,2009,Diesel,Manual,105,340000,2950.0,https://www.mobile.bg/obiava-11774641336758736-skoda-roomster-1-9tdi
11752748306454856,Skoda,Roomster,2012,Diesel,Manual,75,200000,2990.0,https://www.mobile.bg/obiava-11752748306454856-skoda-roomster-1-2-tdi-75k-c-euro-5b-italia
11778947147214990,Skoda,Roomster,2009,Petrol,Manual,70,127200,2999.0,https://www.mobile.bg/obiava-11778947147214990-skoda-roomster-1-2-htp-127200-km-klima
11747315081265043,Skoda,Roomster,2009,Petrol,Manual,86,217000,2999.0,https://www.mobile.bg/obiava-11747315081265043-skoda-roomster-1-4-i-scout
11769688951882253,Skoda,Roomster,2006,Petrol,Manual,105,215000,3000.0,https://www.mobile.bg/obiava-11769688951882253-skoda-roomster
11787936171971222,Skoda,Roomster,2012,Petrol,Manual,86,215000,3050.0,https://www.mobile.bg/obiava-11787936171971222-skoda-roomster-1-2-tsi-ot-shkoda-balgariya
11785323820732504,Skoda,Roomster,2008,Petrol,Automatic,105,186000,3200.0,https://www.mobile.bg/obiava-11785323820732504-skoda-roomster-1-6-avtomatik-gazova-uredba
11765104351731091,Skoda,Roomster,2007,Petrol,Automatic,105,142000,3221.14,https://www.mobile.bg/obiava-11765104351731091-skoda-roomster-1-6i
11782399289258600,Skoda,Roomster,2012,Petrol,Manual,70,149000,3299.0,https://www.mobile.bg/obiava-11782399289258600-skoda-roomster-1-2i
11712178025648303,Skoda,Roomster,2007,Petrol,Manual,86,160000,3300.0,https://www.mobile.bg/obiava-11712178025648303-skoda-roomster-scout-1-4i-86k-c
11770193083724367,Skoda,Roomster,2011,Diesel,Manual,75,210000,3300.0,https://www.mobile.bg/obiava-11770193083724367-skoda-roomster
11781523123331946,Skoda,Roomster,2008,Petrol,Automatic,105,203889,3400.0,https://www.mobile.bg/obiava-11781523123331946-skoda-roomster-1-6i-automatic
11774966177370466,Skoda,Roomster,2008,Petrol,Manual,105,260000,3450.0,https://www.mobile.bg/obiava-11774966177370466-skoda-roomster-1-6-i-gaz
11781632380252486,Skoda,Roomster,2009,Petrol,Manual,69,166000,3500.0,https://www.mobile.bg/obiava-11781632380252486-skoda-roomster-1-2i-69ks-gaz-landi-renzo-166-000km-klimatik
11785309166192314,Skoda,Roomster,2013,Petrol,Manual,69,170522,3500.0,https://www.mobile.bg/obiava-11785309166192314-skoda-roomster-1-2i-lizing-realni-kilometri-servizni-dokument
11770886751761555,Skoda,Roomster,2008,Petrol,Manual,105,300000,3000.0,https://www.mobile.bg/obiava-11770886751761555-skoda-roomster-1-6-i
11782376439818144,Skoda,Roomster,2008,Petrol,Manual,105,203300,3600.0,https://www.mobile.bg/obiava-11782376439818144-skoda-roomster-1-6-lpg
11787401002893391,Skoda,Roomster,2009,Diesel,Manual,105,225242,3690.0,https://www.mobile.bg/obiava-11787401002893391-skoda-roomster-1-9-tdi-105-k-s-napalno-obsluzhen-kasko-top
11785503736301699,Skoda,Roomster,2014,Petrol,Manual,86,181000,3700.0,https://www.mobile.bg/obiava-11785503736301699-skoda-roomster
11752069636082059,Skoda,Roomster,2013,Petrol,Manual,86,156000,3700.0,https://www.mobile.bg/obiava-11752069636082059-skoda-roomster-1-4
11779120343832161,Skoda,Roomster,2012,Petrol,Manual,86,180000,3800.0,https://www.mobile.bg/obiava-11779120343832161-skoda-roomster
11789317164591533,Skoda,Roomster,2014,Diesel,Manual,90,240000,3900.0,https://www.mobile.bg/obiava-11789317164591533-skoda-roomster
11784384313595191,Skoda,Roomster,2015,Petrol,Manual,105,167000,3990.0,https://www.mobile.bg/obiava-11784384313595191-skoda-roomster-1-2tsi-facelift
11771518154347045,Skoda,Roomster,2011,Diesel,Manual,90,243988,3999.0,https://www.mobile.bg/obiava-11771518154347045-skoda-roomster-1-6-tdi
11697832236442291,Skoda,Roomster,2012,Petrol,Manual,70,226350,4000.0,https://www.mobile.bg/obiava-11697832236442291-skoda-roomster-1-2i-htp
11789556850430410,Skoda,Roomster,2014,Diesel,Manual,90,176500,4100.0,https://www.mobile.bg/obiava-11789556850430410-skoda-roomster-1-6tdi-klima-italia
11733041419354035,Skoda,Roomster,2013,Petrol,Manual,86,150000,4799.0,https://www.mobile.bg/obiava-11733041419354035-skoda-roomster-1-2tsi-86ps-scaut-italia
11766487177688612,Skoda,Roomster,2008,Petrol,Automatic,105,139800,4999.0,https://www.mobile.bg/obiava-11766487177688612-skoda-roomster-avtomat-benzin-s-gaz
11479481919014410,Skoda,Roomster,2011,Petrol,Manual,86,100000,5266.31,https://www.mobile.bg/obiava-11479481919014410-skoda-roomster-1-2-tsi
11783196955312112,Skoda,Roomster,2014,Diesel,Manual,90,172000,6200.0,https://www.mobile.bg/obiava-11783196955312112-skoda-roomster-1-6-tdi-90k-s-facelift-panorama
21790349171396357,Skoda,Yeti,2010,Diesel,Manual,110,191000,4800.0,https://www.mobile.bg/obiava-21790349171396357-skoda-yeti-2-0-tdi-4-215-4
21763979200998472,Skoda,Yeti,2010,Petrol,Manual,192,134000,6250.0,https://www.mobile.bg/obiava-21763979200998472-skoda-yeti-1-8tsi-134000km-4x4-192ps
21784736820223480,Skoda,Yeti,2014,Diesel,Manual,105,110000,6300.0,https://www.mobile.bg/obiava-21784736820223480-skoda-yeti-110000km-evrob5
21774878473239137,Skoda,Yeti,2011,Petrol,Manual,105,228000,3750.0,https://www.mobile.bg/obiava-21774878473239137-skoda-yeti-1-2tsi
21788279855821525,Skoda,Yeti,2012,Diesel,Manual,140,276400,4300.0,https://www.mobile.bg/obiava-21788279855821525-skoda-yeti-2-0-tdi-4x4
21777970220090441,Skoda,Yeti,2011,Diesel,Manual,140,286000,4300.0,https://www.mobile.bg/obiava-21777970220090441-skoda-yeti-2-0tdi-140k-s-4h4
21786514770377570,Skoda,Yeti,2012,Diesel,Manual,105,237869,4700.0,https://www.mobile.bg/obiava-21786514770377570-skoda-yeti-1-6-tdi-cr-105cv-experience-greenline
21760788557562007,Skoda,Yeti,2010,Diesel,Manual,140,231000,4900.0,https://www.mobile.bg/obiava-21760788557562007-skoda-yeti-2-0tdi-140k-s-4x4-navi-euro-5
21762805908618155,Skoda,Yeti,2010,Petrol,Automatic,105,166000,4900.0,https://www.mobile.bg/obiava-21762805908618155-skoda-yeti-dsg
21744002986588632,Skoda,Yeti,2010,Diesel,Manual,110,170243,4999.0,https://www.mobile.bg/obiava-21744002986588632-skoda-yeti-2-0tdi-110k-c-unikat
21757101437743192,Skoda,Yeti,2012,Petrol,Manual,105,152000,5500.0,https://www.mobile.bg/obiava-21757101437743192-skoda-yeti-1-2-tfsi-105kc-sport-152000km
21789879792629217,Skoda,Yeti,2012,Diesel,Manual,110,214000,5790.0,https://www.mobile.bg/obiava-21789879792629217-skoda-yeti-2-0tdi-110kc
21780472097392952,Skoda,Yeti,2014,Diesel,Manual,138,285000,5000.0,https://www.mobile.bg/obiava-21780472097392952-skoda-yeti
21790770592875121,Skoda,Yeti,2013,Diesel,Manual,110,190000,6200.0,https://www.mobile.bg/obiava-21790770592875121-skoda-yeti-2-0tdi-4x4-navi
21785933992021313,Skoda,Yeti,2011,Diesel,Manual,133,219000,6219.0,https://www.mobile.bg/obiava-21785933992021313-skoda-yeti-green-line
21760468164663104,Skoda,Yeti,2016,Diesel,Manual,105,173250,6300.0,https://www.mobile.bg/obiava-21760468164663104-skoda-yeti-1-6tdi-greenline-italiya
21746861149153190,Skoda,Yeti,2014,Diesel,Automatic,105,250000,6500.0,https://www.mobile.bg/obiava-21746861149153190-skoda-yeti-1-6tdi
21789593974587026,Skoda,Yeti,2014,Diesel,Automatic,105,100000,7299.0,https://www.mobile.bg/obiava-21789593974587026-skoda-yeti-avtomat-unikat
21737216330867647,Skoda,Yeti,2014,Diesel,Manual,105,134000,7350.0,https://www.mobile.bg/obiava-21737216330867647-skoda-yeti-1-6-tdi-avtomat-navig-134-000km
21780385658604653,Skoda,Yeti,2014,Diesel,Automatic,105,268000,7500.0,https://www.mobile.bg/obiava-21780385658604653-skoda-yeti-ambition-outdoor
21760456840725193,Skoda,Yeti,2011,Diesel,Automatic,140,239000,7700.0,https://www.mobile.bg/obiava-21760456840725193-skoda-yeti-2-0tdi-140hp-4h4-6-dsg-full
21782999708752596,Skoda,Yeti,2015,Diesel,Manual,110,139650,7777.0,https://www.mobile.bg/obiava-21782999708752596-skoda-yeti-2-0tdi-4x4
21786356943221431,Skoda,Yeti,2014,Diesel,Manual,140,173000,8400.0,https://www.mobile.bg/obiava-21786356943221431-skoda-yeti-2-0tdi-navi-monte-carlo-4x4-servizna-istoriya
21726161285173558,Skoda,Yeti,2015,Diesel,Manual,140,180000,9200.0,https://www.mobile.bg/obiava-21726161285173558-skoda-yeti-monte-carlo-2tdi-140hp
21780683029297215,Skoda,Yeti,2015,Diesel,Automatic,170,180000,9200.0,https://www.mobile.bg/obiava-21780683029297215-skoda-yeti-2-0tdi-170k-s-dsg-4x4
21785329718183856,Skoda,Yeti,2010,Petrol,Manual,105,209000,2500.0,https://www.mobile.bg/obiava-21785329718183856-skoda-yeti-1-2tsi-105kc
21786390679978730,Skoda,Yeti,2011,Petrol,Manual,110,246000,3100.0,https://www.mobile.bg/obiava-21786390679978730-skoda-yeti-benzin-gaz
21789178518234465,Skoda,Yeti,2010,Petrol,Manual,170,200000,3590.0,https://www.mobile.bg/obiava-21789178518234465-skoda-yeti
21790087167209732,Skoda,Yeti,2011,Petrol,Manual,105,107000,3599.0,https://www.mobile.bg/obiava-21790087167209732-skoda-yeti-1-2-tsi-6sk-klimatronik
21764697408036955,Skoda,Yeti,2010,Petrol,Manual,152,297000,3600.0,https://www.mobile.bg/obiava-21764697408036955-skoda-yeti-1-8-tsi-4x4
21788463331738974,Skoda,Yeti,2013,Petrol,Manual,122,240000,3700.0,https://www.mobile.bg/obiava-21788463331738974-skoda-yeti-1-4tsi
21730553173756851,Skoda,Yeti,2010,Petrol,Manual,160,187800,3800.0,https://www.mobile.bg/obiava-21730553173756851-skoda-yeti-1-8i-4x4
21724428915186582,Skoda,Yeti,2011,Petrol,Manual,105,179000,3850.0,https://www.mobile.bg/obiava-21724428915186582-skoda-yeti-1-2-t
21782069355420138,Skoda,Yeti,2010,Diesel,Manual,125,194134,3900.0,https://www.mobile.bg/obiava-21782069355420138-skoda-yeti
21790495182388803,Skoda,Yeti,2011,Petrol,Manual,105,226200,4000.0,https://www.mobile.bg/obiava-21790495182388803-skoda-yeti-1-2tsi
21784653432027041,Skoda,Yeti,2012,Diesel,Manual,170,270000,4000.0,https://www.mobile.bg/obiava-21784653432027041-skoda-yeti-2-0-tdi-4x4-170-k-s
21744269829691869,Skoda,Yeti,2011,Petrol,Manual,105,169000,4100.0,https://www.mobile.bg/obiava-21744269829691869-skoda-yeti-1-2-tsi-105hp
21787296835629597,Skoda,Yeti,2010,Diesel,Manual,110,240000,4199.0,https://www.mobile.bg/obiava-21787296835629597-skoda-yeti-2-0-tdi-4h4
21756704543410272,Skoda,Yeti,2010,Petrol,Manual,105,180000,4200.0,https://www.mobile.bg/obiava-21756704543410272-skoda-yeti-1-2tsi-105-italia
21766256131697536,Skoda,Yeti,2011,Petrol,Manual,105,158000,4200.0,https://www.mobile.bg/obiava-21766256131697536-skoda-yeti-1-2-tsi-gpl
21722861788251942,Skoda,Yeti,2013,Diesel,Manual,105,143723,4300.0,https://www.mobile.bg/obiava-21722861788251942-skoda-yeti-1-6tdi-lizing-greenline-105-konski-sili
21763903707828655,Skoda,Yeti,2009,Petrol,Manual,160,135000,4550.0,https://www.mobile.bg/obiava-21763903707828655-skoda-yeti
21726761885187642,Skoda,Yeti,2010,Petrol,Manual,160,155000,4600.0,https://www.mobile.bg/obiava-21726761885187642-skoda-yeti-1-8-turbo
21751368075477903,Skoda,Yeti,2011,Petrol,Manual,105,236623,4601.63,https://www.mobile.bg/obiava-21751368075477903-skoda-yeti
21751463519330074,Skoda,Yeti,2010,Diesel,Manual,110,184359,4800.0,https://www.mobile.bg/obiava-21751463519330074-skoda-yeti-2-0-110-k-s
21787992712468032,Skoda,Yeti,2010,Petrol,Manual,105,175000,4860.0,https://www.mobile.bg/obiava-21787992712468032-skoda-yeti
21782143276699006,Skoda,Yeti,2011,Diesel,Manual,105,213000,4960.0,https://www.mobile.bg/obiava-21782143276699006-skoda-yeti-otlichen-lichen
21789541303132596,Skoda,Yeti,2012,Diesel,Manual,105,222450,5150.0,https://www.mobile.bg/obiava-21789541303132596-skoda-yeti-greenline
21778497168098429,Skoda,Yeti,2012,Petrol,Manual,160,225500,5150.0,https://www.mobile.bg/obiava-21778497168098429-skoda-yeti-1-8t-4x4
21745492909247303,Skoda,Yeti,2009,Diesel,Manual,140,181000,5290.0,https://www.mobile.bg/obiava-21745492909247303-skoda-yeti-4x4
21783593430335289,Skoda,Yeti,2011,Petrol,Manual,105,156800,5300.0,https://www.mobile.bg/obiava-21783593430335289-skoda-yeti-1-2-tsi
21729954137366205,Skoda,Yeti,2011,Petrol,Manual,105,145000,5317.44,https://www.mobile.bg/obiava-21729954137366205-skoda-yeti-1-2-i
21766310237704246,Skoda,Yeti,2010,Petrol,Manual,122,168000,5499.0,https://www.mobile.bg/obiava-21766310237704246-skoda-yeti-1-4-122hp-navi-top
21789708451734150,Skoda,Yeti,2009,Diesel,Manual,140,245000,5500.0,https://www.mobile.bg/obiava-21789708451734150-skoda-yeti-tdi-4x4
21716133514391073,Skoda,Yeti,2010,Diesel,Automatic,140,203000,5500.0,https://www.mobile.bg/obiava-21716133514391073-skoda-yeti-2-0-tdi
21753893762168937,Skoda,Yeti,2010,Diesel,Manual,140,131500,5500.0,https://www.mobile.bg/obiava-21753893762168937-skoda-yeti-2-0tdi-4x4
21769884370143407,Skoda,Yeti,2010,Diesel,Manual,110,240000,5500.0,https://www.mobile.bg/obiava-21769884370143407-skoda-yeti-2-0tdi-110ks-6sk-4h4-n1-5mesta-avtopilot-euro
21782106906940974,Skoda,Yeti,2010,Diesel,Manual,110,214400,5500.0,https://www.mobile.bg/obiava-21782106906940974-skoda-yeti-2-0-tdi-4x4-carplay
21656354566074501,Skoda,Yeti,2010,Petrol,Manual,105,157600,5521.95,https://www.mobile.bg/obiava-21656354566074501-skoda-yeti-1-2tsi
21771339401713395,Skoda,Yeti,2012,Diesel,Automatic,140,197350,5600.0,https://www.mobile.bg/obiava-21771339401713395-skoda-yeti-2-0tdi-140ks-4h4-avtomat
21756907675259725,Skoda,Yeti,2010,Petrol,Automatic,105,122844,5623.7,https://www.mobile.bg/obiava-21756907675259725-skoda-yeti-1-2i-105ps-dsg-navi
21772703917011993,Skoda,Yeti,2011,Diesel,Manual,110,173000,5800.0,https://www.mobile.bg/obiava-21772703917011993-skoda-yeti-2-0tdi-4x4
21787864024129397,Skoda,Yeti,2012,Petrol,Automatic,160,180500,5800.0,https://www.mobile.bg/obiava-21787864024129397-skoda-yeti-4x4
21779133817612580,Skoda,Yeti,2013,Diesel,Manual,105,212000,5900.0,https://www.mobile.bg/obiava-21779133817612580-skoda-yeti-1-6-tdi
21782566422527737,Skoda,Yeti,2009,Diesel,Manual,140,293000,5950.0,https://www.mobile.bg/obiava-21782566422527737-skoda-yeti
21774790743720258,Skoda,Yeti,2015,Diesel,Manual,140,312000,5999.0,https://www.mobile.bg/obiava-21774790743720258-skoda-yeti-2-0-diesel
21775119314824460,Skoda,Yeti,2013,Petrol,Manual,160,153296,5999.0,https://www.mobile.bg/obiava-21775119314824460-skoda-yeti-1-8-4h4
21782047747959976,Skoda,Yeti,2015,Diesel,Manual,110,395000,6000.0,https://www.mobile.bg/obiava-21782047747959976-skoda-yeti
21766074056548433,Skoda,Yeti,2014,Diesel,Manual,105,171000,6050.0,https://www.mobile.bg/obiava-21766074056548433-skoda-yeti-1-6tdi
21790352050923756,Skoda,Yeti,2011,Diesel,Manual,110,205500,6100.0,https://www.mobile.bg/obiava-21790352050923756-skoda-yeti-2-0-tdi
21711878518093267,Skoda,Yeti,2013,Diesel,Manual,105,210000,6134.99,https://www.mobile.bg/obiava-21711878518093267-skoda-yeti-1-6tdi-n-o-v-a
21788282971233925,Skoda,Yeti,2011,Petrol,Manual,160,182000,6200.0,https://www.mobile.bg/obiava-21788282971233925-skoda-yeti-1-8-4x4
21748108047439284,Skoda,Yeti,2011,Petrol,Manual,105,246000,6200.0,https://www.mobile.bg/obiava-21748108047439284-skoda-yeti-1-2tsi-na-gaz
21756559694261213,Skoda,Yeti,2011,Diesel,Manual,170,248000,6200.0,https://www.mobile.bg/obiava-21756559694261213-skoda-yeti-2-0-tdi-170ks-4x4
21781774019705407,Skoda,Yeti,2012,Diesel,Manual,105,197000,6490.0,https://www.mobile.bg/obiava-21781774019705407-skoda-yeti-carplay-androidauto-waze-greenline-napalnoobsluzhen
21787919405700768,Skoda,Yeti,2011,Diesel,Automatic,140,190142,6499.0,https://www.mobile.bg/obiava-21787919405700768-skoda-yeti
21757957042234093,Skoda,Yeti,2014,Diesel,Manual,105,159000,6500.0,https://www.mobile.bg/obiava-21757957042234093-skoda-yeti-1-6tdi-105kc-159-000km-greenline-face-avtopilo
21758735180385097,Skoda,Yeti,2013,Diesel,Manual,110,215000,6500.0,https://www.mobile.bg/obiava-21758735180385097-skoda-yeti-2-0tdi-110ks-4h4-6sk-adventure-navi-panorama
21784623966436307,Skoda,Yeti,2015,Diesel,Manual,110,226286,6600.0,https://www.mobile.bg/obiava-21784623966436307-skoda-yeti-2-0tdi-110k-s-4h4
21775747569183753,Skoda,Yeti,2015,Diesel,Manual,105,143000,6700.0,https://www.mobile.bg/obiava-21775747569183753-skoda-yeti-nov-vnos-ot-italiya
21772298790833673,Skoda,Yeti,2015,Diesel,Manual,150,212000,6899.0,https://www.mobile.bg/obiava-21772298790833673-skoda-yeti-2-0-tdi
21763478373966956,Skoda,Yeti,2010,Diesel,Manual,110,250000,6900.0,https://www.mobile.bg/obiava-21763478373966956-skoda-yeti-2-0-tdi-4x4
21781022993390925,Skoda,Yeti,2014,Diesel,Manual,105,257000,6999.0,https://www.mobile.bg/obiava-21781022993390925-skoda-yeti-facelift-1-6tdi-105-greenline-0-parvonachalno
21765987335186145,Skoda,Yeti,2013,Diesel,Manual,170,257000,7000.0,https://www.mobile.bg/obiava-21765987335186145-skoda-yeti
21698453489758017,Skoda,Yeti,2011,Diesel,Manual,110,295000,7070.0,https://www.mobile.bg/obiava-21698453489758017-skoda-yeti
21780928433422164,Skoda,Yeti,2016,Diesel,Manual,105,239000,7100.0,https://www.mobile.bg/obiava-21780928433422164-skoda-yeti-kato-nova-greenline
21786091649112932,Skoda,Yeti,2012,Diesel,Automatic,140,280000,7200.0,https://www.mobile.bg/obiava-21786091649112932-skoda-yeti-2-0tdi-4h4-6-dsg
21786614989088335,Skoda,Yeti,2011,Petrol,Manual,140,160000,7200.0,https://www.mobile.bg/obiava-21786614989088335-skoda-yeti-2-0-4x4
21772347347631609,Skoda,Yeti,2013,Diesel,Manual,140,176000,7200.0,https://www.mobile.bg/obiava-21772347347631609-skoda-yeti-2-0tdi140ks6sk4x4tempomateu5b
21775833757216818,Skoda,Yeti,2012,Diesel,Manual,140,227000,7480.0,https://www.mobile.bg/obiava-21775833757216818-skoda-yeti-4h4-2-0tdi-140-k-c
21736240843764563,Skoda,Yeti,2011,Diesel,Automatic,140,251300,7500.0,https://www.mobile.bg/obiava-21736240843764563-skoda-yeti-2-0-tdi-dsg
21786360413168481,Skoda,Yeti,2015,Diesel,Manual,110,267000,7640.0,https://www.mobile.bg/obiava-21786360413168481-skoda-yeti-2-0tdi-110hp
21788617040561851,Skoda,Yeti,2016,Diesel,Automatic,105,176000,7800.0,https://www.mobile.bg/obiava-21788617040561851-skoda-yeti-1-6tdi-dsg
11743230885370987,Skoda,Yeti,2014,Diesel,Manual,110,97091,7800.0,https://www.mobile.bg/obiava-11743230885370987-skoda-yeti-2-0-tdi
21789030644361357,Skoda,Yeti,2009,Diesel,Manual,140,269000,7900.0,https://www.mobile.bg/obiava-21789030644361357-skoda-yeti-140-4x4
21763323740898858,Skoda,Yeti,2014,Diesel,Automatic,170,73000,7999.0,https://www.mobile.bg/obiava-21763323740898858-skoda-yeti-laurin-klement-4x4
21781105087496697,Skoda,Yeti,2015,Diesel,Manual,105,232572,7999.0,https://www.mobile.bg/obiava-21781105087496697-skoda-yeti
21755413262600300,Skoda,Yeti,2015,Diesel,Automatic,105,162000,8100.0,https://www.mobile.bg/obiava-21755413262600300-skoda-yeti-avtomat
21758284121043745,Skoda,Yeti,2015,Diesel,Manual,105,138000,8155.0,https://www.mobile.bg/obiava-21758284121043745-skoda-yeti-1-6tdi-138000km
21743515454276323,Skoda,Yeti,2011,Diesel,Automatic,140,199000,8200.0,https://www.mobile.bg/obiava-21743515454276323-skoda-yeti-2-0-tdi
21787928830584501,Skoda,Yeti,2013,Diesel,Automatic,140,208000,8200.0,https://www.mobile.bg/obiava-21787928830584501-skoda-yeti-adventure
21761234914827555,Skoda,Yeti,2016,Diesel,Manual,110,188625,8300.0,https://www.mobile.bg/obiava-21761234914827555-skoda-yeti-2-0-tdi
21781876220384791,Skoda,Yeti,2012,Diesel,Automatic,140,215000,8390.0,https://www.mobile.bg/obiava-21781876220384791-skoda-yeti-4h4-avtomatik
21762352859108918,Skoda,Yeti,2012,Diesel,Automatic,140,250000,8400.0,https://www.mobile.bg/obiava-21762352859108918-skoda-yeti-2-0-tdi-4x4-avtomatik-panorama-navi
21782458475265513,Skoda,Yeti,2011,Diesel,Automatic,140,212000,8499.0,https://www.mobile.bg/obiava-21782458475265513-skoda-yeti-2-0tdi-dsg-4x4-panorama
21758738612118856,Skoda,Yeti,2016,Diesel,Manual,110,151000,8800.0,https://www.mobile.bg/obiava-21758738612118856-skoda-yeti-2-0tdi
21750701811862934,Skoda,Yeti,2015,Diesel,Automatic,170,185000,8800.0,https://www.mobile.bg/obiava-21750701811862934-skoda-yeti-2-0tdi-4x4-dsg-170kc-l-k
21778518365393238,Skoda,Yeti,2014,Petrol,Manual,160,185637,9500.0,https://www.mobile.bg/obiava-21778518365393238-skoda-yeti-1-8-tsi-4x4-bi-xenon-kozha-navigatsiya
21788160858411769,Skoda,Yeti,2015,Diesel,Automatic,140,270000,9800.0,https://www.mobile.bg/obiava-21788160858411769-skoda-yeti-2-0-140hp-dsg-4x4-adventure
21767283388435192,Skoda,Yeti,2017,Diesel,Automatic,150,179000,9999.0,https://www.mobile.bg/obiava-21767283388435192-skoda-yeti-2-0-150-k-s-4h4-avtomatik
21771873823685004,Skoda,Yeti,2016,Diesel,Manual,110,150000,10000.0,https://www.mobile.bg/obiava-21771873823685004-skoda-yeti
21773948379876187,Skoda,Yeti,2015,Diesel,Automatic,170,240000,10300.0,https://www.mobile.bg/obiava-21773948379876187-skoda-yeti-2-0-tdi-4x4
21786832902188916,Skoda,Yeti,2012,Diesel,Automatic,150,79000,10500.0,https://www.mobile.bg/obiava-21786832902188916-skoda-yeti-2-0tdi-4h4-dsg-automatic
21746649256668190,Skoda,Yeti,2016,Diesel,Manual,150,196000,10992.78,https://www.mobile.bg/obiava-21746649256668190-skoda-yeti
21784866907816013,Skoda,Yeti,2015,Petrol,Manual,160,140000,11500.0,https://www.mobile.bg/obiava-21784866907816013-skoda-yeti-1-8-tsi-4x4-facelift
21786645445004677,Skoda,Yeti,2014,Diesel,Manual,140,104700,12300.0,https://www.mobile.bg/obiava-21786645445004677-skoda-yeti
21773303416066629,Skoda,Yeti,2016,Diesel,Manual,110,154068,12500.0,https://www.mobile.bg/obiava-21773303416066629-skoda-yeti-n1-2-0tdi-4x4-carplay-serivzna-istoriya
21748534424638866,Skoda,Yeti,2012,Petrol,Manual,122,166100,13000.0,https://www.mobile.bg/obiava-21748534424638866-skoda-yeti-1-4-tsi-34-family-34-122-k-s
21787407901095928,Skoda,Yeti,2017,Diesel,Manual,150,93000,15000.0,https://www.mobile.bg/obiava-21787407901095928-skoda-yeti-style
11782589696691298,Skoda,Citigo,2016,Petrol,Manual,75,211000,3850.0,https://www.mobile.bg/obiava-11782589696691298-skoda-citigo-1-0i-75ks-facelift-hob-bhoc
11789758174198984,Skoda,Citigo,2014,Petrol,Manual,60,190000,4100.0,https://www.mobile.bg/obiava-11789758174198984-skoda-citigo-metanova-fabrichna-uredba
11781811774436851,Skoda,Citigo,2013,Petrol,Manual,75,260000,2899.0,https://www.mobile.bg/obiava-11781811774436851-skoda-citigo-1-0
11778959344901150,Skoda,Citigo,2015,Petrol,Manual,68,195000,3300.0,https://www.mobile.bg/obiava-11778959344901150-skoda-citigo-1-0-mpi
11788869934467754,Skoda,Citigo,2018,Petrol,Manual,69,320000,3700.0,https://www.mobile.bg/obiava-11788869934467754-skoda-citigo
11786281168124795,Skoda,Citigo,2014,Petrol,Manual,68,182754,3800.0,https://www.mobile.bg/obiava-11786281168124795-skoda-citigo-benzin-metan
11777276148715400,Skoda,Citigo,2018,Petrol,Manual,68,161000,4390.0,https://www.mobile.bg/obiava-11777276148715400-skoda-citigo-1-0-68ps-2018-klima-metan
11777904571873567,Skoda,Citigo,2014,Petrol,Manual,60,107950,4495.0,https://www.mobile.bg/obiava-11777904571873567-skoda-citigo-1-0i-active
11771051053601502,Skoda,Citigo,2018,Petrol,Manual,68,190000,5600.0,https://www.mobile.bg/obiava-11771051053601502-skoda-citigo-1-0-68ps-klima-2018-benzin
11771495272578543,Skoda,Citigo,2013,Petrol,Automatic,75,141000,5600.0,https://www.mobile.bg/obiava-11771495272578543-skoda-citigo
11747119197719532,Skoda,Citigo,2016,Petrol,Automatic,75,137000,5623.0,https://www.mobile.bg/obiava-11747119197719532-skoda-citigo-1-0i-germaniya
11789918726901381,Skoda,Citigo,2018,Petrol,Manual,75,155226,7000.0,https://www.mobile.bg/obiava-11789918726901381-skoda-citigo
11757963999821953,Skoda,Citigo,2018,Petrol,Manual,75,122500,7000.0,https://www.mobile.bg/obiava-11757963999821953-skoda-citigo
11786894717831613,Skoda,Citigo,2017,Petrol,Manual,60,71000,7700.0,https://www.mobile.bg/obiava-11786894717831613-skoda-citigo
11789374881945680,Skoda,Citigo,2020,Electric,Automatic,83,59000,11599.0,https://www.mobile.bg/obiava-11789374881945680-skoda-citigo-iv-line-asist-zimen-paket-ccs
11777539517222540,Skoda,Scala,2026,Petrol,Automatic,115,14000,2499.0,https://www.mobile.bg/obiava-11777539517222540-skoda-scala-2499-evro-za-poluchavane-comfort-1-0-tsi-7dsg
11790749604958973,Skoda,Scala,2022,Petrol,Automatic,95,79000,3000.0,https://www.mobile.bg/obiava-11790749604958973-skoda-scala-style-1-0-tsi
11724089919642692,Skoda,Scala,2021,Petrol,Manual,95,159000,9700.0,https://www.mobile.bg/obiava-11724089919642692-skoda-scala-1-0tsi-21g
11767867275388277,Skoda,Scala,2020,Diesel,Automatic,116,258779,10500.0,https://www.mobile.bg/obiava-11767867275388277-skoda-scala-1-6-tdi-avtomat-led
11772478007294878,Skoda,Scala,2021,Diesel,Manual,115,141200,11499.0,https://www.mobile.bg/obiava-11772478007294878-skoda-scala
11789228492147202,Skoda,Scala,2019,Diesel,Automatic,116,180000,11599.0,https://www.mobile.bg/obiava-11789228492147202-skoda-scala-1-6tdi-avt-led-euro6d-ful-ekstri
11789573930243569,Skoda,Scala,2021,Petrol,Manual,95,53000,11900.0,https://www.mobile.bg/obiava-11789573930243569-skoda-scala-tsi-95-k-s-nova-ot-balgariya-150-eur-na-mesets
11790161755232279,Skoda,Scala,2021,Petrol,Manual,95,111128,11900.0,https://www.mobile.bg/obiava-11790161755232279-skoda-scala-1-0-tsi-style-edition-digital-cocpit
11765190538856823,Skoda,Scala,2021,Petrol,Manual,90,32000,12500.0,https://www.mobile.bg/obiava-11765190538856823-skoda-scala-1-0i-ben-metan
11790678968904025,Skoda,Scala,2020,Diesel,Automatic,120,150000,13500.0,https://www.mobile.bg/obiava-11790678968904025-skoda-scala
11785230630648365,Skoda,Scala,2020,Petrol,Manual,95,6000,13500.0,https://www.mobile.bg/obiava-11785230630648365-skoda-scala-1-0-tsi
11786203936946313,Skoda,Scala,2024,Petrol,Automatic,150,20000,17999.0,https://www.mobile.bg/obiava-11786203936946313-skoda-scala-1-5tfsi-v-garantsiya-style
11788814571422035,Skoda,Scala,2021,Petrol,Automatic,150,67000,18900.0,https://www.mobile.bg/obiava-11788814571422035-skoda-scala-1-5-tsi-dsg-monte-carlo-virtual-cockpit-pano
11743603948925435,Skoda,Scala,2021,Petrol,Automatic,150,71000,19000.0,https://www.mobile.bg/obiava-11743603948925435-skoda-scala-1-5tsi-150k-s
11790146401546612,Skoda,Scala,2025,Petrol,Automatic,150,20000,22000.0,https://www.mobile.bg/obiava-11790146401546612-skoda-scala-1-5-tsi-parvi-sobstvenik
11785992240616073,Skoda,Scala,2020,Petrol,Manual,95,260000,7999.0,https://www.mobile.bg/obiava-11785992240616073-skoda-scala-1-0tsi-95hp-keyless-go-led-sobstven-lizing
11785854750234430,Skoda,Scala,2022,Gas/LPG,Manual,90,158387,8990.0,https://www.mobile.bg/obiava-11785854750234430-skoda-scala-selection-1-0-g-tec-cng
11785417638985463,Skoda,Scala,2022,Gas/LPG,Manual,90,127847,8990.0,https://www.mobile.bg/obiava-11785417638985463-skoda-scala-selection-1-0-g-tec-cng
11790085851771908,Skoda,Scala,2022,Petrol,Manual,95,199000,8990.0,https://www.mobile.bg/obiava-11790085851771908-skoda-scala-1-0i-eur-6
11783848858447081,Skoda,Scala,2021,Diesel,Automatic,116,280000,9000.0,https://www.mobile.bg/obiava-11783848858447081-skoda-scala
11789652232385714,Skoda,Scala,2020,Petrol,Manual,95,165000,9000.0,https://www.mobile.bg/obiava-11789652232385714-skoda-scala
11787491108395316,Skoda,Scala,2021,Petrol,Manual,115,160000,9500.0,https://www.mobile.bg/obiava-11787491108395316-skoda-scala
11789669889991966,Skoda,Scala,2019,Petrol,Manual,116,63000,10300.0,https://www.mobile.bg/obiava-11789669889991966-skoda-scala-full-led-keyless-carplay-63000km
11790075542819521,Skoda,Scala,2021,Petrol,Manual,90,203000,10990.0,https://www.mobile.bg/obiava-11790075542819521-skoda-scala-1-0i-g-tec-cng
11784191946485949,Skoda,Scala,2021,Petrol,Manual,95,107780,11500.0,https://www.mobile.bg/obiava-11784191946485949-skoda-scala-1-0-tsi-70-kw-95-k-s-5m
11786788677625546,Skoda,Scala,2023,Petrol,Manual,95,71000,11800.0,https://www.mobile.bg/obiava-11786788677625546-skoda-scala-1-2-i
11778070702194274,Skoda,Scala,2020,Diesel,Manual,115,122000,11900.0,https://www.mobile.bg/obiava-11778070702194274-skoda-scala
11788273149734214,Skoda,Scala,2020,Diesel,Automatic,116,179080,12500.0,https://www.mobile.bg/obiava-11788273149734214-skoda-scala-1-6-tdi-style-dsg
11789651620046659,Skoda,Scala,2021,Petrol,Manual,110,137000,12800.0,https://www.mobile.bg/obiava-11789651620046659-skoda-scala-ambition-1-0
11774255257102194,Skoda,Scala,2020,Petrol,Manual,95,144008,12900.0,https://www.mobile.bg/obiava-11774255257102194-skoda-scala-1-0-tsi
11780565987455987,Skoda,Scala,2021,Petrol,Manual,110,111541,12900.0,https://www.mobile.bg/obiava-11780565987455987-skoda-scala-business-1-0-tsi-110-k-s-6-stepenna-mehanichna
11790175607751172,Skoda,Scala,2020,Petrol,Manual,150,101877,13000.0,https://www.mobile.bg/obiava-11790175607751172-skoda-scala-1-5-tsi-6m
11790669577214281,Skoda,Scala,2020,Diesel,Automatic,120,150000,13000.0,https://www.mobile.bg/obiava-11790669577214281-skoda-scala
11789651049748110,Skoda,Scala,2022,Petrol,Automatic,150,109000,13000.0,https://www.mobile.bg/obiava-11789651049748110-skoda-scala-ambition-1-5
11789651745795428,Skoda,Scala,2021,Petrol,Manual,110,126000,13400.0,https://www.mobile.bg/obiava-11789651745795428-skoda-scala-ambition-1-0
11789216501857145,Skoda,Scala,2019,Petrol,Manual,95,92000,13499.0,https://www.mobile.bg/obiava-11789216501857145-skoda-scala
11783933781356585,Skoda,Scala,2021,Petrol,Manual,110,69298,13600.0,https://www.mobile.bg/obiava-11783933781356585-skoda-scala-ambition-1-0-tsi-110-k-s
11789833398587331,Skoda,Scala,2023,Gas/LPG,Automatic,110,97000,13900.0,https://www.mobile.bg/obiava-11789833398587331-skoda-scala-dsg-lpg-garantsiya
11789399597722306,Skoda,Scala,2021,Petrol,Automatic,110,110543,14000.0,https://www.mobile.bg/obiava-11789399597722306-skoda-scala-1-0-tsi
11779184513631079,Skoda,Scala,2022,Petrol,Automatic,110,110000,14500.0,https://www.mobile.bg/obiava-11779184513631079-skoda-scala-tsi-1-0
11788085575718438,Skoda,Scala,2021,Petrol,Manual,150,60000,14600.0,https://www.mobile.bg/obiava-11788085575718438-skoda-scala
11773735360727817,Skoda,Scala,2020,Diesel,Manual,115,119883,14660.0,https://www.mobile.bg/obiava-11773735360727817-skoda-scala-s-garantsiya-1-6-tdi
11779273823662436,Skoda,Scala,2019,Petrol,Automatic,150,125000,14800.0,https://www.mobile.bg/obiava-11779273823662436-skoda-scala-1-5-tsi-lizing
11776415457381459,Skoda,Scala,2022,Petrol,Manual,95,30634,14900.0,https://www.mobile.bg/obiava-11776415457381459-skoda-scala-1-0-tsi
11790325750400387,Skoda,Scala,2024,Petrol,Manual,110,24206,15000.0,https://www.mobile.bg/obiava-11790325750400387-skoda-scala-1-0-tsi-110-k-s
11781786043685881,Skoda,Scala,2024,Petrol,Automatic,110,129327,15400.0,https://www.mobile.bg/obiava-11781786043685881-skoda-scala-1-0tsi-110k-s-dsg
11780751510787554,Skoda,Scala,2024,Petrol,Automatic,116,2496,15600.0,https://www.mobile.bg/obiava-11780751510787554-skoda-scala-realni-km
11777446148270657,Skoda,Scala,2022,Petrol,Automatic,115,134769,15990.0,https://www.mobile.bg/obiava-11777446148270657-skoda-scala-mesechna-vnoska-ot-195
11780558622846582,Skoda,Scala,2021,Petrol,Automatic,110,29800,16500.0,https://www.mobile.bg/obiava-11780558622846582-skoda-scala-ambition-1-0tsi-110k-c-7at
11785872284533273,Skoda,Scala,2021,Petrol,Automatic,150,105000,16990.0,https://www.mobile.bg/obiava-11785872284533273-skoda-scala-1-5tsi-automatic
11782821139954330,Skoda,Scala,2024,Petrol,Manual,95,20600,17499.0,https://www.mobile.bg/obiava-11782821139954330-skoda-scala
11781639779893162,Skoda,Scala,2024,Petrol,Manual,150,44000,17950.0,https://www.mobile.bg/obiava-11781639779893162-skoda-scala-1-5-tsi-garantsiya
11788965208244545,Skoda,Scala,2023,Petrol,Manual,110,57000,18000.0,https://www.mobile.bg/obiava-11788965208244545-skoda-scala-ambishan-1-0-tsi-110-k-s-6m-gaz
11785507026652657,Skoda,Scala,2022,Petrol,Automatic,150,82000,18150.0,https://www.mobile.bg/obiava-11785507026652657-skoda-scala
11785245731231125,Skoda,Scala,2022,Petrol,Automatic,150,41700,18200.0,https://www.mobile.bg/obiava-11785245731231125-skoda-scala-1-5-tsi-7dsg-v-garantsiya
11757509916400606,Skoda,Scala,2024,Petrol,Automatic,116,90000,18700.0,https://www.mobile.bg/obiava-11757509916400606-skoda-scala-gotov-lizing-s-gaz-monte-karlo
11769980632178755,Skoda,Scala,2024,Petrol,Automatic,150,32900,19000.0,https://www.mobile.bg/obiava-11769980632178755-skoda-scala-edition
11779027161427811,Skoda,Scala,2024,Petrol,Automatic,150,44500,19300.0,https://www.mobile.bg/obiava-11779027161427811-skoda-scala-1-5-tsi-7-dsg-selection-full-led-matrix
11786701544990156,Skoda,Scala,2025,Petrol,Automatic,115,3850,21000.0,https://www.mobile.bg/obiava-11786701544990156-skoda-scala-1-0-tsi-7dsg
11781169763186802,Skoda,Scala,2025,Petrol,Manual,150,4720,21900.0,https://www.mobile.bg/obiava-11781169763186802-skoda-scala-monte-carlo
11773138468764032,Skoda,Scala,2023,Petrol,Automatic,110,61574,23299.0,https://www.mobile.bg/obiava-11773138468764032-skoda-scala-1-0tfsi-116hp-montecarlo-pano-cam-matrix-navi-130z
11789367507007341,Skoda,Scala,2026,Petrol,Automatic,115,14000,23500.0,https://www.mobile.bg/obiava-11789367507007341-skoda-scala-comfort-1-0-tsi-7dsg
11721978077733399,Skoda,Scala,2023,Petrol,Automatic,150,3000,26070.0,https://www.mobile.bg/obiava-11721978077733399-skoda-scala-led-navi-keyless-kam-sobstven-lizing
11773137055521123,Skoda,Scala,2025,Petrol,Automatic,116,18671,27199.0,https://www.mobile.bg/obiava-11773137055521123-skoda-scala-1-0tfsi-116hp-montecarlo-pano-cam-matrix-navi-128z
11773135618364513,Skoda,Scala,2025,Petrol,Automatic,150,23618,30799.0,https://www.mobile.bg/obiava-11773135618364513-skoda-scala-1-5dsg-150hp-montecarlo-cam-matrix-pano-cam-128z
21789915622701829,Skoda,Kamiq,2021,Petrol,Manual,90,128000,14900.0,https://www.mobile.bg/obiava-21789915622701829-skoda-kamiq-1-0-g-tec-monte-carlo
21783591039620863,Skoda,Kamiq,2021,Petrol,Automatic,150,62000,19490.0,https://www.mobile.bg/obiava-21783591039620863-skoda-kamiq-monte-carlo-edition-varnat-ot-lizing
21783525493845224,Skoda,Kamiq,2021,Petrol,Manual,95,170000,11499.0,https://www.mobile.bg/obiava-21783525493845224-skoda-kamiq-1-0-tsi-unikat
21761687714624271,Skoda,Kamiq,2020,Diesel,Automatic,115,148000,13999.0,https://www.mobile.bg/obiava-21761687714624271-skoda-kamiq-keyless-digitalno-tablo-avtomatik
21776448765158086,Skoda,Kamiq,2020,Diesel,Automatic,116,211000,14700.0,https://www.mobile.bg/obiava-21776448765158086-skoda-kamiq-1-6tdi-dsg-116hp-digital-top-sastoyanie
21778678390381051,Skoda,Kamiq,2023,Petrol,Automatic,150,199723,15000.0,https://www.mobile.bg/obiava-21778678390381051-skoda-kamiq-1-5-tsi-150ks-avtomat-digitalno-tablo-garantsiya
21781527423838600,Skoda,Kamiq,2021,Petrol,Automatic,150,96000,16400.0,https://www.mobile.bg/obiava-21781527423838600-skoda-kamiq-1-5tsi-4-tsilindara-avtomatik-96000km
21782208981489627,Skoda,Kamiq,2020,Diesel,Automatic,116,130000,17500.0,https://www.mobile.bg/obiava-21782208981489627-skoda-kamiq-1-6tdi-montecarlo-kamera-panorama-full
21786809996926736,Skoda,Kamiq,2020,Petrol,Automatic,150,125000,17900.0,https://www.mobile.bg/obiava-21786809996926736-skoda-kamiq-monte-carlo
21788809462319906,Skoda,Kamiq,2023,Petrol,Automatic,150,87795,18499.0,https://www.mobile.bg/obiava-21788809462319906-skoda-kamiq-1-5-tsi
21787385383021759,Skoda,Kamiq,2021,Petrol,Manual,110,57955,10250.0,https://www.mobile.bg/obiava-21787385383021759-skoda-kamiq-ambition
21776250169403522,Skoda,Kamiq,2021,Petrol,Manual,90,66200,12000.0,https://www.mobile.bg/obiava-21776250169403522-skoda-kamiq-fabrichen-metan
21783945881591692,Skoda,Kamiq,2020,Petrol,Manual,116,110200,12500.0,https://www.mobile.bg/obiava-21783945881591692-skoda-kamiq-1-0-tsi-116kc
21782921168568667,Skoda,Kamiq,2022,Petrol,Manual,96,132185,12600.0,https://www.mobile.bg/obiava-21782921168568667-skoda-kamiq
11647194276417681,Skoda,Kamiq,2020,Petrol,Automatic,115,124000,13500.0,https://www.mobile.bg/obiava-11647194276417681-skoda-kamiq-1-0tsi-dsg
21788960813696273,Skoda,Kamiq,2020,Petrol,Manual,90,141000,13500.0,https://www.mobile.bg/obiava-21788960813696273-skoda-kamiq-1-0-g-tec
21773953826032022,Skoda,Kamiq,2021,Petrol,Automatic,110,210000,13900.0,https://www.mobile.bg/obiava-21773953826032022-skoda-kamiq-1-0-tsi-dsg-carplay-camera-full-led-eu-6
21775644934746058,Skoda,Kamiq,2020,Diesel,Automatic,116,170900,14000.0,https://www.mobile.bg/obiava-21775644934746058-skoda-kamiq-1-6tdi-dsg-euro6d
21774090017158609,Skoda,Kamiq,2020,Petrol,Manual,90,104000,14300.0,https://www.mobile.bg/obiava-21774090017158609-skoda-kamiq-1-0-g-tec-se-l-edition-104-000km
21764863662473129,Skoda,Kamiq,2021,Diesel,Automatic,116,156258,14500.0,https://www.mobile.bg/obiava-21764863662473129-skoda-kamiq
21780039857090897,Skoda,Kamiq,2021,Petrol,Automatic,115,75000,14600.0,https://www.mobile.bg/obiava-21780039857090897-skoda-kamiq-1-0-tsi
21787678714990526,Skoda,Kamiq,2022,Petrol,Manual,110,19500,15980.0,https://www.mobile.bg/obiava-21787678714990526-skoda-kamiq
21772095082705583,Skoda,Kamiq,2022,Petrol,Manual,150,76600,16200.0,https://www.mobile.bg/obiava-21772095082705583-skoda-kamiq-1-5-tsi
21752059270388239,Skoda,Kamiq,2021,Petrol,Automatic,110,37989,16500.0,https://www.mobile.bg/obiava-21752059270388239-skoda-kamiq-ambition
21778660351054522,Skoda,Kamiq,2023,Petrol,Automatic,110,38247,16900.0,https://www.mobile.bg/obiava-21778660351054522-skoda-kamiq-1-0-tsi
21787924072756534,Skoda,Kamiq,2020,Diesel,Automatic,116,118000,17000.0,https://www.mobile.bg/obiava-21787924072756534-skoda-kamiq
21788437071654951,Skoda,Kamiq,2022,Diesel,Automatic,110,100720,17399.0,https://www.mobile.bg/obiava-21788437071654951-skoda-kamiq-active-110hp-cplay-navi-led-acc-666q
21746387084087120,Skoda,Kamiq,2023,Petrol,Manual,110,23000,17900.0,https://www.mobile.bg/obiava-21746387084087120-skoda-kamiq
21789481634252622,Skoda,Kamiq,2022,Petrol,Manual,90,67300,17900.0,https://www.mobile.bg/obiava-21789481634252622-skoda-kamiq-g-tec-fabrichen-metan
21779897556514054,Skoda,Kamiq,2021,Petrol,Automatic,150,96000,17999.0,https://www.mobile.bg/obiava-21779897556514054-skoda-kamiq-1-5-benzin
21785825053211506,Skoda,Kamiq,2023,Petrol,Manual,95,9800,18500.0,https://www.mobile.bg/obiava-21785825053211506-skoda-kamiq
21763405931942039,Skoda,Kamiq,2024,Petrol,Manual,115,13400,18900.0,https://www.mobile.bg/obiava-21763405931942039-skoda-kamiq-edition
21788516982207090,Skoda,Kamiq,2023,Petrol,Automatic,110,130200,19299.0,https://www.mobile.bg/obiava-21788516982207090-skoda-kamiq-monte-carlo-110hp-pano-360-led-navi-cplay-667q
21745318026504211,Skoda,Kamiq,2025,Petrol,Manual,99,9000,19429.09,https://www.mobile.bg/obiava-21745318026504211-skoda-kamiq-1-otsi
21760682919809785,Skoda,Kamiq,2022,Petrol,Automatic,81,55000,19700.0,https://www.mobile.bg/obiava-21760682919809785-skoda-kamiq
21790692692509845,Skoda,Kamiq,2024,Petrol,Automatic,115,20000,19900.0,https://www.mobile.bg/obiava-21790692692509845-skoda-kamiq
21788530720377111,Skoda,Kamiq,2023,Petrol,Automatic,110,99000,20399.0,https://www.mobile.bg/obiava-21788530720377111-skoda-kamiq-monte-carlo-110hp-dsg-pano-cam-led-navi-kless-668q
21790865587951080,Skoda,Kamiq,2025,Petrol,Manual,115,42000,20500.0,https://www.mobile.bg/obiava-21790865587951080-skoda-kamiq
21787667967286637,Skoda,Kamiq,2024,Petrol,Automatic,150,8231,20500.0,https://www.mobile.bg/obiava-21787667967286637-skoda-kamiq
21788934227668128,Skoda,Kamiq,2025,Petrol,Automatic,115,57580,20600.0,https://www.mobile.bg/obiava-21788934227668128-skoda-kamiq-kamik-monte-karlo-1-0-tsi-85-kw-115-k-s-7ds
21789842215084327,Skoda,Kamiq,2024,Petrol,Automatic,150,27000,21400.0,https://www.mobile.bg/obiava-21789842215084327-skoda-kamiq-edition-1-5-tsi-150-k-s-7dsg
21789484451375318,Skoda,Kamiq,2025,Petrol,Automatic,150,4000,21900.0,https://www.mobile.bg/obiava-21789484451375318-skoda-kamiq-4000km-chisto-nova-garantsiya
21786898203993147,Skoda,Kamiq,2023,Petrol,Manual,150,40000,22000.0,https://www.mobile.bg/obiava-21786898203993147-skoda-kamiq
21775198750771002,Skoda,Kamiq,2023,Petrol,Automatic,150,14200,22548.0,https://www.mobile.bg/obiava-21775198750771002-skoda-kamiq-garantsiya
21788534377553347,Skoda,Kamiq,2022,Petrol,Automatic,110,43800,22899.0,https://www.mobile.bg/obiava-21788534377553347-skoda-kamiq-monte-carlo-110hp-pano-dsg-navi-led-kless-669q
21784824051558979,Skoda,Kamiq,2026,Petrol,Automatic,150,4000,27000.0,https://www.mobile.bg/obiava-21784824051558979-skoda-kamiq-1-5-tsi
21776545425102949,Skoda,Kamiq,2026,Petrol,Automatic,150,1400,28499.0,https://www.mobile.bg/obiava-21776545425102949-skoda-kamiq-1-5-monte-carlo-plus-1000km-2026
21765469601216981,Skoda,Karoq,2018,Diesel,Automatic,120,218996,13400.0,https://www.mobile.bg/obiava-21765469601216981-skoda-karoq-30-tdi-panorama-dsg-garantsiya
21781607144040213,Skoda,Karoq,2018,Diesel,Automatic,116,244123,14800.0,https://www.mobile.bg/obiava-21781607144040213-skoda-karoq-1-6-barter-116
21786120124461944,Skoda,Karoq,2020,Petrol,Automatic,150,167000,16980.0,https://www.mobile.bg/obiava-21786120124461944-skoda-karoq-34-sport-line-34-nov-vnos-ot-shveytsariya
21790584298879221,Skoda,Karoq,2022,Petrol,Automatic,150,157000,17000.0,https://www.mobile.bg/obiava-21790584298879221-skoda-karoq-business-act
21769678884231369,Skoda,Karoq,2018,Diesel,Manual,115,236000,11500.0,https://www.mobile.bg/obiava-21769678884231369-skoda-karoq-1-6-tdi-115k-c-full-led-car-play-6-ck-euro6
21776519835807546,Skoda,Karoq,2018,Diesel,Automatic,116,255000,12199.0,https://www.mobile.bg/obiava-21776519835807546-skoda-karoq-1-6-tdi-7-dsg-euratek
21779300079474348,Skoda,Karoq,2018,Diesel,Automatic,150,267152,13500.0,https://www.mobile.bg/obiava-21779300079474348-skoda-karoq-2-0tdi-4x4-dsg-digital-150ks-nemska-led
21787232275844813,Skoda,Karoq,2022,Petrol,Automatic,150,288000,13900.0,https://www.mobile.bg/obiava-21787232275844813-skoda-karoq-1-5tsi-dsg
21783339700897153,Skoda,Karoq,2020,Diesel,Automatic,116,192000,14400.0,https://www.mobile.bg/obiava-21783339700897153-skoda-karoq-distr-led-navi-kamera
21788893688563791,Skoda,Karoq,2018,Petrol,Automatic,150,188000,14800.0,https://www.mobile.bg/obiava-21788893688563791-skoda-karoq-1-5-150-k-s
21784040039123333,Skoda,Karoq,2021,Diesel,Automatic,150,163842,15900.0,https://www.mobile.bg/obiava-21784040039123333-skoda-karoq-2-0tdi-150k-c-4x4-digitalna-istoriya
21782814650865090,Skoda,Karoq,2021,Petrol,Automatic,150,150000,16000.0,https://www.mobile.bg/obiava-21782814650865090-skoda-karoq-1-5-tsi
21761403096309201,Skoda,Karoq,2019,Diesel,Automatic,150,195000,16300.0,https://www.mobile.bg/obiava-21761403096309201-skoda-karoq-2-0tdi-4-4-full-top
21779787837107093,Skoda,Karoq,2019,Petrol,Automatic,150,146385,16500.0,https://www.mobile.bg/obiava-21779787837107093-skoda-karoq-1-5-tsi-150-kc-dsg-euro-6d-4x4
21769537979365592,Skoda,Karoq,2021,Diesel,Automatic,150,163000,16900.0,https://www.mobile.bg/obiava-21769537979365592-skoda-karoq-garancia-2-0-avtomat-led-kamera
21774271959283344,Skoda,Karoq,2023,Diesel,Automatic,116,139809,16999.0,https://www.mobile.bg/obiava-21774271959283344-skoda-karoq-2-0-tdi-avtomatik-12-2022g-139-809-km-lizing
21783087255119053,Skoda,Karoq,2022,Diesel,Automatic,116,190000,17100.0,https://www.mobile.bg/obiava-21783087255119053-skoda-karoq-nardo-led-navi-kamera-carplay
21790194962122521,Skoda,Karoq,2022,Diesel,Automatic,150,174000,18000.0,https://www.mobile.bg/obiava-21790194962122521-skoda-karoq-2-0-tdi-4x4-150-hp
21770159735451744,Skoda,Karoq,2020,Diesel,Automatic,190,203000,18300.0,https://www.mobile.bg/obiava-21770159735451744-skoda-karoq-2-0tdi-190ks-4x4-dsg-full
21786454272513710,Skoda,Karoq,2021,Diesel,Automatic,116,114000,18400.0,https://www.mobile.bg/obiava-21786454272513710-skoda-karoq-kato-nova
21768408256415382,Skoda,Karoq,2020,Diesel,Automatic,190,235700,19500.0,https://www.mobile.bg/obiava-21768408256415382-skoda-karoq-2-0tdi-190k-c-4h4-sportline-digital-led
21790535215609039,Skoda,Karoq,2022,Petrol,Manual,190,130152,21700.0,https://www.mobile.bg/obiava-21790535215609039-skoda-karoq-4x4-sportline-tsi
21790773933342171,Skoda,Karoq,2022,Petrol,Automatic,150,38000,21900.0,https://www.mobile.bg/obiava-21790773933342171-skoda-karoq-1-5-tsi
21772214344087768,Skoda,Karoq,2020,Diesel,Automatic,190,149000,21900.0,https://www.mobile.bg/obiava-21772214344087768-skoda-karoq-2-0-dizel-190-k-s
21786006537691186,Skoda,Karoq,2022,Petrol,Automatic,150,72000,23000.0,https://www.mobile.bg/obiava-21786006537691186-skoda-karoq
21781184850456598,Skoda,Karoq,2023,Diesel,Automatic,150,107200,25800.0,https://www.mobile.bg/obiava-21781184850456598-skoda-karoq-2-0tdi-4x4-sportline-pano-cam-dist-full
21784637350489323,Skoda,Karoq,2018,Diesel,Automatic,116,328000,10300.0,https://www.mobile.bg/obiava-21784637350489323-skoda-karoq-1-6tdi-avtomat-navi-kamera-euro-6
21789483493837119,Skoda,Karoq,2025,Petrol,Automatic,150,11747,10500.0,https://www.mobile.bg/obiava-21789483493837119-skoda-karoq-sportline-130-lizing
21777470261910567,Skoda,Karoq,2019,Diesel,Manual,115,146000,10800.0,https://www.mobile.bg/obiava-21777470261910567-skoda-karoq
21777656639146561,Skoda,Karoq,2019,Petrol,Manual,150,199974,12345.0,https://www.mobile.bg/obiava-21777656639146561-skoda-karoq-1-5tsi-150ks
21784186697013521,Skoda,Karoq,2018,Diesel,Automatic,150,90000,13500.0,https://www.mobile.bg/obiava-21784186697013521-skoda-karoq-2-0-tdi
21760716246083972,Skoda,Karoq,2018,Petrol,Automatic,116,207000,14300.0,https://www.mobile.bg/obiava-21760716246083972-skoda-karoq-1-0-tsi-7dsg-panorama-top
21786477757832490,Skoda,Karoq,2018,Petrol,Automatic,150,180000,14450.0,https://www.mobile.bg/obiava-21786477757832490-skoda-karoq-1-5-tsi-7dsg
21789396674833867,Skoda,Karoq,2019,Petrol,Automatic,150,169500,14700.0,https://www.mobile.bg/obiava-21789396674833867-skoda-karoq-1-5tfsi
21773336851735446,Skoda,Karoq,2019,Diesel,Automatic,150,170000,14800.0,https://www.mobile.bg/obiava-21773336851735446-skoda-karoq-2-0tdi-led-4x4-dsg
21766419415668432,Skoda,Karoq,2018,Diesel,Automatic,150,259000,14800.0,https://www.mobile.bg/obiava-21766419415668432-skoda-karoq-2-0-tdi-style-4x4-keyless-led-obsluzhena
21778683919459620,Skoda,Karoq,2022,Diesel,Automatic,150,163000,14999.0,https://www.mobile.bg/obiava-21778683919459620-skoda-karoq-2-0-tdi-avtomat-4x4-keyless-distronik-digital
21772279260377889,Skoda,Karoq,2018,Diesel,Automatic,116,186000,14999.0,https://www.mobile.bg/obiava-21772279260377889-skoda-karoq-1-6d-style-full-kachvash-se-i-karash-lizing-barter
21779989374578992,Skoda,Karoq,2021,Diesel,Automatic,150,254000,15250.0,https://www.mobile.bg/obiava-21779989374578992-skoda-karoq-2-0d-nov-vnos-ot-belgiya-2021g
21765550952836964,Skoda,Karoq,2019,Petrol,Automatic,116,125760,15300.0,https://www.mobile.bg/obiava-21765550952836964-skoda-karoq-tsi
21784615522760626,Skoda,Karoq,2019,Diesel,Automatic,116,156000,15500.0,https://www.mobile.bg/obiava-21784615522760626-skoda-karoq-1-6-tdi
21786191745625638,Skoda,Karoq,2018,Diesel,Manual,150,141000,15650.0,https://www.mobile.bg/obiava-21786191745625638-skoda-karoq
21776685825857478,Skoda,Karoq,2019,Diesel,Automatic,150,175000,15800.0,https://www.mobile.bg/obiava-21776685825857478-skoda-karoq-4x4-2-0-tdi-dsg-full
21748702634494264,Skoda,Karoq,2019,Diesel,Automatic,150,181000,15900.0,https://www.mobile.bg/obiava-21748702634494264-skoda-karoq-digital-2-0tdi-4x4-kamera-dsg-navi-2019g
21788193808360609,Skoda,Karoq,2019,Petrol,Manual,150,245000,15999.0,https://www.mobile.bg/obiava-21788193808360609-skoda-karoq-1-5tsi
21779095596166227,Skoda,Karoq,2018,Diesel,Manual,150,199000,16200.0,https://www.mobile.bg/obiava-21779095596166227-skoda-karoq
21776857666497099,Skoda,Karoq,2018,Diesel,Automatic,150,165000,16200.0,https://www.mobile.bg/obiava-21776857666497099-skoda-karoq-2-0-tdi-150ps
21785150335703300,Skoda,Karoq,2017,Petrol,Automatic,150,177520,16400.0,https://www.mobile.bg/obiava-21785150335703300-skoda-karoq-1-5tsi-sport-150ks-dsg-euro6-panorama
21784925389371167,Skoda,Karoq,2019,Petrol,Automatic,190,192000,16700.0,https://www.mobile.bg/obiava-21784925389371167-skoda-karoq-sportline-2-0-4h4
21789589861543351,Skoda,Karoq,2020,Petrol,Automatic,150,90584,16800.0,https://www.mobile.bg/obiava-21789589861543351-skoda-karoq-90-584-km-distronik-kamera
21778567668888950,Skoda,Karoq,2020,Diesel,Automatic,115,149250,16999.0,https://www.mobile.bg/obiava-21778567668888950-skoda-karoq-facelift-1-6-tdi-115-k-s-dsg-executive
21763120214106651,Skoda,Karoq,2020,Petrol,Automatic,150,176000,17500.0,https://www.mobile.bg/obiava-21763120214106651-skoda-karoq-benzin-1-5-150ks-avtomat-dsg-2020-digital
21788502565818116,Skoda,Karoq,2020,Petrol,Automatic,150,72000,17700.0,https://www.mobile.bg/obiava-21788502565818116-skoda-karoq-edition
21708706825313718,Skoda,Karoq,2018,Diesel,Automatic,114,194180,17844.09,https://www.mobile.bg/obiava-21708706825313718-skoda-karoq
21783328557004770,Skoda,Karoq,2017,Diesel,Automatic,150,100000,17999.0,https://www.mobile.bg/obiava-21783328557004770-skoda-karoq-0898544466-2-0tdi-150ks-7dsg-4x4-100000km
21781721653763343,Skoda,Karoq,2021,Diesel,Automatic,150,240000,17999.0,https://www.mobile.bg/obiava-21781721653763343-skoda-karoq-2-0-150-4x4-digital
21789967537312532,Skoda,Karoq,2023,Diesel,Automatic,116,111111,18281.0,https://www.mobile.bg/obiava-21789967537312532-skoda-karoq-2-0tdi-dsg-7-euro-6d
21784116147614301,Skoda,Karoq,2021,Petrol,Automatic,150,117400,18500.0,https://www.mobile.bg/obiava-21784116147614301-skoda-karoq-ambition-1-5tsi-150k-c-7at
21790248988714825,Skoda,Karoq,2018,Petrol,Manual,150,104900,18900.0,https://www.mobile.bg/obiava-21790248988714825-skoda-karoq-1-5-tsi-act
21787553461412612,Skoda,Karoq,2020,Petrol,Manual,150,83400,19000.0,https://www.mobile.bg/obiava-21787553461412612-skoda-karoq
21773421179938042,Skoda,Karoq,2018,Petrol,Automatic,150,103000,19500.0,https://www.mobile.bg/obiava-21773421179938042-skoda-karoq-1-5-tsi-7-dsg-panorama-pechka
21789369025391187,Skoda,Karoq,2021,Petrol,Automatic,150,160860,19800.0,https://www.mobile.bg/obiava-21789369025391187-skoda-karoq-1-5tsi-150hp-dsg7-e6-2106r18
21789456912293556,Skoda,Karoq,2019,Petrol,Automatic,190,44000,19900.0,https://www.mobile.bg/obiava-21789456912293556-skoda-karoq-2-0-tsi-dsg-190
21790660599499294,Skoda,Karoq,2021,Petrol,Automatic,150,131000,20000.0,https://www.mobile.bg/obiava-21790660599499294-skoda-karoq-1-5-tsi-150-k-s
21783243310362640,Skoda,Karoq,2020,Diesel,Automatic,150,73000,20000.0,https://www.mobile.bg/obiava-21783243310362640-skoda-karoq-2-0tdi-4x4
21785827133922242,Skoda,Karoq,2021,Petrol,Automatic,150,125267,20360.0,https://www.mobile.bg/obiava-21785827133922242-skoda-karoq-a-t-150ks
21788346892441317,Skoda,Karoq,2020,Diesel,Automatic,190,212000,20990.0,https://www.mobile.bg/obiava-21788346892441317-skoda-karoq-2-0tdi-4x4-190ks-6l-100km
21783159440753953,Skoda,Karoq,2022,Diesel,Automatic,115,123287,21000.0,https://www.mobile.bg/obiava-21783159440753953-skoda-karoq-2-0-tdi-115-k-s-7dsg
21777895991806393,Skoda,Karoq,2022,Diesel,Automatic,116,115000,21000.0,https://www.mobile.bg/obiava-21777895991806393-skoda-karoq-2-0tdi-116-k-s-dsg-7
21783529457585879,Skoda,Karoq,2023,Petrol,Manual,150,80000,21500.0,https://www.mobile.bg/obiava-21783529457585879-skoda-karoq
21789475060566042,Skoda,Karoq,2021,Diesel,Automatic,150,95519,22000.0,https://www.mobile.bg/obiava-21789475060566042-skoda-karoq-2-0tdi-4x4-7dsg
21789913322639061,Skoda,Karoq,2019,Diesel,Manual,150,21003,22000.0,https://www.mobile.bg/obiava-21789913322639061-skoda-karoq
21778662962886762,Skoda,Karoq,2025,Petrol,Manual,150,20000,22500.0,https://www.mobile.bg/obiava-21778662962886762-skoda-karoq
21788950660376700,Skoda,Karoq,2021,Petrol,Manual,150,63782,22500.0,https://www.mobile.bg/obiava-21788950660376700-skoda-karoq-ambition-1-5-tsi-150-k-s
21787817870096302,Skoda,Karoq,2022,Petrol,Automatic,150,75410,22500.0,https://www.mobile.bg/obiava-21787817870096302-skoda-karoq-1-5-tsi
21780906625681729,Skoda,Karoq,2022,Petrol,Automatic,150,81000,22600.0,https://www.mobile.bg/obiava-21780906625681729-skoda-karoq-1-5-tsi
21786278466211882,Skoda,Karoq,2022,Petrol,Manual,150,49500,22600.0,https://www.mobile.bg/obiava-21786278466211882-skoda-karoq-49500-km
21786522838951329,Skoda,Karoq,2021,Petrol,Manual,150,60000,23000.0,https://www.mobile.bg/obiava-21786522838951329-skoda-karoq
21790761577013056,Skoda,Karoq,2023,Petrol,Automatic,150,6557,23500.0,https://www.mobile.bg/obiava-21790761577013056-skoda-karoq
21786027221199265,Skoda,Karoq,2023,Petrol,Manual,150,32033,23500.0,https://www.mobile.bg/obiava-21786027221199265-skoda-karoq-ambishan-1-5-tsi-150-k-s
21789639526366980,Skoda,Karoq,2019,Diesel,Automatic,150,186400,24000.0,https://www.mobile.bg/obiava-21789639526366980-skoda-karoq-2-0-tdi-4x4
21779285216579158,Skoda,Karoq,2023,Petrol,Automatic,150,133932,24490.0,https://www.mobile.bg/obiava-21779285216579158-skoda-karoq-1-5tsi-style-dsg7-150-hp
21781013341044728,Skoda,Karoq,2023,Petrol,Automatic,150,162970,24900.0,https://www.mobile.bg/obiava-21781013341044728-skoda-karoq-1-5-tsi-dsg-acc-kamera-led-n1-palna-serv-istoriya
21782726903852949,Skoda,Karoq,2024,Petrol,Manual,150,16578,25500.0,https://www.mobile.bg/obiava-21782726903852949-skoda-karoq-1-5-ts-6m
21751913988403400,Skoda,Karoq,2024,Petrol,Manual,150,16500,25900.0,https://www.mobile.bg/obiava-21751913988403400-skoda-karoq-1-5-tsi-garantsionna-i-obsluzhena
21770989299691836,Skoda,Karoq,2023,Petrol,Manual,150,80945,25913.0,https://www.mobile.bg/obiava-21770989299691836-skoda-karoq-1-5-tsi-garantsionna-benzin-gaz
21790259278057769,Skoda,Karoq,2021,Petrol,Automatic,150,29000,26000.0,https://www.mobile.bg/obiava-21790259278057769-skoda-karoq-edition
21788720402981780,Skoda,Karoq,2022,Petrol,Automatic,150,75000,26000.0,https://www.mobile.bg/obiava-21788720402981780-skoda-karoq-vision
21789559290399255,Skoda,Karoq,2025,Petrol,Automatic,150,26000,26200.0,https://www.mobile.bg/obiava-21789559290399255-skoda-karoq-fr-1-5-tsi-26hilyadi-km
21746890969269059,Skoda,Karoq,2020,Diesel,Automatic,150,85768,26360.0,https://www.mobile.bg/obiava-21746890969269059-skoda-karoq-s-garantsiya-4h4-a-t-2-0-150ks
21788464736075259,Skoda,Karoq,2025,Petrol,Automatic,150,25765,27500.0,https://www.mobile.bg/obiava-21788464736075259-skoda-karoq-edition
21780409437022276,Skoda,Karoq,2024,Diesel,Automatic,116,58374,28399.0,https://www.mobile.bg/obiava-21780409437022276-skoda-karoq-2-0tdi-116hp-dsg-style-acc-cplay-365q
21788855700304426,Skoda,Karoq,2024,Diesel,Automatic,150,37300,28500.0,https://www.mobile.bg/obiava-21788855700304426-skoda-karoq-2-0-td-4x4
21789942751355956,Skoda,Karoq,2024,Petrol,Automatic,150,52000,28500.0,https://www.mobile.bg/obiava-21789942751355956-skoda-karoq
21780411216061561,Skoda,Karoq,2024,Diesel,Automatic,150,95600,29499.0,https://www.mobile.bg/obiava-21780411216061561-skoda-karoq-2-0tdi-150hp-4x4-style-matrix-ahk-memo-led-366q
21777993613707311,Skoda,Karoq,2024,Petrol,Automatic,150,18965,32399.0,https://www.mobile.bg/obiava-21777993613707311-skoda-karoq-1-5tsi-150hp-select-dsg-ahk-cam-navi-cplay-261q
21784630131132812,Skoda,Karoq,2025,Diesel,Automatic,150,13300,32500.0,https://www.mobile.bg/obiava-21784630131132812-skoda-karoq-4h4
21788798387866698,Skoda,Karoq,2024,Petrol,Automatic,190,15500,32500.0,https://www.mobile.bg/obiava-21788798387866698-skoda-karoq-sportline-plus-2-0-190k-s-4x4-7dsg-15500km
21787131943196809,Skoda,Karoq,2025,Diesel,Automatic,150,36893,32900.0,https://www.mobile.bg/obiava-21787131943196809-skoda-karoq-2-0-tdi-7dsg
21777985164994754,Skoda,Karoq,2025,Petrol,Automatic,150,13500,33499.0,https://www.mobile.bg/obiava-21777985164994754-skoda-karoq-1-5tsi-150hp-selection-camahk-acc-led-navi-259q
21780129325251298,Skoda,Karoq,2024,Petrol,Automatic,190,17859,33500.0,https://www.mobile.bg/obiava-21780129325251298-skoda-karoq-2-0tsi-7dsg-4x4
21775039687719560,Skoda,Karoq,2022,Diesel,Automatic,150,9900,35799.0,https://www.mobile.bg/obiava-21775039687719560-skoda-karoq-2-0-150hp-sport-4x4-pano-360-ambi-digital-acc-245z
21763372416027578,Skoda,Karoq,2025,Diesel,Automatic,150,28900,31300.0,https://www.mobile.bg/obiava-21763372416027578-skoda-karoq-2-0tdi-dsg-led-navi-carplay
21763373702157486,Skoda,Karoq,2025,Diesel,Automatic,150,22200,32800.0,https://www.mobile.bg/obiava-21763373702157486-skoda-karoq-2-0tdi-dsg-led-navi-carplay
21763374283738000,Skoda,Karoq,2025,Diesel,Automatic,150,1100,36800.0,https://www.mobile.bg/obiava-21763374283738000-skoda-karoq-2-0tdi-dsg-cam-led-navi-carplay
21788120555340993,Skoda,Kodiaq,2018,Diesel,Automatic,190,216200,23000.0,https://www.mobile.bg/obiava-21788120555340993-skoda-kodiaq
21781272127853702,Skoda,Kodiaq,2019,Diesel,Automatic,190,165800,23750.0,https://www.mobile.bg/obiava-21781272127853702-skoda-kodiaq-l-k-2-0tdi-4x4-190hp-kozha-obduhvane-pechka
21786522788590022,Skoda,Kodiaq,2023,Diesel,Automatic,150,137100,26999.0,https://www.mobile.bg/obiava-21786522788590022-skoda-kodiaq-6-1-fwd
21790407986445186,Skoda,Kodiaq,2023,Diesel,Automatic,200,96000,31200.0,https://www.mobile.bg/obiava-21790407986445186-skoda-kodiaq-2-0-tdi-4x4-7dsg-200ks
21789642239104622,Skoda,Kodiaq,2025,Diesel,Automatic,193,40000,46730.0,https://www.mobile.bg/obiava-21789642239104622-skoda-kodiaq-2-0-tdi-4x4-full-garantsiya-do-2030g
21789244701918611,Skoda,Kodiaq,2017,Petrol,Automatic,198,530000,11999.0,https://www.mobile.bg/obiava-21789244701918611-skoda-kodiaq-skoda-kodiaq-7mesta-4x4-dsg-full-style-panorama
21781237977188274,Skoda,Kodiaq,2018,Diesel,Automatic,150,162000,16500.0,https://www.mobile.bg/obiava-21781237977188274-skoda-kodiaq-2-0tdi-dsg-navi
21785498233358577,Skoda,Kodiaq,2021,Diesel,Automatic,150,170000,16500.0,https://www.mobile.bg/obiava-21785498233358577-skoda-kodiaq-2-0tdi-dsg-150ks-business
21756841661312856,Skoda,Kodiaq,2020,Diesel,Automatic,150,260165,16900.0,https://www.mobile.bg/obiava-21756841661312856-skoda-kodiaq-2-0-tdi
21761675585320435,Skoda,Kodiaq,2017,Diesel,Automatic,150,172000,16900.0,https://www.mobile.bg/obiava-21761675585320435-skoda-kodiaq-2-0-tdi-dsg-distronic-keyless-7-seats-360-pano
21788890797502794,Skoda,Kodiaq,2017,Petrol,Automatic,180,198000,16991.0,https://www.mobile.bg/obiava-21788890797502794-skoda-kodiaq-2-0tsi-dsg-4x4
21768385119692365,Skoda,Kodiaq,2017,Petrol,Automatic,190,242000,17200.0,https://www.mobile.bg/obiava-21768385119692365-skoda-kodiaq-2-0-tsi-4x4-dsg7-lpg
21787942428939383,Skoda,Kodiaq,2019,Diesel,Automatic,150,225900,17900.0,https://www.mobile.bg/obiava-21787942428939383-skoda-kodiaq-2-0-tdi-dsg7-150-k-c
21776441984750914,Skoda,Kodiaq,2019,Diesel,Automatic,190,259560,17991.0,https://www.mobile.bg/obiava-21776441984750914-skoda-kodiaq-190ks-tdi-dsg-4x4
21774508726259722,Skoda,Kodiaq,2018,Petrol,Automatic,180,210042,18390.0,https://www.mobile.bg/obiava-21774508726259722-skoda-kodiaq-2-0tsi-4x4-panorama-kozha-rvm-tmbld7ns1j8097541
21738239724412641,Skoda,Kodiaq,2019,Diesel,Automatic,150,210000,18800.0,https://www.mobile.bg/obiava-21738239724412641-skoda-kodiaq-2-0d-150ks-19g
21790784547922468,Skoda,Kodiaq,2020,Diesel,Automatic,190,196000,18999.0,https://www.mobile.bg/obiava-21790784547922468-skoda-kodiaq-2-0tdi-4x4-full-ch
21748362619243694,Skoda,Kodiaq,2020,Diesel,Automatic,150,187000,18999.0,https://www.mobile.bg/obiava-21748362619243694-skoda-kodiaq-2-0d-20g
21787049830613783,Skoda,Kodiaq,2020,Diesel,Automatic,190,210000,19900.0,https://www.mobile.bg/obiava-21787049830613783-skoda-kodiaq-2-0tdi-190kc-navi-led-farove
21790073866950613,Skoda,Kodiaq,2018,Diesel,Automatic,190,176000,19900.0,https://www.mobile.bg/obiava-21790073866950613-skoda-kodiaq
21789157144419000,Skoda,Kodiaq,2020,Diesel,Automatic,190,250000,19999.0,https://www.mobile.bg/obiava-21789157144419000-skoda-kodiaq-l-k-2-0d-190ks-4h4-20g
21781194065410129,Skoda,Kodiaq,2019,Petrol,Automatic,150,181400,20300.0,https://www.mobile.bg/obiava-21781194065410129-skoda-kodiaq-sportline-1-5-tsi-ast
21790255624508570,Skoda,Kodiaq,2017,Diesel,Automatic,190,187000,20900.0,https://www.mobile.bg/obiava-21790255624508570-skoda-kodiaq-1-9-tdi-4x4
21783510086483013,Skoda,Kodiaq,2017,Petrol,Automatic,180,199000,20999.0,https://www.mobile.bg/obiava-21783510086483013-skoda-kodiaq-7-mesta-avtomat-4x4-shveytsariya-full-top
21781508106392135,Skoda,Kodiaq,2021,Diesel,Automatic,150,95000,21500.0,https://www.mobile.bg/obiava-21781508106392135-skoda-kodiaq-2-0-tdi-dsg7-95000-km-21g
21790419823131358,Skoda,Kodiaq,2018,Petrol,Manual,150,182000,22400.0,https://www.mobile.bg/obiava-21790419823131358-skoda-kodiaq
21775907245179050,Skoda,Kodiaq,2018,Diesel,Automatic,190,151000,22499.0,https://www.mobile.bg/obiava-21775907245179050-skoda-kodiaq
21783864248378164,Skoda,Kodiaq,2021,Petrol,Automatic,190,175040,22900.0,https://www.mobile.bg/obiava-21783864248378164-skoda-kodiaq-2-0-tsi-scout-4x4-dsg
21788159104004390,Skoda,Kodiaq,2023,Diesel,Automatic,150,155000,22999.0,https://www.mobile.bg/obiava-21788159104004390-skoda-kodiaq-2-0tdi-dsg-150-k-s-4h4-2023-digital-cockpit
21783444533834524,Skoda,Kodiaq,2020,Diesel,Automatic,190,63786,26300.0,https://www.mobile.bg/obiava-21783444533834524-skoda-kodiaq-4x4-ot-balgariya
21789920764950516,Skoda,Kodiaq,2021,Diesel,Automatic,240,170000,26800.0,https://www.mobile.bg/obiava-21789920764950516-skoda-kodiaq-vrs-biturbo-4x4-full
21780064558295831,Skoda,Kodiaq,2022,Diesel,Automatic,150,53357,26900.0,https://www.mobile.bg/obiava-21780064558295831-skoda-kodiaq-2-0-tdi-facelift-7-mesta
21762843821753911,Skoda,Kodiaq,2019,Diesel,Automatic,190,135000,26950.0,https://www.mobile.bg/obiava-21762843821753911-skoda-kodiaq-garantsiya-2-0-tdi-7-mesta-4h4-lizing
21790754521156598,Skoda,Kodiaq,2023,Diesel,Automatic,150,91000,26990.0,https://www.mobile.bg/obiava-21790754521156598-skoda-kodiaq-2-0-tdi-4x4-a-t-mesechna-vnoska-ot-333
21790241324148356,Skoda,Kodiaq,2019,Diesel,Automatic,190,101200,27000.0,https://www.mobile.bg/obiava-21790241324148356-skoda-kodiaq-2-0-tdi-4x4-dsg-190-k-c
21777291366944148,Skoda,Kodiaq,2022,Diesel,Automatic,200,128000,27999.0,https://www.mobile.bg/obiava-21777291366944148-skoda-kodiaq-2-0tdi-4x4-avtomat-7m-128x-k
21746895470869368,Skoda,Kodiaq,2021,Diesel,Automatic,200,129000,27999.0,https://www.mobile.bg/obiava-21746895470869368-skoda-kodiaq-4x4-dsg-200-k-s-7-m-129h-km-sertifikat
21777519883235015,Skoda,Kodiaq,2022,Diesel,Automatic,150,173000,28000.0,https://www.mobile.bg/obiava-21777519883235015-skoda-kodiaq-2-0d-4x4-7mesta-150hp-face-automatic-keyless-led
21789459081443743,Skoda,Kodiaq,2024,Petrol,Automatic,150,108000,29990.0,https://www.mobile.bg/obiava-21789459081443743-skoda-kodiaq-6-1-nardogray
21790421772635261,Skoda,Kodiaq,2024,Diesel,Automatic,200,71000,30999.0,https://www.mobile.bg/obiava-21790421772635261-skoda-kodiaq
21775578481549992,Skoda,Kodiaq,2023,Petrol,Automatic,245,100000,36999.0,https://www.mobile.bg/obiava-21775578481549992-skoda-kodiaq-rs-2-0tsi-4x4-obduhvane-panorama-alcantar-unikat
21787585587547699,Skoda,Kodiaq,2019,Diesel,Automatic,239,128115,37600.0,https://www.mobile.bg/obiava-21787585587547699-skoda-kodiaq-vrs-2-0bi-tdi-4x4-7-mesten-black-edition
21775324136156504,Skoda,Kodiaq,2023,Diesel,Automatic,197,34000,38000.0,https://www.mobile.bg/obiava-21775324136156504-skoda-kodiaq-2-0d
21789225380868330,Skoda,Kodiaq,2024,Diesel,Automatic,200,29000,38400.0,https://www.mobile.bg/obiava-21789225380868330-skoda-kodiaq-lizing-vision-plus-4x4-garantsiya-360-kamera
21784482431115243,Skoda,Kodiaq,2024,Diesel,Automatic,193,65000,38800.0,https://www.mobile.bg/obiava-21784482431115243-skoda-kodiaq-4x4-360-kamera-garantsionna
21789623231105595,Skoda,Kodiaq,2026,Diesel,Automatic,193,11743,40900.0,https://www.mobile.bg/obiava-21789623231105595-skoda-kodiaq-2-0tdi-4x4-distr-sport-line
21783351199665509,Skoda,Kodiaq,2025,Diesel,Automatic,190,14800,50000.0,https://www.mobile.bg/obiava-21783351199665509-skoda-kodiaq-fabrichna-garantsiya-panorama-head-up
21787399246512602,Skoda,Kodiaq,2025,Petrol,Automatic,265,20500,54900.0,https://www.mobile.bg/obiava-21787399246512602-skoda-kodiaq-rs
21790798735403736,Skoda,Kodiaq,2025,Hybrid,Automatic,204,59000,10000.0,https://www.mobile.bg/obiava-21790798735403736-skoda-kodiaq-lizing
21790776135054799,Skoda,Kodiaq,2019,Diesel,Automatic,150,115000,10600.0,https://www.mobile.bg/obiava-21790776135054799-skoda-kodiaq-2-0tdi
21772804329960376,Skoda,Kodiaq,2018,Diesel,Automatic,150,220900,13700.0,https://www.mobile.bg/obiava-21772804329960376-skoda-kodiaq-2-0d-navi-kamera-automat-euro-6d
21783099044495346,Skoda,Kodiaq,2019,Petrol,Manual,150,153000,15000.0,https://www.mobile.bg/obiava-21783099044495346-skoda-kodiaq-ts
21785912545295987,Skoda,Kodiaq,2019,Diesel,Automatic,150,221000,15000.0,https://www.mobile.bg/obiava-21785912545295987-skoda-kodiaq-2-0-tdi-avto-napalno-otsluzhen
21784635449240808,Skoda,Kodiaq,2018,Diesel,Automatic,150,236400,15490.0,https://www.mobile.bg/obiava-21784635449240808-skoda-kodiaq-2-0-tdi-dsg-avtom-realni-km-tuv-germaniya-8br-gumi
21783946660336777,Skoda,Kodiaq,2018,Diesel,Automatic,150,265000,15800.0,https://www.mobile.bg/obiava-21783946660336777-skoda-kodiaq-2-0tdi-150kc-4x4
21789747102131060,Skoda,Kodiaq,2017,Diesel,Manual,150,270000,16000.0,https://www.mobile.bg/obiava-21789747102131060-skoda-kodiaq
21780935882993213,Skoda,Kodiaq,2017,Diesel,Automatic,150,235000,16000.0,https://www.mobile.bg/obiava-21780935882993213-skoda-kodiaq-skoda-kodiaq-style-2-0-tdi-dsg-4x2
21781207448804209,Skoda,Kodiaq,2019,Diesel,Automatic,150,202500,16500.0,https://www.mobile.bg/obiava-21781207448804209-skoda-kodiaq-2-0tdi-150k-s-4h4-6-1-na202500km-ot-1vi-sobstveni
21771354955363800,Skoda,Kodiaq,2017,Diesel,Automatic,150,195000,16500.0,https://www.mobile.bg/obiava-21771354955363800-skoda-kodiaq-barter-business
21790142741156127,Skoda,Kodiaq,2017,Petrol,Automatic,180,235000,16800.0,https://www.mobile.bg/obiava-21790142741156127-skoda-kodiaq-2-0-4h4-avtomatik-shveytsariya
21786192480768302,Skoda,Kodiaq,2018,Petrol,Automatic,150,216400,16900.0,https://www.mobile.bg/obiava-21786192480768302-skoda-kodiaq-sportline-7-mesten
21786270390530933,Skoda,Kodiaq,2017,Petrol,Automatic,180,230000,17000.0,https://www.mobile.bg/obiava-21786270390530933-skoda-kodiaq-2-0-tsi-4x4
21783715038476607,Skoda,Kodiaq,2018,Diesel,Manual,150,165273,17450.0,https://www.mobile.bg/obiava-21783715038476607-skoda-kodiaq-2-0tdi-4x4-7-mesten
21783780937549489,Skoda,Kodiaq,2019,Diesel,Automatic,150,289000,17499.0,https://www.mobile.bg/obiava-21783780937549489-skoda-kodiaq-skoda-kodiaq-2-0-tdi-dsg-7-mesta-pano-keyless-digi
21773486307620859,Skoda,Kodiaq,2018,Diesel,Automatic,150,162000,17500.0,https://www.mobile.bg/obiava-21773486307620859-skoda-kodiaq-2-0tdi-150ks-avtomatik
21790521601180189,Skoda,Kodiaq,2017,Diesel,Automatic,150,209000,17900.0,https://www.mobile.bg/obiava-21790521601180189-skoda-kodiaq-prodava-se-skoda-kodiaq-2-0tdi
21764779891647944,Skoda,Kodiaq,2018,Diesel,Automatic,150,188000,17999.0,https://www.mobile.bg/obiava-21764779891647944-skoda-kodiaq-2-0tdi-carplay-android-keyless-navigatsiya-avtomat
21771232044060771,Skoda,Kodiaq,2021,Diesel,Automatic,150,170165,18150.0,https://www.mobile.bg/obiava-21771232044060771-skoda-kodiaq-2-0tdi-150k-s-dsg-business
21782887742014441,Skoda,Kodiaq,2021,Diesel,Automatic,150,245872,18199.0,https://www.mobile.bg/obiava-21782887742014441-skoda-kodiaq
21786528772977980,Skoda,Kodiaq,2019,Diesel,Automatic,190,288500,18300.0,https://www.mobile.bg/obiava-21786528772977980-skoda-kodiaq
21783580982337230,Skoda,Kodiaq,2019,Diesel,Automatic,150,248000,18500.0,https://www.mobile.bg/obiava-21783580982337230-skoda-kodiaq-4x4
21787767241407530,Skoda,Kodiaq,2017,Diesel,Automatic,193,192400,18900.0,https://www.mobile.bg/obiava-21787767241407530-skoda-kodiaq-2-0-tdi-dsg-4x4-193ks-panorama-canton
21780688630718868,Skoda,Kodiaq,2018,Diesel,Automatic,150,212227,18900.0,https://www.mobile.bg/obiava-21780688630718868-skoda-kodiaq-scout-4x4-7-mesten
21783285809790848,Skoda,Kodiaq,2018,Diesel,Automatic,150,270000,18900.0,https://www.mobile.bg/obiava-21783285809790848-skoda-kodiaq-7-mesta-panoramen-pokriv
21789126797052072,Skoda,Kodiaq,2018,Diesel,Automatic,150,256000,18900.0,https://www.mobile.bg/obiava-21789126797052072-skoda-kodiaq-2-0tdi-scout-4x4-7-mesten
21772953874045259,Skoda,Kodiaq,2022,Diesel,Automatic,150,210000,18999.0,https://www.mobile.bg/obiava-21772953874045259-skoda-kodiaq-2-0-tdi-150-4x4-dsg-acc-cam-face
21784217154525183,Skoda,Kodiaq,2018,Diesel,Automatic,150,182000,18999.0,https://www.mobile.bg/obiava-21784217154525183-skoda-kodiaq-avtomatik-7-mesta-dds
21734873636803290,Skoda,Kodiaq,2019,Diesel,Automatic,150,161599,19000.0,https://www.mobile.bg/obiava-21734873636803290-skoda-kodiaq-2-0-tdi-150k-c-4-x-4-auto-dsg-navi-led-euro-6
21790183881897870,Skoda,Kodiaq,2023,Diesel,Automatic,150,201136,19195.0,https://www.mobile.bg/obiava-21790183881897870-skoda-kodiaq-2-0-crtdi-dsg7-clever-navi-led
21771834833008180,Skoda,Kodiaq,2017,Diesel,Automatic,190,207000,19300.0,https://www.mobile.bg/obiava-21771834833008180-skoda-kodiaq-2-0tdi-190-style-plus-digital-canton
21790183653067580,Skoda,Kodiaq,2022,Diesel,Automatic,150,216590,19795.0,https://www.mobile.bg/obiava-21790183653067580-skoda-kodiaq-2-0-crtdi-dsg7-clever-leather-navi-led
21765193446714223,Skoda,Kodiaq,2018,Petrol,Automatic,180,205000,19800.0,https://www.mobile.bg/obiava-21765193446714223-skoda-kodiaq-2-0tsi-4x4-dsg-style
21746863363532027,Skoda,Kodiaq,2021,Diesel,Automatic,150,181648,19890.0,https://www.mobile.bg/obiava-21746863363532027-skoda-kodiaq-2-0-tdi-7dsg-ambition
21790862129132411,Skoda,Kodiaq,2018,Diesel,Automatic,150,150000,19900.0,https://www.mobile.bg/obiava-21790862129132411-skoda-kodiaq-scout
21787599228306152,Skoda,Kodiaq,2017,Diesel,Manual,150,116000,19999.0,https://www.mobile.bg/obiava-21787599228306152-skoda-kodiaq-2-0-tdi-4x4-116000km
21774337368077776,Skoda,Kodiaq,2021,Petrol,Automatic,150,148000,20000.0,https://www.mobile.bg/obiava-21774337368077776-skoda-kodiaq-1-5-tsi-sportline-lizing-bez-parvonachalna-vnoska
21790176274670346,Skoda,Kodiaq,2021,Diesel,Automatic,200,161000,20000.0,https://www.mobile.bg/obiava-21790176274670346-skoda-kodiaq
21789640449238892,Skoda,Kodiaq,2022,Diesel,Automatic,150,216590,20295.0,https://www.mobile.bg/obiava-21789640449238892-skoda-kodiaq-2-0-crtdi-dsg7-clever-led-navi
21759913224913106,Skoda,Kodiaq,2017,Diesel,Automatic,190,251000,20400.0,https://www.mobile.bg/obiava-21759913224913106-skoda-kodiaq-2-0-tdi-190k-s-4x4-7dsg-panorama-unikat
21787512395268063,Skoda,Kodiaq,2017,Petrol,Automatic,177,235000,20999.0,https://www.mobile.bg/obiava-21787512395268063-skoda-kodiaq-2-0-tsi-4x4-dsg7-lpg
21784623821949205,Skoda,Kodiaq,2019,Petrol,Automatic,150,122000,21000.0,https://www.mobile.bg/obiava-21784623821949205-skoda-kodiaq-1-5
21787480723227236,Skoda,Kodiaq,2018,Diesel,Automatic,190,243000,21000.0,https://www.mobile.bg/obiava-21787480723227236-skoda-kodiaq
21788358573425224,Skoda,Kodiaq,2022,Diesel,Automatic,150,154000,21500.0,https://www.mobile.bg/obiava-21788358573425224-skoda-kodiaq-ambition-2-0tdi-150k-c-7at-6-1
21790342175843659,Skoda,Kodiaq,2019,Diesel,Automatic,190,157000,21900.0,https://www.mobile.bg/obiava-21790342175843659-skoda-kodiaq-2-0-diesel-4h4-dsg
21771852754954633,Skoda,Kodiaq,2020,Diesel,Automatic,150,95000,22500.0,https://www.mobile.bg/obiava-21771852754954633-skoda-kodiaq-polzva-dds
21767781795213184,Skoda,Kodiaq,2020,Petrol,Automatic,150,92361,22500.0,https://www.mobile.bg/obiava-21767781795213184-skoda-kodiaq-1-5-tsi
21790712389375729,Skoda,Kodiaq,2020,Petrol,Manual,150,105000,22800.0,https://www.mobile.bg/obiava-21790712389375729-skoda-kodiaq-1-5-tsi-6m-gaz-prins-ot-balgariya
21786887152119498,Skoda,Kodiaq,2020,Diesel,Automatic,150,160000,22800.0,https://www.mobile.bg/obiava-21786887152119498-skoda-kodiaq
21776967110185847,Skoda,Kodiaq,2019,Diesel,Automatic,240,165210,22818.0,https://www.mobile.bg/obiava-21776967110185847-skoda-kodiaq-2-0-bitdi-vrs-4x4-vnos-shveytsariya
21784643084912313,Skoda,Kodiaq,2020,Diesel,Automatic,150,114200,22900.0,https://www.mobile.bg/obiava-21784643084912313-skoda-kodiaq-aktiv-2-0-tdi-110-kw-150-k-s-7dsg
21780603937759165,Skoda,Kodiaq,2020,Diesel,Automatic,190,160500,22999.0,https://www.mobile.bg/obiava-21780603937759165-skoda-kodiaq-2-0-tdi-190k-4x4-switzerland-7mesta-360-distr
21788881970138301,Skoda,Kodiaq,2022,Diesel,Automatic,150,146900,23199.0,https://www.mobile.bg/obiava-21788881970138301-skoda-kodiaq-ambition-150hp-cam-cplay-digi-navi-led-670q
21789983642742826,Skoda,Kodiaq,2018,Diesel,Automatic,190,148000,23700.0,https://www.mobile.bg/obiava-21789983642742826-skoda-kodiaq-2-0tdi-190ks-7-mest-148-hil-km-s-vkl-dds
21780161975475122,Skoda,Kodiaq,2019,Diesel,Automatic,190,121900,24000.0,https://www.mobile.bg/obiava-21780161975475122-skoda-kodiaq-2-0tdi-190hp-4x4-kozha-pechka
21784216568552071,Skoda,Kodiaq,2021,Diesel,Automatic,150,193456,24900.0,https://www.mobile.bg/obiava-21784216568552071-skoda-kodiaq-2000tdi-sport-line
21783968618024950,Skoda,Kodiaq,2020,Petrol,Automatic,190,159600,24900.0,https://www.mobile.bg/obiava-21783968618024950-skoda-kodiaq-2-0-tsi-4-4
21780228930122807,Skoda,Kodiaq,2019,Diesel,Automatic,190,138000,25000.0,https://www.mobile.bg/obiava-21780228930122807-skoda-kodiaq-2-0-tdi
21776711773824735,Skoda,Kodiaq,2020,Diesel,Automatic,240,133000,25000.0,https://www.mobile.bg/obiava-21776711773824735-skoda-kodiaq-vrs-4x4-240ps-disel
21787302752574667,Skoda,Kodiaq,2020,Diesel,Automatic,190,106559,25499.0,https://www.mobile.bg/obiava-21787302752574667-skoda-kodiaq-koda-kodiaq-2-0-tdi-4x4-dsg-7-mesta-panorama
21777016669217734,Skoda,Kodiaq,2021,Diesel,Automatic,190,177000,25560.0,https://www.mobile.bg/obiava-21777016669217734-skoda-kodiaq-2-0-tdi-190hp-4x4-dsg
21787914501961001,Skoda,Kodiaq,2022,Petrol,Manual,150,107000,22000.0,https://www.mobile.bg/obiava-21787914501961001-skoda-kodiaq-1-5-brc-gazova-6-1-dds-kredit
21786522277364689,Skoda,Kodiaq,2023,Petrol,Manual,150,55000,26500.0,https://www.mobile.bg/obiava-21786522277364689-skoda-kodiaq-1-6
21779788801509245,Skoda,Kodiaq,2019,Petrol,Automatic,190,170948,26900.0,https://www.mobile.bg/obiava-21779788801509245-skoda-kodiaq-l-k
21785320088111495,Skoda,Kodiaq,2022,Diesel,Automatic,150,120900,26990.0,https://www.mobile.bg/obiava-21785320088111495-skoda-kodiaq-2-0-tdi-dsg-mesechna-vnoska-ot-415
21789464493200675,Skoda,Kodiaq,2023,Diesel,Automatic,150,101000,27000.0,https://www.mobile.bg/obiava-21789464493200675-skoda-kodiaq
21784146835029015,Skoda,Kodiaq,2022,Diesel,Automatic,200,122939,27490.0,https://www.mobile.bg/obiava-21784146835029015-skoda-kodiaq-2-0-d
21778568743548326,Skoda,Kodiaq,2021,Diesel,Automatic,197,143000,27500.0,https://www.mobile.bg/obiava-21778568743548326-skoda-kodiaq-2-0-tdi-7dsg-7-mesten-parvi-sobstvenik
21748087939246354,Skoda,Kodiaq,2019,Diesel,Automatic,190,129500,27500.0,https://www.mobile.bg/obiava-21748087939246354-skoda-kodiaq-l-k
21778006826329677,Skoda,Kodiaq,2022,Diesel,Automatic,150,158000,27999.0,https://www.mobile.bg/obiava-21778006826329677-skoda-kodiaq-2-0tdi-panorama-7mesta-alcantara-distr-keyless
21778767891986081,Skoda,Kodiaq,2019,Diesel,Automatic,240,115000,28400.0,https://www.mobile.bg/obiava-21778767891986081-skoda-kodiaq-vrs-2-0-tdi-4x4
21781784566538921,Skoda,Kodiaq,2022,Diesel,Automatic,150,197968,28490.0,https://www.mobile.bg/obiava-21781784566538921-skoda-kodiaq-style-2-0-tdi-dsg
21780326832558100,Skoda,Kodiaq,2022,Diesel,Automatic,150,85000,28500.0,https://www.mobile.bg/obiava-21780326832558100-skoda-kodiaq-vision
21746282832261866,Skoda,Kodiaq,2019,Diesel,Automatic,240,149349,28581.22,https://www.mobile.bg/obiava-21746282832261866-skoda-kodiaq-vrs-2-0-bitdi-240-k-s-7-dsg-4x4
21767599824476670,Skoda,Kodiaq,2021,Diesel,Automatic,200,159147,28800.0,https://www.mobile.bg/obiava-21767599824476670-skoda-kodiaq-k-canton-360kamera-servizna-istoriya
21772368755466817,Skoda,Kodiaq,2022,Diesel,Automatic,150,63000,28900.0,https://www.mobile.bg/obiava-21772368755466817-skoda-kodiaq-2-0-tdi-lizing-garantsiya
21760812361273274,Skoda,Kodiaq,2023,Petrol,Automatic,150,43000,28900.0,https://www.mobile.bg/obiava-21760812361273274-skoda-kodiaq
21786540031038754,Skoda,Kodiaq,2021,Diesel,Automatic,200,132863,29000.0,https://www.mobile.bg/obiava-21786540031038754-skoda-kodiaq-2-0-tdi-7dsg-4x4-6-1-mesta
21788424462626423,Skoda,Kodiaq,2022,Diesel,Automatic,150,80196,29000.0,https://www.mobile.bg/obiava-21788424462626423-skoda-kodiaq-2-0tdi-4x4-7dsg
21788118619764572,Skoda,Kodiaq,2023,Diesel,Automatic,200,167000,29500.0,https://www.mobile.bg/obiava-21788118619764572-skoda-kodiaq-2-0tdi
21786702423927727,Skoda,Kodiaq,2022,Diesel,Automatic,150,79000,29950.0,https://www.mobile.bg/obiava-21786702423927727-skoda-kodiaq-2-0-tdi-6-1-4-po-4-matrix
21780326837638932,Skoda,Kodiaq,2021,Petrol,Automatic,190,74000,30500.0,https://www.mobile.bg/obiava-21780326837638932-skoda-kodiaq-style-2-0-tsi
21784966958796612,Skoda,Kodiaq,2023,Diesel,Automatic,200,193000,30500.0,https://www.mobile.bg/obiava-21784966958796612-skoda-kodiaq
21750323175506914,Skoda,Kodiaq,2021,Diesel,Automatic,200,168731,30626.0,https://www.mobile.bg/obiava-21750323175506914-skoda-kodiaq-2-0-tdi-4x4-dsg-acc-keygo-360-szh-virtualc-icarbg
21778331832322693,Skoda,Kodiaq,2022,Petrol,Automatic,150,70859,31000.0,https://www.mobile.bg/obiava-21778331832322693-skoda-kodiaq-1-5-tsi-7dsg
21786704239797201,Skoda,Kodiaq,2023,Diesel,Automatic,200,63000,26000.0,https://www.mobile.bg/obiava-21786704239797201-skoda-kodiaq-2-0-tdi-sportline-4x4
21782587935548079,Skoda,Kodiaq,2021,Petrol,Automatic,190,86000,31800.0,https://www.mobile.bg/obiava-21782587935548079-skoda-kodiaq-style-2-0-tsi-7dsg-4x4
21774532916416198,Skoda,Kodiaq,2022,Diesel,Automatic,200,154137,31900.0,https://www.mobile.bg/obiava-21774532916416198-skoda-kodiaq-2-0tdi-4h4-face-sportline-acc-keygo-obduhv-digital
21768836835758450,Skoda,Kodiaq,2022,Diesel,Automatic,200,57000,31950.0,https://www.mobile.bg/obiava-21768836835758450-skoda-kodiaq-vision
21790004473734463,Skoda,Kodiaq,2019,Diesel,Automatic,240,55700,32000.0,https://www.mobile.bg/obiava-21790004473734463-skoda-kodiaq-vrs
21789137328092137,Skoda,Kodiaq,2023,Diesel,Automatic,200,83223,32500.0,https://www.mobile.bg/obiava-21789137328092137-skoda-kodiaq-2-0tdi-200k-s-dsg-4x4-style
21754639249059142,Skoda,Kodiaq,2020,Diesel,Automatic,190,129897,32722.68,https://www.mobile.bg/obiava-21754639249059142-skoda-kodiaq-l-k-canton-360kamera-7mesten-danachen-kredit
21790846677727124,Skoda,Kodiaq,2023,Petrol,Automatic,190,72000,32800.0,https://www.mobile.bg/obiava-21790846677727124-skoda-kodiaq-2-0-benzin-190-k-s
11782989320818672,Skoda,Kodiaq,2024,Diesel,Automatic,200,46800,33500.0,https://www.mobile.bg/obiava-11782989320818672-skoda-kodiaq
21779183613284513,Skoda,Kodiaq,2024,Diesel,Automatic,200,70000,33899.0,https://www.mobile.bg/obiava-21779183613284513-skoda-kodiaq-vision-plus-4x4-2-o-tdi-200-k-c-dsg
21773664783882588,Skoda,Kodiaq,2021,Petrol,Automatic,190,78012,35199.0,https://www.mobile.bg/obiava-21773664783882588-skoda-kodiaq-l-k-190-4x4-pano-360-navi-acc-161zpr
21776354096804686,Skoda,Kodiaq,2024,Diesel,Automatic,200,61950,35700.0,https://www.mobile.bg/obiava-21776354096804686-skoda-kodiaq-style-awd
21787961768713065,Skoda,Kodiaq,2022,Petrol,Automatic,245,132200,35900.0,https://www.mobile.bg/obiava-21787961768713065-skoda-kodiaq-rs
21776749500283563,Skoda,Kodiaq,2025,Petrol,Automatic,150,1000,36222.0,https://www.mobile.bg/obiava-21776749500283563-skoda-kodiaq-dsg-selection-7-mesten
21752138780125565,Skoda,Kodiaq,2021,Diesel,Automatic,150,53805,36250.59,https://www.mobile.bg/obiava-21752138780125565-skoda-kodiaq-2-0-tdi-4h4-dsg
21773399254605170,Skoda,Kodiaq,2020,Diesel,Automatic,239,113000,36399.0,https://www.mobile.bg/obiava-21773399254605170-skoda-kodiaq-rs-239hp-4x4-pano-360-led-ambient-155zpr
21786794291207304,Skoda,Kodiaq,2023,Diesel,Automatic,150,27500,37000.0,https://www.mobile.bg/obiava-21786794291207304-skoda-kodiaq-2-0d-4x4-sportline-30-000-km
21788941555730225,Skoda,Kodiaq,2024,Diesel,Automatic,193,149335,37199.0,https://www.mobile.bg/obiava-21788941555730225-skoda-kodiaq-selection-193hp-4x4-pano-360-memo-hud-ahk-671q
21788255382003172,Skoda,Kodiaq,2025,Diesel,Automatic,193,32433,37500.0,https://www.mobile.bg/obiava-21788255382003172-skoda-kodiaq-new-face-2-0-tdi-selection-4x4
21737893014730209,Skoda,Kodiaq,2022,Petrol,Automatic,190,64500,38000.0,https://www.mobile.bg/obiava-21737893014730209-skoda-kodiaq-7-mesta-4h4-s-dds-lizing-2-0-tsi
21790801368176636,Skoda,Kodiaq,2024,Diesel,Automatic,193,36500,39950.0,https://www.mobile.bg/obiava-21790801368176636-skoda-kodiaq-2-0-tdi-4x4-193-kc-matrix
21770389742154063,Skoda,Kodiaq,2025,Petrol,Automatic,150,19900,39960.0,https://www.mobile.bg/obiava-21770389742154063-skoda-kodiaq-tsi-6-1-cam-led-distr-keyless
21779344061983152,Skoda,Kodiaq,2023,Petrol,Automatic,245,29700,41400.0,https://www.mobile.bg/obiava-21779344061983152-skoda-kodiaq-rs
21780050119761362,Skoda,Kodiaq,2025,Diesel,Automatic,150,19000,34980.0,https://www.mobile.bg/obiava-21780050119761362-skoda-kodiaq-2-0-tdi-dsg-camera-led-7-mestna
21766052986586865,Skoda,Kodiaq,2022,Diesel,Automatic,200,88205,36800.0,https://www.mobile.bg/obiava-21766052986586865-skoda-kodiaq-sport-4x4-2-0tdi-dsg-88-hil-km
21789906665104221,Skoda,Kodiaq,2025,Petrol,Automatic,204,12000,44500.0,https://www.mobile.bg/obiava-21789906665104221-skoda-kodiaq-sportline-130-2-0-tsi-204-k-s-4x4
21789315782591979,Skoda,Kodiaq,2025,Diesel,Automatic,193,31300,45950.0,https://www.mobile.bg/obiava-21789315782591979-skoda-kodiaq-edition
21788943130788735,Skoda,Kodiaq,2026,Diesel,Automatic,193,975,46199.0,https://www.mobile.bg/obiava-21788943130788735-skoda-kodiaq-selection-193hp-4x4-dsg-cam-cplay-digi-led-672q
21778668815075759,Skoda,Kodiaq,2025,Diesel,Automatic,193,23000,46800.0,https://www.mobile.bg/obiava-21778668815075759-skoda-kodiaq-2-0tdi-4x4-matrix-hud-distr-keyless-camera
21773659202372624,Skoda,Kodiaq,2025,Diesel,Automatic,150,39,47699.0,https://www.mobile.bg/obiava-21773659202372624-skoda-kodiaq-nov-selection-150hp-pano-360-hud-matrix-158zpr
21778669422185716,Skoda,Kodiaq,2025,Diesel,Automatic,193,26000,47900.0,https://www.mobile.bg/obiava-21778669422185716-skoda-kodiaq-2-0tdi-4x4-pano-matrix-distr-keyless
21750479986220390,Skoda,Kodiaq,2022,Petrol,Automatic,245,28000,48300.0,https://www.mobile.bg/obiava-21750479986220390-skoda-kodiaq-vrs-2-0ts-245-4x4-v-garantsiya-do-2026
21788948387681717,Skoda,Kodiaq,2026,Diesel,Automatic,193,1002,48999.0,https://www.mobile.bg/obiava-21788948387681717-skoda-kodiaq-sportline-193hp-4x4-cam-matrix-memo-ahk-cplay-673q
21778669719924340,Skoda,Kodiaq,2026,Diesel,Manual,193,1000,49300.0,https://www.mobile.bg/obiava-21778669719924340-skoda-kodiaq-2-0tdi-6-1-selection-4x4-distr-keyless
21788952881369163,Skoda,Kodiaq,2026,Hybrid,Automatic,204,4500,49399.0,https://www.mobile.bg/obiava-21788952881369163-skoda-kodiaq-iv-sportline-204hp-4x4-dsg-cam-memo-cplay-674q
21765128467440718,Skoda,Kodiaq,2025,Petrol,Automatic,204,9300,41500.0,https://www.mobile.bg/obiava-21765128467440718-skoda-kodiaq-4x4-2-0-tsi
21780053667381489,Skoda,Kodiaq,2025,Diesel,Automatic,193,20000,41980.0,https://www.mobile.bg/obiava-21780053667381489-skoda-kodiaq-2-0-tdi-4x4-sportline-dsg-head-up-7-mestna
21786295186872415,Skoda,Kodiaq,2025,Diesel,Automatic,193,17360,42000.0,https://www.mobile.bg/obiava-21786295186872415-skoda-kodiaq-2-0-tdi-4x4-sportline-head-up-matrix-7-mesten
21778670074491543,Skoda,Kodiaq,2025,Petrol,Automatic,265,5000,53100.0,https://www.mobile.bg/obiava-21778670074491543-skoda-kodiaq-rs-4x4-distr-keyless-360-cam
21786997360711405,Skoda,Kodiaq,2025,Hybrid,Automatic,204,3500,53900.0,https://www.mobile.bg/obiava-21786997360711405-skoda-kodiaq-sportline-phev-4x4
21778670356047889,Skoda,Kodiaq,2025,Petrol,Automatic,265,9000,54100.0,https://www.mobile.bg/obiava-21778670356047889-skoda-kodiaq-rs-matrix-4x4-cam-distr-keyless
21778670767799054,Skoda,Kodiaq,2025,Petrol,Automatic,265,3700,54100.0,https://www.mobile.bg/obiava-21778670767799054-skoda-kodiaq-rs-4x4-matrix-canton-pano-distr-keyless
21773657759190933,Skoda,Kodiaq,2024,Diesel,Automatic,193,2900,54199.0,https://www.mobile.bg/obiava-21773657759190933-skoda-kodiaq-4x4-193hp-pano-360-mavi-led-157zpr
21786296288466600,Skoda,Kodiaq,2025,Petrol,Automatic,265,14460,46900.0,https://www.mobile.bg/obiava-21786296288466600-skoda-kodiaq-rs-2-0-tsi-4x4-360-cam-head-up-matrix-led
21790705306192259,Skoda,Kodiaq,2025,Petrol,Automatic,265,17500,56609.0,https://www.mobile.bg/obiava-21790705306192259-skoda-kodiaq-vrs
21786296566425051,Skoda,Kodiaq,2026,Petrol,Automatic,265,10,47900.0,https://www.mobile.bg/obiava-21786296566425051-skoda-kodiaq-rs-2-0-tsi-4x4-canton-matrix-led-camera-7-mesten
21786358546996047,Skoda,Kodiaq,2026,Petrol,Automatic,204,200,48800.0,https://www.mobile.bg/obiava-21786358546996047-skoda-kodiaq-sport-line-distr-cam-led-awd
21773663638501698,Skoda,Kodiaq,2025,Petrol,Automatic,265,200,58899.0,https://www.mobile.bg/obiava-21773663638501698-skoda-kodiaq-rs-265hp-4x4-pano-matrix-360-acc-160zpr
21786358820839819,Skoda,Kodiaq,2026,Petrol,Automatic,204,800,49800.0,https://www.mobile.bg/obiava-21786358820839819-skoda-kodiaq-6-1-sport-line-distr-head-up-pano-keyless
21770390407435044,Skoda,Kodiaq,2026,Petrol,Automatic,265,100,63400.0,https://www.mobile.bg/obiava-21770390407435044-skoda-kodiaq-rs-4x4-head-up-pano-distr-360cam-memory-key
21786356836851429,Skoda,Kodiaq,2026,Petrol,Automatic,204,200,59500.0,https://www.mobile.bg/obiava-21786356836851429-skoda-kodiaq-sport-line-awd-distr-canton
11790496086297852,Skoda,Enyaq,2023,Electric,Automatic,204,60316,18999.0,https://www.mobile.bg/obiava-11790496086297852-skoda-enyaq-80-loft
11790682350286784,Skoda,Enyaq,2021,Electric,Automatic,179,189900,19300.0,https://www.mobile.bg/obiava-11790682350286784-skoda-enyaq-60-first-edition-90-soh-matrix-ochakvan-vnos
11766576609215109,Skoda,Enyaq,2022,Electric,Automatic,204,350000,22555.0,https://www.mobile.bg/obiava-11766576609215109-skoda-enyaq
11782308999091534,Skoda,Enyaq,2021,Electric,Automatic,204,189000,23300.0,https://www.mobile.bg/obiava-11782308999091534-skoda-enyaq-iv-80-servizna-istoriya-kozha
11787046449174681,Skoda,Enyaq,2022,Electric,Automatic,204,82447,24900.0,https://www.mobile.bg/obiava-11787046449174681-skoda-enyaq-204k-c-82kw
11789378849914157,Skoda,Enyaq,2021,Electric,Automatic,204,91000,27990.0,https://www.mobile.bg/obiava-11789378849914157-skoda-enyaq-iv80-termopompa-mesechna-vnoska-ot-350
11783675278977231,Skoda,Enyaq,2023,Electric,Automatic,204,101000,25000.0,https://www.mobile.bg/obiava-11783675278977231-skoda-enyaq-iv-80-82-kwh-bateriya-na-98-nalichna
11754287276678193,Skoda,Enyaq,2023,Electric,Automatic,204,97000,33600.0,https://www.mobile.bg/obiava-11754287276678193-skoda-enyaq-80-iv-euratek
11790341354282855,Skoda,Enyaq,2023,Electric,Automatic,204,56163,30000.0,https://www.mobile.bg/obiava-11790341354282855-skoda-enyaq-iv-80
11785590455526541,Skoda,Enyaq,2023,Electric,Automatic,299,37683,42900.0,https://www.mobile.bg/obiava-11785590455526541-skoda-enyaq-nalichna-skoda-enyaq-iv-vrs-coupe-canton-carbon
11784291890045947,Skoda,Enyaq,2021,Electric,Automatic,179,176600,19500.0,https://www.mobile.bg/obiava-11784291890045947-skoda-enyaq-iv60-soh-92-sertifikat-top-sastoyanie
11788353004052725,Skoda,Enyaq,2021,Electric,Automatic,204,169950,19990.0,https://www.mobile.bg/obiava-11788353004052725-skoda-enyaq-iv80-82kwsoh-94-sas-sertifikat
11790692472865185,Skoda,Enyaq,2022,Electric,Automatic,180,151286,21700.0,https://www.mobile.bg/obiava-11790692472865185-skoda-enyaq-sportline-soh-92-4-62kw
11789065736274096,Skoda,Enyaq,2021,Electric,Automatic,204,177778,21800.0,https://www.mobile.bg/obiava-11789065736274096-skoda-enyaq-iv-80-soh-92
11776880887031019,Skoda,Enyaq Coupe,2023,Electric,Automatic,180,161000,23333.0,https://www.mobile.bg/obiava-11776880887031019-skoda-enyaq-coupe-iv-60-s-dds
11784957237666098,Skoda,Enyaq,2021,Electric,Automatic,180,129000,19800.0,https://www.mobile.bg/obiava-11784957237666098-skoda-enyaq-iv-60
11787983868451168,Skoda,Enyaq,2021,Electric,Automatic,204,165000,23800.0,https://www.mobile.bg/obiava-11787983868451168-skoda-enyaq-iv-80
11787042132432841,Skoda,Enyaq,2022,Electric,Automatic,265,154535,23900.0,https://www.mobile.bg/obiava-11787042132432841-skoda-enyaq-80x-265k-c-4x4
11789581636038848,Skoda,Enyaq,2022,Electric,Automatic,204,191000,24500.0,https://www.mobile.bg/obiava-11789581636038848-skoda-enyaq-iv80-headup-display-panorama-termopompa
11790188431754194,Skoda,Enyaq,2021,Electric,Automatic,180,113000,25000.0,https://www.mobile.bg/obiava-11790188431754194-skoda-enyaq-panorama
11777384828092565,Skoda,Enyaq Coupe,2022,Electric,Automatic,150,57000,26000.0,https://www.mobile.bg/obiava-11777384828092565-skoda-enyaq-coupe-60-louft-pano-kam
11779539217786345,Skoda,Enyaq Coupe,2023,Electric,Automatic,180,53400,26500.0,https://www.mobile.bg/obiava-11779539217786345-skoda-enyaq-coupe-sport-line
11775225845542859,Skoda,Enyaq,2021,Electric,Automatic,179,84800,27199.0,https://www.mobile.bg/obiava-11775225845542859-skoda-enyaq-sportline-179hp-acc-hud-led-navi-cam-265z
11789729410189491,Skoda,Enyaq Coupe,2023,Electric,Automatic,204,82399,30795.0,https://www.mobile.bg/obiava-11789729410189491-skoda-enyaq-coupe-82kwh-leather-navi
11707398416667249,Skoda,Enyaq,2021,Electric,Automatic,204,90000,31500.0,https://www.mobile.bg/obiava-11707398416667249-skoda-enyaq-iv-80
11734004042300743,Skoda,Enyaq,2022,Electric,Automatic,179,39000,31597.84,https://www.mobile.bg/obiava-11734004042300743-skoda-enyaq-sport-line
11787147179590826,Skoda,Enyaq,2021,Electric,Automatic,178,58452,33600.0,https://www.mobile.bg/obiava-11787147179590826-skoda-enyaq-iv-60
11789672576564766,Skoda,Enyaq,2025,Electric,Automatic,286,50000,33900.0,https://www.mobile.bg/obiava-11789672576564766-skoda-enyaq-85-loft-82kwh-286kc-full
11738855256137454,Skoda,Enyaq,2022,Electric,Automatic,204,12000,34512.2,https://www.mobile.bg/obiava-11738855256137454-skoda-enyaq-80iv-204ks-2022-g
11759949231630635,Skoda,Enyaq,2023,Electric,Automatic,265,48200,34900.0,https://www.mobile.bg/obiava-11759949231630635-skoda-enyaq-4x4-265k-s
11788732498519476,Skoda,Enyaq,2023,Electric,Automatic,299,136400,36500.0,https://www.mobile.bg/obiava-11788732498519476-skoda-enyaq-vrs-coupe-winter-pack
11784652226799713,Skoda,Enyaq,2023,Electric,Automatic,300,116000,37777.0,https://www.mobile.bg/obiava-11784652226799713-skoda-enyaq-vrs-4x4
11776355799702589,Skoda,Enyaq,2023,Electric,Automatic,299,29460,34500.0,https://www.mobile.bg/obiava-11776355799702589-skoda-enyaq-iv-rs-coupe-camera-matrix
11776750055694961,Skoda,Enyaq,2025,Electric,Automatic,286,15000,42333.0,https://www.mobile.bg/obiava-11776750055694961-skoda-enyaq-85-coupe-pano-matrix-acc-termop
11785144700941203,Skoda,Enyaq Coupe,2024,Electric,Automatic,340,30413,42460.0,https://www.mobile.bg/obiava-11785144700941203-skoda-enyaq-coupe-rs-distr-matrix-hud-pano-winter-package
11763578575635758,Skoda,Enyaq,2023,Electric,Automatic,299,32390,36500.0,https://www.mobile.bg/obiava-11763578575635758-skoda-enyaq-iv-rs-coupe-lounge-panorama-camera-matrix
11756500322023542,Skoda,Enyaq,2023,Electric,Automatic,299,20300,37800.0,https://www.mobile.bg/obiava-11756500322023542-skoda-enyaq-iv-rs-coupe-canton-carbon-matrix-head-up-pano
11781523527488134,Skoda,Enyaq,2026,Electric,Automatic,340,14900,49470.0,https://www.mobile.bg/obiava-11781523527488134-skoda-enyaq-rs-coupe-facelift-matrix-360-distr-hud-pano-w-p
11707216003335509,Skoda,Enyaq,2023,Electric,Automatic,299,20000,42334.97,https://www.mobile.bg/obiava-11707216003335509-skoda-enyaq-skoda-enyaq-coupe-vrs-82kwh-pano-canton-head
11775296527862754,Skoda,Enyaq Coupe,2025,Electric,Automatic,340,13711,51399.0,https://www.mobile.bg/obiava-11775296527862754-skoda-enyaq-coupe-340hp-rs-4x4-massage-pano-360-hud-memo-120q
11769025503008272,Skoda,Enyaq,2025,Electric,Automatic,340,10,44900.0,https://www.mobile.bg/obiava-11769025503008272-skoda-enyaq-rs-84kwh-awd-canton-head-up-matrix
11763495129796433,Skoda,Enyaq,2025,Electric,Automatic,340,500,49900.0,https://www.mobile.bg/obiava-11763495129796433-skoda-enyaq-iv-rs-4x4-canton-head-up-360-camera-keyless
21780392662727247,Skoda,Elroq,2025,Electric,Automatic,170,11500,29989.0,https://www.mobile.bg/obiava-21780392662727247-skoda-elroq-50-tour-seat-and-steering-wheel-heating
21786912790824124,Skoda,Elroq,2025,Electric,Automatic,286,9870,38990.0,https://www.mobile.bg/obiava-21786912790824124-skoda-elroq-85-nalichen-matrix-dist-winter-pack-keyless
21778142284636978,Skoda,Elroq,2025,Electric,Automatic,286,16680,41980.0,https://www.mobile.bg/obiava-21778142284636978-skoda-elroq-85-lodge-matrix-dist-360-hud-winter-pack-keyless
21777288844957016,Skoda,Elroq,2025,Electric,Automatic,340,15500,45980.0,https://www.mobile.bg/obiava-21777288844957016-skoda-elroq-rs-maxx-130y-anniversary-special-skoda-plus
21790269637913943,Skoda,Elroq,2025,Electric,Automatic,340,13000,44900.0,https://www.mobile.bg/obiava-21790269637913943-skoda-elroq-rs-awd-head-up-matrix-360-camera-front-assist
11790057082553311,Skoda,Felicia,2001,Petrol,Manual,60,178000,1300.0,https://www.mobile.bg/obiava-11790057082553311-skoda-felicia
11786638356359271,Skoda,Felicia,1999,Petrol,Manual,50,350000,2000.0,https://www.mobile.bg/obiava-11786638356359271-skoda-felicia-1-3
11785593617389233,Skoda,Felicia,1995,Petrol,Manual,67,107000,2550.0,https://www.mobile.bg/obiava-11785593617389233-skoda-felicia-kombi-1-3-benzin
11780981846342833,Skoda,Praktik,2012,Petrol,Manual,70,150000,3200.0,https://www.mobile.bg/obiava-11780981846342833-skoda-praktik-klimatik-euro-5
11769154758555270,Skoda,Praktik,2007,Diesel,Manual,90,300000,1300.0,https://www.mobile.bg/obiava-11769154758555270-skoda-praktik
11716887278976497,Skoda,Praktik,2012,Petrol,Manual,69,182000,1500.0,https://www.mobile.bg/obiava-11716887278976497-skoda-praktik-1-2-69k-s
11785049068995926,Skoda,Praktik,2009,Petrol,Manual,68,240000,1800.0,https://www.mobile.bg/obiava-11785049068995926-skoda-praktik-n1
11762342563143035,Skoda,Forman,1995,Petrol,Manual,60,250000,950.0,https://www.mobile.bg/obiava-11762342563143035-skoda-forman-pick-up-lx-gaz-lpg
11787857250683454,Skoda,105,1984,Petrol,Manual,36,80000,500.0,https://www.mobile.bg/obiava-11787857250683454-skoda-105
11678387768737631,Skoda,120,1981,Petrol,Manual,52,136000,1000.0,https://www.mobile.bg/obiava-11678387768737631-skoda-120-l
11776271850481161,Skoda,100,1972,Petrol,Manual,50,95666,550.0,https://www.mobile.bg/obiava-11776271850481161-skoda-100-s
11789972634599668,Skoda,100,2002,Diesel,Manual,90,253000,2000.0,https://www.mobile.bg/obiava-11789972634599668-skoda-100
11790867701702683,Skoda,Fabia,2011,Diesel,Manual,75,200000,3200.0,https://www.mobile.bg/obiava-11790867701702683-skoda-fabia-1-6tdi
11783608626740626,Skoda,Octavia,2022,Petrol,Automatic,131,249000,17999.0,https://www.mobile.bg/obiava-11783608626740626-skoda-octavia-1-4-tgi-metan-benzin
11773772891182004,Skoda,Octavia,2023,Diesel,Manual,150,170000,17999.0,https://www.mobile.bg/obiava-11773772891182004-skoda-octavia-matrix-digital-distr-full-assist-headup-keyless
